/*
 * Boot screen, 240x135, Color R5G6B5.
 *
 * The stock boot image with its logo and prompts moved right to make
 * room for the mascot at the panel's full height. Composed as one
 * bitmap rather than assembled on the device, so the firmware pushes
 * a single image the way it always did.
 *
 * The mascot is from the serial analyser firmware written for a
 * reflashed FNRSI DSO-152.
 */
#pragma once

#include <stdint.h>

static const uint16_t image_data_boot[32400] = {
    0x1084, 0x1084, 0x1084, 0x1084, 0x1084, 0x1084, 0x1084, 0x1084, 0x1084, 0x1084, 0x1084, 0x1084,
    0x1084, 0x1084, 0x1084, 0x1084, 0x1084, 0x1084, 0x1084, 0x1084, 0x1084, 0x1084, 0x1084, 0x1084,
    0x1084, 0x1084, 0x1084, 0x1084, 0x1084, 0x3084, 0x508C, 0x3084, 0x3084, 0x1084, 0x1084, 0x3184,
    0x3184, 0x3184, 0x3084, 0x1084, 0xF07B, 0x1084, 0x1084, 0x1084, 0xCF7B, 0xAE73, 0x1084, 0x1084,
    0x3084, 0x518C, 0x1084, 0x1084, 0x1084, 0x518C, 0x3084, 0x3084, 0x508C, 0x518C, 0x7194, 0x308C,
    0x0F84, 0x0F84, 0x1084, 0x3084, 0x1084, 0xEF7B, 0x0F84, 0x0F84, 0x718C, 0x3084, 0x0F84, 0x0F84,
    0x1084, 0x718C, 0x718C, 0x308C, 0x508C, 0x7194, 0x508C, 0x508C, 0x3084, 0x0F84, 0x1084, 0x3084,
    0x718C, 0x518C, 0x3084, 0x308C, 0x1084, 0x0F84, 0x0F84, 0xEF7B, 0xEF7B, 0xEF7B, 0xEF7B, 0x1084,
    0x1084, 0x1084, 0x1084, 0x1084, 0x1084, 0x1084, 0x1084, 0x1084, 0x1084, 0x1084, 0x1084, 0x1084,
    0x1084, 0x1084, 0x1084, 0x1084, 0x1084, 0x1084, 0x1084, 0x1084, 0x1084, 0x1084, 0x1084, 0x1084,
    0x1084, 0x1084, 0x1084, 0x1084, 0x1084, 0x1084, 0x1084, 0x1084, 0x1084, 0x1084, 0x1084, 0x1084,
    0x1084, 0x1084, 0x1084, 0x1084, 0x1084, 0x1084, 0x1084, 0x1084, 0x1084, 0x1084, 0x1084, 0x1084,
    0x1084, 0x1084, 0x1084, 0x1084, 0x1084, 0x1084, 0x1084, 0x1084, 0x1084, 0x1084, 0x1084, 0x1084,
    0x1084, 0x1084, 0x1084, 0x1084, 0x1084, 0x1084, 0x1084, 0x1084, 0x1084, 0x1084, 0x1084, 0x1084,
    0x1084, 0x1084, 0x1084, 0x1084, 0x1084, 0x1084, 0x1084, 0x1084, 0x1084, 0x1084, 0x1084, 0x1084,
    0x1084, 0x1084, 0x1084, 0x1084, 0x1084, 0x1084, 0x1084, 0x1084, 0x1084, 0x1084, 0x1084, 0x1084,
    0x1084, 0x1084, 0x1084, 0x1084, 0x1084, 0x1084, 0x1084, 0x1084, 0x1084, 0x1084, 0x1084, 0x1084,
    0x1084, 0x1084, 0x1084, 0x1084, 0x1084, 0x1084, 0x1084, 0x1084, 0x1084, 0x1084, 0x1084, 0x1084,
    0x1084, 0x1084, 0x1084, 0x1084, 0x1084, 0x1084, 0x1084, 0x1084, 0x1084, 0x1084, 0x1084, 0x1084,
    0x1084, 0x1084, 0x1084, 0x1084, 0x1084, 0x1084, 0x1084, 0x1084, 0x1084, 0x1084, 0x1084, 0x1084,
    0x1084, 0x1084, 0x1084, 0x1084, 0x1084, 0x1084, 0x1084, 0x1084, 0x1084, 0x1084, 0x1084, 0x1084,
    0x1084, 0x1084, 0x1084, 0x1084, 0x1084, 0x1084, 0x1084, 0x1084, 0x1084, 0x1084, 0x1084, 0x1084,
    0x1084, 0x1084, 0x1084, 0x1084, 0x508C, 0x3184, 0x1084, 0xEF7B, 0x0E84, 0x4E8C, 0x2E8C, 0x0D84,
    0x2E84, 0x2F8C, 0x4F8C, 0x4F8C, 0x4F8C, 0x2F8C, 0x2F84, 0x2F84, 0x2F84, 0x0F84, 0x0F84, 0x1084,
    0x1084, 0x1084, 0xEF7B, 0xCF73, 0xAF73, 0xAF73, 0xCF7B, 0x1084, 0x1084, 0x1084, 0x1084, 0x1084,
    0x1084, 0x1084, 0x1084, 0x1084, 0x1084, 0x1084, 0x1084, 0x1084, 0x1084, 0x1084, 0x1084, 0x1084,
    0x1084, 0x1084, 0x1084, 0x1084, 0x1084, 0x1084, 0x1084, 0x1084, 0x1084, 0x1084, 0x1084, 0x1084,
    0x1084, 0x1084, 0xF07B, 0xF07B, 0x1084, 0x1084, 0x1084, 0xF07B, 0x0F84, 0xCF7B, 0xEF7B, 0x3084,
    0x1084, 0x1084, 0x1084, 0x1084, 0x1084, 0x1084, 0x1084, 0x1084, 0x1084, 0x1084, 0x1084, 0x1084,
    0x1084, 0x1084, 0x1084, 0x1084, 0x1084, 0x1084, 0x1084, 0x1084, 0x1084, 0x1084, 0x1084, 0x1084,
    0x1084, 0x1084, 0x1084, 0x1084, 0x1084, 0x1084, 0x1084, 0x1084, 0x1084, 0x1084, 0x1084, 0x1084,
    0x1084, 0x1084, 0x1084, 0x1084, 0x1084, 0x1084, 0x1084, 0x1084, 0x1084, 0x1084, 0x1084, 0x1084,
    0x1084, 0x1084, 0x1084, 0x1084, 0x1084, 0x1084, 0x1084, 0x1084, 0x1084, 0x1084, 0x1084, 0x1084,
    0x1084, 0x1084, 0x1084, 0x1084, 0x1084, 0x1084, 0x1084, 0x1084, 0x1084, 0x1084, 0x1084, 0x1084,
    0x1084, 0x1084, 0x1084, 0x1084, 0x1084, 0x1084, 0x1084, 0x1084, 0x1084, 0x1084, 0x1084, 0x1084,
    0x1084, 0x1084, 0x1084, 0x1084, 0x1084, 0x1084, 0x1084, 0x1084, 0x1084, 0x1084, 0x1084, 0x1084,
    0x1084, 0x1084, 0x1084, 0x1084, 0x1084, 0x1084, 0x1084, 0x1084, 0x1084, 0x1084, 0x1084, 0x1084,
    0x1084, 0x1084, 0x1084, 0x1084, 0x1084, 0x1084, 0x1084, 0x1084, 0x1084, 0x1084, 0x1084, 0x1084,
    0x1084, 0x1084, 0x1084, 0x1084, 0x1084, 0x1084, 0x1084, 0x1084, 0x1084, 0x1084, 0x1084, 0x1084,
    0x1084, 0x1084, 0x1084, 0x1084, 0x1084, 0x1084, 0x1084, 0x1084, 0x1084, 0x1084, 0x1084, 0x1084,
    0x1084, 0x1084, 0x1084, 0x1084, 0x1084, 0x1084, 0x1084, 0x1084, 0x1084, 0x1084, 0x1084, 0x1084,
    0x1084, 0x1084, 0x1084, 0x1084, 0x1084, 0x1084, 0x1084, 0x1084, 0x1084, 0x1084, 0x1084, 0x1084,
    0x1084, 0xEF7B, 0x1084, 0x1084, 0xF07B, 0xEE7B, 0x4BBD, 0xE8DD, 0x46EE, 0x66F6, 0x46F6, 0x46EE,
    0x26EE, 0x27EE, 0x47EE, 0x27EE, 0x27EE, 0x27EE, 0x27E6, 0x07E6, 0x07E6, 0xE6E5, 0x07DE, 0x08E6,
    0x07E6, 0x07E6, 0xE7DD, 0xA7D5, 0xA6D5, 0xA7D5, 0xA7D5, 0xC8D5, 0xE9D5, 0xE9DD, 0xE9D5, 0xC9D5,
    0xA9D5, 0xA9CD, 0x89CD, 0x89CD, 0x68C5, 0xAACD, 0xAACD, 0xAACD, 0xAACD, 0x89CD, 0x69C5, 0x69C5,
    0x49BD, 0x29B5, 0x29B5, 0x4CBD, 0x4CBD, 0x4BBD, 0x4CBD, 0x2BB5, 0x0BB5, 0xEBAC, 0x0BAD, 0x0BAD,
    0xEBAC, 0xEBAC, 0xECAC, 0xCBAC, 0xACA4, 0x8C9C, 0xCDA4, 0x2E8C, 0x1084, 0x1084, 0x1084, 0x1084,
    0xF07B, 0x3084, 0x3084, 0x1084, 0x1084, 0x1084, 0x1084, 0x1084, 0x1084, 0x1084, 0x1084, 0x1084,
    0x1084, 0x1084, 0x1084, 0x1084, 0x1084, 0x1084, 0x1084, 0x1084, 0x1084, 0x1084, 0x1084, 0x1084,
    0x1084, 0x1084, 0x1084, 0x1084, 0x1084, 0x1084, 0x1084, 0x1084, 0x1084, 0x1084, 0x1084, 0x1084,
    0x1084, 0x1084, 0x1084, 0x1084, 0x1084, 0x1084, 0x1084, 0x1084, 0x1084, 0x1084, 0x1084, 0x1084,
    0x1084, 0x1084, 0x1084, 0x1084, 0x1084, 0x1084, 0x1084, 0x1084, 0x1084, 0x1084, 0x1084, 0x1084,
    0x1084, 0x1084, 0x1084, 0x1084, 0x1084, 0x1084, 0x1084, 0x1084, 0x1084, 0x1084, 0x1084, 0x1084,
    0x1084, 0x1084, 0x1084, 0x1084, 0x1084, 0x1084, 0x1084, 0x1084, 0x1084, 0x1084, 0x1084, 0x1084,
    0x1084, 0x1084, 0x1084, 0x1084, 0x1084, 0x1084, 0x1084, 0x1084, 0x1084, 0x1084, 0x1084, 0x1084,
    0x1084, 0x1084, 0x1084, 0x1084, 0x1084, 0x1084, 0x1084, 0x1084, 0x1084, 0x1084, 0x1084, 0x1084,
    0x1084, 0x1084, 0x1084, 0x1084, 0x1084, 0x1084, 0x1084, 0x1084, 0x1084, 0x1084, 0x1084, 0x1084,
    0x1084, 0x1084, 0x1084, 0x1084, 0x1084, 0x1084, 0x1084, 0x1084, 0x1084, 0x1084, 0x1084, 0x1084,
    0x1084, 0x1084, 0x1084, 0x1084, 0x1084, 0x1084, 0x1084, 0x1084, 0x1084, 0x1084, 0x1084, 0x1084,
    0x1084, 0x1084, 0x1084, 0x1084, 0x1084, 0x1084, 0x1084, 0x1084, 0x1084, 0x1084, 0x1084, 0x1084,
    0x1084, 0x1084, 0x1084, 0x1084, 0x1084, 0x1084, 0x1084, 0x1084, 0x1084, 0x1084, 0x1084, 0x1084,
    0x1084, 0x1084, 0x1084, 0x1084, 0x4F8C, 0x08DE, 0xC6FE, 0x85FE, 0x27EE, 0x07E6, 0x07E6, 0x07E6,
    0x27E6, 0x27EE, 0x27EE, 0x26EE, 0x26EE, 0x26EE, 0x46EE, 0x46EE, 0x46EE, 0x46EE, 0x46EE, 0x46F6,
    0x46F6, 0x46F6, 0x66F6, 0x66F6, 0x66F6, 0x66F6, 0x66F6, 0x86F6, 0x66F6, 0x86FE, 0x86FE, 0x86FE,
    0x86FE, 0x86FE, 0x86FE, 0x85FE, 0x85FE, 0xA5FE, 0xA5FE, 0xA5FE, 0xA5FE, 0x85FE, 0xA5FE, 0xA5FE,
    0xA5FE, 0xA5FE, 0xA5FE, 0xC5FE, 0xC5FE, 0xA5FE, 0xA5FE, 0xC5FE, 0xA5FE, 0xA5FE, 0xA5FE, 0xC5FE,
    0xC5FE, 0xC5FE, 0xC5FE, 0xC5FE, 0xC5FE, 0xA5FE, 0x85FE, 0x46EE, 0x6AC5, 0x0F84, 0x1084, 0x8D9C,
    0x8D94, 0xF07B, 0x1084, 0x1084, 0x308C, 0x1084, 0x1084, 0x1084, 0x1084, 0x1084, 0x1084, 0x1084,
    0x1084, 0x1084, 0x1084, 0x1084, 0x1084, 0x1084, 0x1084, 0x1084, 0x1084, 0x1084, 0x1084, 0x1084,
    0x1084, 0x1084, 0x1084, 0x1084, 0x1084, 0x1084, 0x1084, 0x1084, 0x1084, 0x1084, 0x1084, 0x1084,
    0x1084, 0x1084, 0x1084, 0x1084, 0x1084, 0x1084, 0x1084, 0x1084, 0x1084, 0x1084, 0x1084, 0x1084,
    0x1084, 0x1084, 0x1084, 0x1084, 0x1084, 0x1084, 0x1084, 0x1084, 0x1084, 0x1084, 0x1084, 0x1084,
    0x1084, 0x1084, 0x1084, 0x1084, 0x1084, 0x1084, 0x1084, 0x1084, 0x1084, 0x1084, 0x1084, 0x1084,
    0x1084, 0x1084, 0x1084, 0x1084, 0x1084, 0x1084, 0x1084, 0x1084, 0x1084, 0x1084, 0x1084, 0x1084,
    0x1084, 0x1084, 0x1084, 0x1084, 0x1084, 0x1084, 0x1084, 0x1084, 0x1084, 0x1084, 0x1084, 0x1084,
    0x1084, 0x1084, 0x1084, 0x1084, 0x1084, 0x1084, 0x1084, 0x1084, 0x1084, 0x1084, 0x1084, 0x1084,
    0x1084, 0x1084, 0x1084, 0x1084, 0x1084, 0x1084, 0x1084, 0x1084, 0x1084, 0x1084, 0x1084, 0x1084,
    0x1084, 0x1084, 0x1084, 0x1084, 0x1084, 0x1084, 0x1084, 0x1084, 0x1084, 0x1084, 0x1084, 0x1084,
    0x1084, 0x1084, 0x1084, 0x1084, 0x1084, 0x1084, 0x1084, 0x1084, 0x1084, 0x1084, 0x1084, 0x1084,
    0x1084, 0x1084, 0x1084, 0x1084, 0x1084, 0x1084, 0x1084, 0x1084, 0x1084, 0x1084, 0x1084, 0x1084,
    0x1084, 0x1084, 0x1084, 0x1084, 0x1084, 0x1084, 0x1084, 0x1084, 0x1084, 0x1084, 0x1084, 0x1084,
    0x1084, 0x1084, 0x1084, 0xEF7B, 0xC9D5, 0xA6FE, 0x07E6, 0x4EBD, 0xF2A4, 0xD29C, 0xD29C, 0xF29C,
    0xF29C, 0xF29C, 0xD19C, 0xD19C, 0xF1A4, 0xF1A4, 0xF19C, 0xD19C, 0xD19C, 0xF1A4, 0xF1A4, 0xF1A4,
    0xF1A4, 0xF1A4, 0xF1A4, 0xF1A4, 0xF1A4, 0xF1A4, 0xF1A4, 0xF1A4, 0xF1A4, 0xF1A4, 0x11A5, 0x11A5,
    0x11A5, 0x10A5, 0x10AD, 0x10AD, 0x10AD, 0x10AD, 0x0FAD, 0x0FAD, 0x0FAD, 0x0FAD, 0x2FAD, 0x0FAD,
    0x0EAD, 0x0EAD, 0x2FAD, 0x2FB5, 0x2EB5, 0x2EB5, 0x2EB5, 0x2EB5, 0x2EB5, 0x2EB5, 0x2EB5, 0x4EB5,
    0x4EB5, 0x4DBD, 0x4DBD, 0x4DBD, 0x6CBD, 0x6CC5, 0xC9D5, 0x25EE, 0xC6FE, 0xA8D5, 0x0F84, 0x8D9C,
    0x66F6, 0xC7DD, 0x4ABD, 0x6D94, 0x1084, 0x1084, 0x1084, 0x1084, 0x1084, 0x1084, 0x1084, 0x1084,
    0x1084, 0x1084, 0x1084, 0x1084, 0x1084, 0x1084, 0x1084, 0x1084, 0x1084, 0x1084, 0x1084, 0x1084,
    0x1084, 0x1084, 0x1084, 0x1084, 0x1084, 0x1084, 0x1084, 0x1084, 0x1084, 0x1084, 0x1084, 0x1084,
    0x1084, 0x1084, 0x1084, 0x1084, 0x1084, 0x1084, 0x1084, 0x1084, 0x1084, 0x1084, 0x1084, 0x1084,
    0x1084, 0x1084, 0x1084, 0x1084, 0x1084, 0x1084, 0x1084, 0x1084, 0x1084, 0x1084, 0x1084, 0x1084,
    0x1084, 0x1084, 0x1084, 0x1084, 0x1084, 0x1084, 0x1084, 0x1084, 0x1084, 0x1084, 0x1084, 0x1084,
    0x1084, 0x1084, 0x1084, 0x1084, 0x1084, 0x1084, 0x1084, 0x1084, 0x1084, 0x1084, 0x1084, 0x1084,
    0x1084, 0x1084, 0x1084, 0x1084, 0x1084, 0x1084, 0x1084, 0x1084, 0x1084, 0x1084, 0x1084, 0x1084,
    0x1084, 0x1084, 0x1084, 0x1084, 0x1084, 0x1084, 0x1084, 0x1084, 0x1084, 0x1084, 0x1084, 0x1084,
    0x1084, 0x1084, 0x1084, 0x1084, 0x1084, 0x1084, 0x1084, 0x1084, 0x1084, 0x1084, 0x1084, 0x1084,
    0x1084, 0x1084, 0x1084, 0x1084, 0x1084, 0x1084, 0x1084, 0x1084, 0x1084, 0x1084, 0x1084, 0x1084,
    0x1084, 0x1084, 0x1084, 0x1084, 0x1084, 0x1084, 0x1084, 0x1084, 0x1084, 0x1084, 0x1084, 0x1084,
    0x1084, 0x1084, 0x1084, 0x1084, 0x1084, 0x1084, 0x1084, 0x1084, 0x1084, 0x1084, 0x1084, 0x1084,
    0x1084, 0x1084, 0x1084, 0x1084, 0x1084, 0x1084, 0x1084, 0x1084, 0x1084, 0x1084, 0x1084, 0xEF7B,
    0x1084, 0x3084, 0x1084, 0x6D94, 0x87FE, 0x26EE, 0x30AD, 0xB494, 0xD39C, 0xD29C, 0xD39C, 0xD39C,
    0xD39C, 0xD39C, 0x14A5, 0x14A5, 0xF39C, 0xF39C, 0xF3A4, 0x34A5, 0x14A5, 0xD39C, 0xD39C, 0xD39C,
    0xD39C, 0xD39C, 0xD39C, 0xD39C, 0xD39C, 0xD39C, 0xD39C, 0xD39C, 0xD39C, 0xD39C, 0xD39C, 0xD39C,
    0xD39C, 0xD39C, 0xD39C, 0xD39C, 0xD39C, 0xD39C, 0x14A5, 0x14A5, 0xF49C, 0xB394, 0xB394, 0xD49C,
    0x14A5, 0x149D, 0xB394, 0xB394, 0xD394, 0xB394, 0xD394, 0xD394, 0xD394, 0xD394, 0xB394, 0xB394,
    0xB394, 0xD394, 0xB394, 0xD394, 0xD394, 0xB394, 0xB394, 0x2FB5, 0x06E6, 0xC6FE, 0x0BAD, 0x1084,
    0xA7D5, 0x85FE, 0x65F6, 0x66F6, 0x6AC5, 0x1084, 0x1084, 0x3084, 0x1084, 0x1084, 0x1084, 0x1084,
    0x1084, 0x1084, 0x1084, 0x1084, 0x1084, 0x1084, 0x1084, 0x1084, 0x1084, 0x1084, 0x1084, 0x1084,
    0x1084, 0x1084, 0x1084, 0x1084, 0x1084, 0x1084, 0x1084, 0x1084, 0x1084, 0x1084, 0x1084, 0x1084,
    0x1084, 0x1084, 0x1084, 0x1084, 0x1084, 0x1084, 0x1084, 0x1084, 0x1084, 0x1084, 0x1084, 0x1084,
    0x1084, 0x1084, 0x1084, 0x1084, 0x1084, 0x1084, 0x1084, 0x1084, 0x1084, 0x1084, 0x1084, 0x1084,
    0x1084, 0x1084, 0x1084, 0x1084, 0x1084, 0x1084, 0x1084, 0x1084, 0x1084, 0x1084, 0x1084, 0x1084,
    0x1084, 0x1084, 0x1084, 0x1084, 0x1084, 0x1084, 0x1084, 0x1084, 0x1084, 0x1084, 0x1084, 0x1084,
    0x1084, 0x1084, 0x1084, 0x1084, 0x1084, 0x1084, 0x1084, 0x1084, 0x1084, 0x1084, 0x1084, 0x1084,
    0x1084, 0x1084, 0x1084, 0x1084, 0x1084, 0x1084, 0x1084, 0x1084, 0x1084, 0x1084, 0x1084, 0x1084,
    0x1084, 0x1084, 0x1084, 0x1084, 0x1084, 0x1084, 0x1084, 0x1084, 0x1084, 0x1084, 0x1084, 0x1084,
    0x1084, 0x1084, 0x1084, 0x1084, 0x1084, 0x1084, 0x1084, 0x1084, 0x1084, 0x1084, 0x1084, 0x1084,
    0x1084, 0x1084, 0x1084, 0x1084, 0x1084, 0x1084, 0x1084, 0x1084, 0x1084, 0x1084, 0x1084, 0x1084,
    0x1084, 0x1084, 0x1084, 0x1084, 0x1084, 0x1084, 0x1084, 0x1084, 0x1084, 0x1084, 0x1084, 0x1084,
    0x1084, 0x1084, 0x1084, 0x1084, 0x1084, 0x1084, 0x1084, 0x1084, 0x1084, 0x1084, 0x1084, 0x1084,
    0x1084, 0x0F84, 0x1084, 0x0BB5, 0xC6FE, 0xAAD5, 0xB394, 0xF29C, 0xD29C, 0xD29C, 0xD39C, 0xD29C,
    0xF3A4, 0xF39C, 0x8D73, 0x484A, 0xA631, 0x8531, 0xC639, 0x694A, 0xCE7B, 0x13A5, 0x13A5, 0xD29C,
    0xF39C, 0xD29C, 0xD29C, 0xF39C, 0xF39C, 0xF39C, 0xF39C, 0xD39C, 0xF39C, 0xD29C, 0xD29C, 0xF29C,
    0xD29C, 0xD29C, 0xF29C, 0xD29C, 0x33A5, 0xF39C, 0xAD73, 0x484A, 0xA531, 0x4429, 0x4429, 0xA531,
    0x694A, 0xCE7B, 0x13A5, 0x13A5, 0xD29C, 0xF29C, 0xD29C, 0xF29C, 0xD29C, 0xD29C, 0xD29C, 0xF29C,
    0xD29C, 0xD29C, 0xD29C, 0xD29C, 0xF29C, 0xD29C, 0xD29C, 0xB494, 0x6CC5, 0x84FE, 0xA8CD, 0x1084,
    0x4ABD, 0x85FE, 0x05E6, 0x05E6, 0xA6FE, 0x4ABD, 0xF07B, 0x3084, 0x1084, 0x1084, 0x1084, 0x1084,
    0x1084, 0x1084, 0x1084, 0x1084, 0x1084, 0x1084, 0x1084, 0x1084, 0x1084, 0x1084, 0x1084, 0x1084,
    0x1084, 0x1084, 0x1084, 0x1084, 0x1084, 0x1084, 0x1084, 0x1084, 0x1084, 0x1084, 0x1084, 0x1084,
    0x1084, 0x1084, 0x1084, 0x1084, 0x1084, 0x1084, 0x1084, 0x1084, 0x1084, 0x1084, 0x1084, 0x1084,
    0x1084, 0x1084, 0x1084, 0x1084, 0x1084, 0x1084, 0x1084, 0x1084, 0x1084, 0x1084, 0x1084, 0x1084,
    0x1084, 0x1084, 0x1084, 0x1084, 0x1084, 0x1084, 0x1084, 0x1084, 0x1084, 0x1084, 0x1084, 0x1084,
    0x1084, 0x1084, 0x1084, 0x1084, 0x1084, 0x1084, 0x2C63, 0x6D6B, 0x1084, 0x1084, 0x1084, 0x1084,
    0x1084, 0x1084, 0x1084, 0x1084, 0x2C63, 0x2C63, 0x1084, 0x1084, 0x1084, 0x1084, 0x1084, 0x1084,
    0x1084, 0x1084, 0x1084, 0x1084, 0x1084, 0x1084, 0x1084, 0x1084, 0x1084, 0x1084, 0x1084, 0x1084,
    0x1084, 0x1084, 0x1084, 0x1084, 0x1084, 0x1084, 0x1084, 0x1084, 0x1084, 0x1084, 0x1084, 0x1084,
    0x1084, 0x1084, 0x1084, 0x1084, 0x1084, 0x1084, 0x1084, 0x1084, 0x1084, 0x1084, 0x1084, 0x1084,
    0x1084, 0x1084, 0x1084, 0x1084, 0x1084, 0x1084, 0x1084, 0x1084, 0x1084, 0x1084, 0x1084, 0x1084,
    0x1084, 0x1084, 0x1084, 0x1084, 0x1084, 0x1084, 0x1084, 0x1084, 0x1084, 0x1084, 0x1084, 0x1084,
    0x1084, 0x1084, 0x1084, 0x1084, 0x1084, 0x1084, 0x1084, 0x1084, 0x1084, 0x1084, 0x1084, 0x1084,
    0x1084, 0x1084, 0x1084, 0x2BB5, 0xC6FE, 0x6DBD, 0xD394, 0xF29C, 0xD29C, 0xD39C, 0xD29C, 0x13A5,
    0x718C, 0x8531, 0x8110, 0x8110, 0xA210, 0xA210, 0xA210, 0x8110, 0x8210, 0xA631, 0x3084, 0x34A5,
    0xD29C, 0xD39C, 0xF39C, 0xF39C, 0xF39C, 0xF39C, 0xF39C, 0xD39C, 0xD39C, 0xF39C, 0xF39C, 0xF39C,
    0xD39C, 0xD39C, 0xD29C, 0x34A5, 0xCE7B, 0x6529, 0x8110, 0x8110, 0xA210, 0xA210, 0xA210, 0xA210,
    0x8110, 0x8210, 0xC639, 0x508C, 0x14A5, 0xD29C, 0xD39C, 0xD29C, 0xD29C, 0xF39C, 0xD39C, 0xD39C,
    0xD29C, 0xD29C, 0xD39C, 0xD29C, 0xD39C, 0xD29C, 0xD29C, 0xD39C, 0x10A5, 0x45F6, 0xE7DD, 0xEF7B,
    0xABAC, 0x25EE, 0x05E6, 0x25EE, 0x25EE, 0x45EE, 0x2E8C, 0x1084, 0x1084, 0x1084, 0x1084, 0x1084,
    0x1084, 0x1084, 0x1084, 0x1084, 0x1084, 0x1084, 0x1084, 0x1084, 0x1084, 0x1084, 0x1084, 0x1084,
    0x1084, 0x1084, 0x1084, 0x1084, 0x1084, 0x1084, 0x1084, 0x1084, 0x1084, 0x1084, 0x1084, 0x1084,
    0x1084, 0x1084, 0x1084, 0x1084, 0x1084, 0x1084, 0x1084, 0x1084, 0x1084, 0x1084, 0x1084, 0x1084,
    0x1084, 0x1084, 0xE739, 0x2842, 0x2842, 0x2842, 0x2842, 0x2842, 0xCF7B, 0x1084, 0x1084, 0x1084,
    0x6D6B, 0x1084, 0x1084, 0x1084, 0x1084, 0x1084, 0x1084, 0x1084, 0x1084, 0x1084, 0x1084, 0x1084,
    0x1084, 0x1084, 0x1084, 0x2C63, 0xE318, 0xE318, 0xE318, 0xE318, 0xE318, 0x2421, 0x1084, 0x1084,
    0x1084, 0x1084, 0xE318, 0xE318, 0xE318, 0xE318, 0xE318, 0xE318, 0x1084, 0x1084, 0x1084, 0x1084,
    0x1084, 0x1084, 0x1084, 0x2C63, 0xAA52, 0x1084, 0x1084, 0x1084, 0x1084, 0x1084, 0xA631, 0x1084,
    0x1084, 0x1084, 0x1084, 0x6D6B, 0x2842, 0xE739, 0x2842, 0xE739, 0xAA52, 0x1084, 0x1084, 0x1084,
    0x1084, 0xAA52, 0xAA52, 0x1084, 0x1084, 0x1084, 0x1084, 0x1084, 0x1084, 0xAA52, 0xEB5A, 0x1084,
    0x1084, 0x1084, 0xA631, 0x2842, 0x2842, 0x2842, 0x2842, 0x2842, 0x1084, 0x1084, 0x1084, 0x1084,
    0x1084, 0x1084, 0x1084, 0x1084, 0x1084, 0x1084, 0x1084, 0x1084, 0x1084, 0x1084, 0x1084, 0x1084,
    0x1084, 0x1084, 0x1084, 0x1084, 0x1084, 0x1084, 0x1084, 0x1084, 0x1084, 0x1084, 0x1084, 0x1084,
    0x1084, 0x508C, 0x1084, 0x0BB5, 0xC6FE, 0x4EB5, 0xD394, 0xD29C, 0xD29C, 0xD39C, 0xF39C, 0xB294,
    0x4429, 0x8110, 0xE318, 0xE318, 0xE318, 0xE318, 0xE318, 0xE318, 0xE318, 0x8210, 0xC218, 0x8D73,
    0x14A5, 0xD29C, 0xD39C, 0xF39C, 0xF39C, 0xF39C, 0xD29C, 0xD39C, 0xD39C, 0xD39C, 0xF39C, 0xD39C,
    0xF39C, 0xD29C, 0x34A5, 0x2C63, 0x8110, 0xA210, 0xE318, 0xE318, 0xE318, 0xE318, 0xE318, 0xE318,
    0xE318, 0xE318, 0x8210, 0xC318, 0xEF83, 0x13A5, 0xD29C, 0xF39C, 0xD39C, 0xD39C, 0xD39C, 0xD39C,
    0xD39C, 0xD39C, 0xD39C, 0xF39C, 0xD39C, 0xD29C, 0xD29C, 0xD39C, 0xF1A4, 0x46F6, 0xE7DD, 0x1084,
    0x2A9C, 0x25D5, 0xE5CC, 0x45D5, 0xC5E5, 0x85FE, 0xABA4, 0x1084, 0x3084, 0x1084, 0x1084, 0x1084,
    0x1084, 0x1084, 0x1084, 0x1084, 0x1084, 0x1084, 0x1084, 0x1084, 0x1084, 0x1084, 0x1084, 0x1084,
    0x1084, 0x1084, 0x1084, 0x1084, 0x1084, 0x1084, 0x1084, 0x1084, 0x1084, 0x1084, 0x1084, 0x1084,
    0x1084, 0x1084, 0x1084, 0x1084, 0x1084, 0x1084, 0x1084, 0x1084, 0x1084, 0x1084, 0x1084, 0x1084,
    0x1084, 0x1084, 0xE739, 0xCF7B, 0x1084, 0x1084, 0x1084, 0x6D6B, 0xE739, 0x1084, 0x1084, 0x1084,
    0xE739, 0x1084, 0x1084, 0x1084, 0x1084, 0x1084, 0x1084, 0x1084, 0x1084, 0x1084, 0x1084, 0x1084,
    0x1084, 0x1084, 0x2C63, 0xE318, 0xE318, 0xE318, 0xE318, 0xE318, 0xE318, 0xE318, 0xEB5A, 0x1084,
    0x1084, 0xE318, 0xE318, 0xE318, 0xE318, 0xE318, 0xE318, 0xE318, 0xE318, 0x1084, 0x1084, 0x1084,
    0x1084, 0x1084, 0x1084, 0x2C63, 0xAA52, 0x1084, 0x1084, 0x1084, 0x1084, 0x1084, 0xA631, 0x1084,
    0x1084, 0x1084, 0x2C63, 0xE739, 0xCF7B, 0x1084, 0x1084, 0x1084, 0xAA52, 0x2842, 0x1084, 0x1084,
    0x1084, 0xAA52, 0xA631, 0xCF7B, 0x1084, 0x1084, 0x1084, 0x1084, 0xCF7B, 0xA631, 0xEB5A, 0x1084,
    0x1084, 0x1084, 0xE739, 0x1084, 0x1084, 0x1084, 0x1084, 0x1084, 0x1084, 0x1084, 0x1084, 0x1084,
    0x1084, 0x1084, 0x1084, 0x1084, 0x1084, 0x1084, 0x1084, 0x1084, 0x1084, 0x1084, 0x1084, 0x1084,
    0x1084, 0x1084, 0x1084, 0x1084, 0x1084, 0x1084, 0x1084, 0x1084, 0x1084, 0x1084, 0x1084, 0x1084,
    0x1084, 0x508C, 0xF07B, 0xEAAC, 0xC6FE, 0x2FB5, 0xD394, 0xD29C, 0xD39C, 0xD29C, 0x34A5, 0xAA52,
    0x6108, 0x0321, 0xE318, 0xC318, 0xC218, 0xC218, 0xC318, 0xE318, 0xE318, 0xE318, 0xC218, 0xA210,
    0x0F84, 0x13A5, 0xD29C, 0xD29C, 0xD39C, 0xF39C, 0xF39C, 0xD39C, 0xD39C, 0xF39C, 0xF39C, 0xD39C,
    0xD29C, 0x34A5, 0x4C6B, 0x8108, 0xC318, 0xE318, 0xE318, 0xE318, 0xE318, 0xC318, 0xC318, 0xE318,
    0xE318, 0xE318, 0xE318, 0xA210, 0xE318, 0x9194, 0xF3A4, 0xD29C, 0xD39C, 0xF39C, 0xD39C, 0xD39C,
    0xD39C, 0xF39C, 0xD39C, 0xD39C, 0xD39C, 0xF39C, 0xF39C, 0xD39C, 0xF1A4, 0x46F6, 0xE7DD, 0x1084,
    0x8BA4, 0x25DD, 0xC5C4, 0xA5C4, 0xA5C4, 0xA5E5, 0xAAAC, 0x107C, 0x3084, 0x1084, 0x1084, 0x1084,
    0x1084, 0x1084, 0x1084, 0x1084, 0x1084, 0x1084, 0x1084, 0x1084, 0x1084, 0x1084, 0x1084, 0x1084,
    0x1084, 0x1084, 0x1084, 0x1084, 0x1084, 0x1084, 0x1084, 0x1084, 0x1084, 0x1084, 0x1084, 0x1084,
    0x1084, 0x1084, 0x1084, 0x1084, 0x1084, 0x1084, 0x1084, 0x1084, 0x1084, 0x1084, 0x1084, 0x1084,
    0x1084, 0x1084, 0xE739, 0xCF7B, 0x1084, 0x1084, 0x1084, 0x1084, 0xE739, 0x1084, 0x1084, 0x2842,
    0xA631, 0x2842, 0x2842, 0x1084, 0x1084, 0x6D6B, 0xEB5A, 0xAA52, 0x2842, 0xE739, 0xAA52, 0x1084,
    0x1084, 0x1084, 0xE318, 0xE318, 0xE318, 0x1084, 0x1084, 0x1084, 0x2C63, 0x694A, 0x1084, 0x1084,
    0xA631, 0xE318, 0xE318, 0x6D6B, 0x1084, 0x1084, 0x6D6B, 0xE318, 0xE318, 0x6529, 0x1084, 0x6D6B,
    0x2842, 0x1084, 0x1084, 0x2C63, 0xAA52, 0x1084, 0x1084, 0x1084, 0x1084, 0x1084, 0xA631, 0x1084,
    0x1084, 0x1084, 0xE739, 0xCF7B, 0x1084, 0x1084, 0x1084, 0x1084, 0x1084, 0x694A, 0x2C63, 0x1084,
    0x1084, 0xAA52, 0xAA52, 0x694A, 0x1084, 0x1084, 0x1084, 0x1084, 0x2842, 0xAA52, 0xEB5A, 0x1084,
    0x1084, 0x1084, 0xE739, 0x1084, 0x1084, 0x1084, 0x1084, 0x1084, 0x1084, 0x1084, 0x1084, 0x1084,
    0x1084, 0x1084, 0x1084, 0x1084, 0x1084, 0x1084, 0x1084, 0x1084, 0x1084, 0x1084, 0x1084, 0x1084,
    0x1084, 0x1084, 0x1084, 0x1084, 0x1084, 0x1084, 0x1084, 0x1084, 0x1084, 0x1084, 0x1084, 0xEF7B,
    0x1084, 0x1084, 0xF07B, 0x2BB5, 0xA6FE, 0x2FAD, 0xD39C, 0xD29C, 0xD29C, 0xF39C, 0xD29C, 0x4429,
    0xC218, 0xA210, 0x8110, 0xA210, 0xE318, 0x0321, 0xC218, 0x8110, 0x8110, 0xC218, 0xE318, 0xA210,
    0xA631, 0xF3A4, 0xD39C, 0xF39C, 0xD39C, 0xF39C, 0xF39C, 0xF39C, 0xD39C, 0xD39C, 0xF39C, 0xD39C,
    0x13A5, 0x508C, 0xC218, 0xC218, 0xE318, 0xE318, 0xA210, 0x8110, 0x8110, 0xA210, 0xC218, 0xA210,
    0x8110, 0x8110, 0xA210, 0x0321, 0x8108, 0x694A, 0x34A5, 0xD29C, 0xF39C, 0xD39C, 0xD39C, 0xD39C,
    0xD39C, 0xD39C, 0xD39C, 0xF39C, 0xD39C, 0xD39C, 0xD29C, 0xD39C, 0xF1A4, 0x46F6, 0xA7D5, 0xEF7B,
    0x8BAC, 0x25D5, 0xC5C4, 0xC5CC, 0xC5C4, 0x25D5, 0x4A9C, 0x1084, 0x3084, 0x1084, 0x0F84, 0x1084,
    0x1084, 0x1084, 0x1084, 0x1084, 0x1084, 0x1084, 0x1084, 0x1084, 0x1084, 0x1084, 0x1084, 0x1084,
    0x1084, 0x1084, 0x1084, 0x1084, 0x1084, 0x1084, 0x1084, 0x1084, 0x1084, 0x1084, 0x1084, 0x1084,
    0x1084, 0x1084, 0x1084, 0x1084, 0x1084, 0x1084, 0x1084, 0x1084, 0x1084, 0x1084, 0x1084, 0x1084,
    0x1084, 0x1084, 0xE739, 0xCF7B, 0xCF7B, 0xCF7B, 0xCF7B, 0x694A, 0xAA52, 0x1084, 0x1084, 0x1084,
    0xE739, 0x1084, 0x1084, 0x1084, 0x1084, 0x2C63, 0xA631, 0x2C63, 0x1084, 0x1084, 0x694A, 0x2C63,
    0x1084, 0x1084, 0xE318, 0xE318, 0xEB5A, 0x1084, 0x1084, 0x1084, 0x1084, 0x1084, 0x1084, 0x1084,
    0xE318, 0xE318, 0xE318, 0x1084, 0x1084, 0x1084, 0x1084, 0x2421, 0xE318, 0xE318, 0x1084, 0xCF7B,
    0x2C63, 0x1084, 0x1084, 0x2C63, 0x694A, 0xCF7B, 0xCF7B, 0xCF7B, 0xCF7B, 0xCF7B, 0xA631, 0x1084,
    0x1084, 0x6D6B, 0x694A, 0x1084, 0x1084, 0x1084, 0x1084, 0x1084, 0x1084, 0x2C63, 0x694A, 0x1084,
    0x1084, 0xAA52, 0x2C63, 0x694A, 0x6D6B, 0x1084, 0x1084, 0x2C63, 0xAA52, 0xEB5A, 0xEB5A, 0x1084,
    0x1084, 0x1084, 0xE739, 0xCF7B, 0xCF7B, 0xCF7B, 0xCF7B, 0x1084, 0x1084, 0x1084, 0x1084, 0x1084,
    0x1084, 0x1084, 0x1084, 0x1084, 0x1084, 0x1084, 0x1084, 0x1084, 0x1084, 0x1084, 0x1084, 0x1084,
    0x1084, 0x1084, 0x1084, 0x1084, 0x1084, 0x1084, 0x1084, 0x1084, 0x1084, 0x1084, 0x1084, 0xEF7B,
    0x1084, 0x1084, 0xF07B, 0x4BBD, 0xC6FE, 0x2FAD, 0xB394, 0xD29C, 0xD29C, 0x13A5, 0x0F84, 0xA210,
    0x8210, 0x6529, 0x0B63, 0xEF83, 0x718C, 0x7194, 0x308C, 0x8D73, 0x494A, 0xE318, 0x8110, 0xE318,
    0xC218, 0x0F84, 0x13A5, 0xD29C, 0xF39C, 0xD39C, 0xF39C, 0xF39C, 0xD39C, 0xF39C, 0xD39C, 0xD29C,
    0x34A5, 0xEB5A, 0x8110, 0xE318, 0x8210, 0x8210, 0x6529, 0x8A52, 0x8D73, 0x1084, 0x308C, 0x0F84,
    0x6D6B, 0x694A, 0x2421, 0x8110, 0xC218, 0x0321, 0x9194, 0xF3A4, 0xD39C, 0xF39C, 0xD39C, 0xD29C,
    0xF39C, 0xD39C, 0xF39C, 0xF39C, 0xD39C, 0xD29C, 0xD29C, 0xD39C, 0x10A5, 0x65F6, 0xA8D5, 0x1084,
    0x89AC, 0x25D5, 0xC5C4, 0xC5CC, 0xC5C4, 0x25D5, 0x4C9C, 0x1084, 0x1084, 0x1084, 0x1084, 0x1084,
    0x1084, 0x1084, 0x1084, 0x1084, 0x1084, 0x1084, 0x1084, 0x1084, 0x1084, 0x1084, 0x1084, 0x1084,
    0x1084, 0x1084, 0x1084, 0x1084, 0x1084, 0x1084, 0x1084, 0x1084, 0x1084, 0x1084, 0x1084, 0x1084,
    0x1084, 0x1084, 0x1084, 0x1084, 0x1084, 0x1084, 0x1084, 0x1084, 0x1084, 0x1084, 0x1084, 0x1084,
    0x1084, 0x1084, 0xE739, 0x694A, 0x694A, 0x694A, 0x694A, 0xE739, 0x2C63, 0x1084, 0x1084, 0x1084,
    0xE739, 0x1084, 0x1084, 0x1084, 0x1084, 0x2C63, 0x694A, 0x1084, 0x1084, 0x1084, 0x6D6B, 0x694A,
    0x1084, 0x1084, 0xE318, 0xE318, 0xCF7B, 0x1084, 0x1084, 0x1084, 0xE318, 0xE318, 0xAA52, 0x1084,
    0xE318, 0xE318, 0xA631, 0x1084, 0x1084, 0x1084, 0x1084, 0xE739, 0xE318, 0xE318, 0x1084, 0x1084,
    0x1084, 0x1084, 0x1084, 0x2C63, 0xE739, 0x694A, 0x694A, 0x694A, 0x694A, 0x694A, 0xA631, 0x1084,
    0x1084, 0x2C63, 0xAA52, 0x1084, 0x1084, 0x1084, 0x1084, 0x1084, 0x1084, 0x6D6B, 0x2842, 0x1084,
    0x1084, 0xAA52, 0x2C63, 0xCF7B, 0x2842, 0x1084, 0x1084, 0x2842, 0x1084, 0xEB5A, 0xEB5A, 0x1084,
    0x1084, 0x1084, 0xA631, 0x694A, 0x694A, 0x694A, 0x694A, 0x6D6B, 0x1084, 0x1084, 0x1084, 0x1084,
    0x1084, 0x1084, 0x1084, 0x1084, 0x1084, 0x1084, 0x1084, 0x1084, 0x1084, 0x1084, 0x1084, 0x1084,
    0x1084, 0x1084, 0x1084, 0x1084, 0x1084, 0x1084, 0x1084, 0x1084, 0x1084, 0x1084, 0x1084, 0x1084,
    0x1084, 0x518C, 0x1084, 0x6BBD, 0xA6FE, 0x0FAD, 0xD394, 0xF29C, 0xD29C, 0x13A5, 0x308C, 0xC318,
    0x694A, 0xF3A4, 0x34A5, 0x13A5, 0xF3A4, 0xF39C, 0xF3A4, 0x13A5, 0x34A5, 0x508C, 0x0842, 0xA210,
    0x4108, 0xAE73, 0x34A5, 0xD29C, 0xF39C, 0xD39C, 0xD39C, 0xF39C, 0xD39C, 0xF39C, 0xF39C, 0xD29C,
    0x34A5, 0x6D6B, 0x4008, 0xA210, 0xC639, 0xCE7B, 0xF39C, 0x34A5, 0x14A5, 0xF3A4, 0xF3A4, 0x13A5,
    0x34A5, 0x34A5, 0xD29C, 0xEB62, 0xE318, 0x4000, 0xAE73, 0x14A5, 0xD29C, 0xD39C, 0xD29C, 0xD39C,
    0xF39C, 0xD29C, 0xD39C, 0xF39C, 0xF39C, 0xD39C, 0xD29C, 0xD39C, 0x10AD, 0x85FE, 0x89CD, 0x1084,
    0xA9B4, 0x05D5, 0xC5C4, 0xC5C4, 0xC5C4, 0x25D5, 0x4C94, 0x1084, 0x3084, 0x1084, 0xEF7B, 0x1084,
    0x1084, 0x1084, 0x1084, 0x1084, 0x1084, 0x1084, 0x1084, 0x1084, 0x1084, 0x1084, 0x1084, 0x1084,
    0x1084, 0x1084, 0x1084, 0x1084, 0x1084, 0x1084, 0x1084, 0x1084, 0x1084, 0x1084, 0x1084, 0x1084,
    0x1084, 0x1084, 0x1084, 0x1084, 0x1084, 0x1084, 0x1084, 0x1084, 0x1084, 0x1084, 0x1084, 0x1084,
    0x1084, 0x1084, 0xE739, 0xCF7B, 0x1084, 0x1084, 0x1084, 0x1084, 0x2842, 0x6D6B, 0x1084, 0x1084,
    0xE739, 0x1084, 0x1084, 0x1084, 0x1084, 0x2C63, 0xAA52, 0x1084, 0x1084, 0x1084, 0x6D6B, 0x694A,
    0x1084, 0x1084, 0xE318, 0xE318, 0xE739, 0x1084, 0x1084, 0x1084, 0xE318, 0xE318, 0x2842, 0x1084,
    0xE318, 0xE318, 0xE318, 0x1084, 0x1084, 0x1084, 0x1084, 0xE318, 0xE318, 0xE318, 0x1084, 0x1084,
    0x1084, 0x1084, 0x1084, 0x2C63, 0xAA52, 0x1084, 0x1084, 0x1084, 0x1084, 0x1084, 0xA631, 0x1084,
    0x1084, 0x6D6B, 0x2842, 0x1084, 0x1084, 0x1084, 0x1084, 0x1084, 0x1084, 0x2C63, 0xAA52, 0x1084,
    0x1084, 0xAA52, 0x2C63, 0x1084, 0xEB5A, 0xEB5A, 0xEB5A, 0xEB5A, 0x1084, 0xEB5A, 0xEB5A, 0x1084,
    0x1084, 0x1084, 0xE739, 0x1084, 0x1084, 0x1084, 0x1084, 0x1084, 0x1084, 0x1084, 0x1084, 0x1084,
    0x1084, 0x1084, 0x1084, 0x1084, 0x1084, 0x1084, 0x1084, 0x1084, 0x1084, 0x1084, 0x1084, 0x1084,
    0x1084, 0x1084, 0x1084, 0x1084, 0x1084, 0x1084, 0x1084, 0x1084, 0x1084, 0x1084, 0x1084, 0x1084,
    0x1084, 0x3084, 0x1084, 0x6CC5, 0xA6FE, 0x0FAD, 0xD39C, 0xF29C, 0xD39C, 0xD39C, 0xF39C, 0x9194,
    0x13A5, 0xF39C, 0xD29C, 0xD29C, 0xD29C, 0x13A5, 0x34A5, 0x34A5, 0x14A5, 0x54AD, 0x54AD, 0x6D6B,
    0x2842, 0xB294, 0xF39C, 0xD39C, 0xF39C, 0xD39C, 0xD39C, 0xD39C, 0xF39C, 0xF39C, 0xF39C, 0xD39C,
    0xF39C, 0xD39C, 0x2C6B, 0xCE7B, 0x13A5, 0x54AD, 0x34AD, 0x13A5, 0x13A5, 0x34A5, 0x34A5, 0xF39C,
    0xD29C, 0xD29C, 0xF39C, 0x54AD, 0x1084, 0x8952, 0xB294, 0xF39C, 0xD39C, 0xF39C, 0xD39C, 0xD39C,
    0xD39C, 0xD39C, 0xF39C, 0xD39C, 0xD39C, 0xF39C, 0xF29C, 0xD39C, 0x2FAD, 0x85FE, 0x69C5, 0x1084,
    0x88B4, 0x05D5, 0xC5C4, 0xC5C4, 0xC5C4, 0x25D5, 0x2C94, 0x1084, 0x0F84, 0x1084, 0x1084, 0x1084,
    0x1084, 0x1084, 0x1084, 0x1084, 0x1084, 0x1084, 0x1084, 0x1084, 0x1084, 0x1084, 0x1084, 0x1084,
    0x1084, 0x1084, 0x1084, 0x1084, 0x1084, 0x1084, 0x1084, 0x1084, 0x1084, 0x1084, 0x1084, 0x1084,
    0x1084, 0x1084, 0x1084, 0x1084, 0x1084, 0x1084, 0x1084, 0x1084, 0x1084, 0x1084, 0x1084, 0x1084,
    0x1084, 0x1084, 0xE739, 0xCF7B, 0x1084, 0x1084, 0x1084, 0x1084, 0xAA52, 0xEB5A, 0x1084, 0x1084,
    0xE739, 0x1084, 0x1084, 0x1084, 0x1084, 0x2C63, 0xAA52, 0x1084, 0x1084, 0x1084, 0x6D6B, 0x694A,
    0x1084, 0x1084, 0xE318, 0xE318, 0xE318, 0xAA52, 0x1084, 0x1084, 0xE318, 0xE318, 0x2842, 0x1084,
    0xAA52, 0xE318, 0xE318, 0x6529, 0x1084, 0x1084, 0xA631, 0xE318, 0xE318, 0x694A, 0x1084, 0x1084,
    0x1084, 0x1084, 0x1084, 0x2C63, 0xAA52, 0x1084, 0x1084, 0x1084, 0x1084, 0x1084, 0xA631, 0x1084,
    0x1084, 0x1084, 0x2842, 0x6D6B, 0x1084, 0x1084, 0x1084, 0x1084, 0x1084, 0xE739, 0x6D6B, 0x1084,
    0x1084, 0xAA52, 0x2C63, 0x1084, 0x1084, 0x2842, 0x2842, 0x1084, 0x1084, 0xEB5A, 0xEB5A, 0x1084,
    0x1084, 0x1084, 0xE739, 0x1084, 0x1084, 0x1084, 0x1084, 0x1084, 0x1084, 0x1084, 0x1084, 0x1084,
    0x1084, 0x1084, 0x1084, 0x1084, 0x1084, 0x1084, 0x1084, 0x1084, 0x1084, 0x3084, 0x1084, 0x1084,
    0x1084, 0x1084, 0x1084, 0x1084, 0x1084, 0x1084, 0x1084, 0x1084, 0x1084, 0x1084, 0x1084, 0x1084,
    0x1084, 0x0F84, 0x1084, 0x8BC5, 0xA6FE, 0x0FAD, 0xD394, 0xF29C, 0xD39C, 0xF39C, 0xD39C, 0xF3A4,
    0xD29C, 0xD39C, 0xD29C, 0x13A5, 0x13A5, 0xCF7B, 0xAA5A, 0x2842, 0x484A, 0x0C63, 0x718C, 0x75AD,
    0x34A5, 0xF39C, 0xD39C, 0xF39C, 0xF39C, 0xD39C, 0xF39C, 0xD39C, 0xF39C, 0xF39C, 0xF39C, 0xF39C,
    0xF39C, 0xF39C, 0x14A5, 0x54AD, 0x13A5, 0xEF83, 0xCA5A, 0xE739, 0xC639, 0x484A, 0x4D6B, 0xB294,
    0x34A5, 0xF39C, 0xD39C, 0xD29C, 0x13A5, 0x34AD, 0xF39C, 0xD39C, 0xF39C, 0xF39C, 0xF39C, 0xF39C,
    0xF39C, 0xD39C, 0xF39C, 0xD39C, 0xD29C, 0xD39C, 0xD29C, 0xD39C, 0x2EB5, 0xA5FE, 0x69C5, 0x1084,
    0xC8BC, 0x05D5, 0xC5C4, 0xC5CC, 0xC5C4, 0x05D5, 0x4D9C, 0x1084, 0x0F84, 0x1084, 0x1084, 0x1084,
    0x1084, 0x1084, 0x1084, 0x1084, 0x1084, 0x1084, 0x1084, 0x1084, 0x1084, 0x1084, 0x1084, 0x1084,
    0x1084, 0x1084, 0x1084, 0x1084, 0x1084, 0x1084, 0x1084, 0x1084, 0x1084, 0x1084, 0x1084, 0x1084,
    0x1084, 0x1084, 0x1084, 0x1084, 0x1084, 0x1084, 0x1084, 0x1084, 0x1084, 0x1084, 0x1084, 0x1084,
    0x1084, 0x1084, 0xE739, 0xCF7B, 0xCF7B, 0xCF7B, 0xCF7B, 0x2C63, 0xE739, 0xCF7B, 0x1084, 0x1084,
    0x2842, 0x2C63, 0xCF7B, 0x1084, 0x1084, 0x2C63, 0xAA52, 0x1084, 0x1084, 0x1084, 0x6D6B, 0x694A,
    0x1084, 0x1084, 0x1084, 0xE318, 0xE318, 0xE318, 0xE318, 0xE318, 0xE318, 0xE318, 0xAA52, 0x1084,
    0x1084, 0xE318, 0xE318, 0xE318, 0xE318, 0xE318, 0xE318, 0xE318, 0xE318, 0x1084, 0x1084, 0xCF7B,
    0xEB5A, 0x1084, 0x1084, 0x2C63, 0xAA52, 0x1084, 0x1084, 0x1084, 0x1084, 0x1084, 0xA631, 0x1084,
    0x1084, 0x1084, 0xCF7B, 0xE739, 0xEB5A, 0xCF7B, 0xCF7B, 0x2C63, 0xE739, 0xEB5A, 0x1084, 0x1084,
    0x1084, 0xAA52, 0x2C63, 0x1084, 0x1084, 0x6D6B, 0x6D6B, 0x1084, 0x1084, 0xEB5A, 0xEB5A, 0x1084,
    0x1084, 0x1084, 0xE739, 0xCF7B, 0xCF7B, 0xCF7B, 0xCF7B, 0xCF7B, 0x1084, 0x1084, 0x1084, 0x1084,
    0x1084, 0x1084, 0x1084, 0x1084, 0x1084, 0x1084, 0x1084, 0x1084, 0x1084, 0x1084, 0x518C, 0xEF7B,
    0x1084, 0x518C, 0x1084, 0x1084, 0x1084, 0x1084, 0x1084, 0x1084, 0x1084, 0x1084, 0x1084, 0x1084,
    0x1084, 0x0F84, 0x1084, 0x8CC5, 0xA6FE, 0x0FAD, 0xD39C, 0xF29C, 0xD39C, 0xF39C, 0xD39C, 0xD39C,
    0xF39C, 0xD29C, 0x34A5, 0x508C, 0xA631, 0x2000, 0x4008, 0xC218, 0xC218, 0x6108, 0x6108, 0x8A52,
    0xF3A4, 0xF39C, 0xD39C, 0xF39C, 0xF39C, 0xF39C, 0xF39C, 0xF39C, 0xF39C, 0xF39C, 0xF39C, 0xD39C,
    0xF39C, 0xD29C, 0x13A5, 0x308C, 0xC639, 0x4008, 0x2000, 0xA210, 0xC318, 0x8110, 0x2000, 0xA210,
    0xEB62, 0x13A5, 0xF39C, 0xD39C, 0xD39C, 0xD29C, 0xD39C, 0xF39C, 0xD39C, 0xD39C, 0xF39C, 0xF39C,
    0xF39C, 0xD39C, 0xF39C, 0xD39C, 0xF39C, 0xF39C, 0xF29C, 0xD394, 0x2EB5, 0xA5FE, 0x0AB5, 0x1084,
    0xC7BC, 0x05D5, 0xC5C4, 0xC5CC, 0xC5C4, 0x05D5, 0x4D94, 0x1084, 0x1084, 0x1084, 0x1084, 0x1084,
    0x1084, 0x1084, 0x1084, 0x1084, 0x1084, 0x1084, 0x1084, 0x1084, 0x1084, 0x1084, 0x1084, 0x1084,
    0x1084, 0x1084, 0x1084, 0x1084, 0x1084, 0x1084, 0x1084, 0x1084, 0x1084, 0x1084, 0x1084, 0x1084,
    0x1084, 0x1084, 0x1084, 0x1084, 0x1084, 0x1084, 0x1084, 0x1084, 0x1084, 0x1084, 0x1084, 0x1084,
    0x1084, 0x1084, 0xAA52, 0x694A, 0x694A, 0x694A, 0x694A, 0xAA52, 0xCF7B, 0x1084, 0x1084, 0x1084,
    0xCF7B, 0x694A, 0x694A, 0xCF7B, 0x1084, 0x6D6B, 0x2C63, 0x1084, 0x1084, 0x1084, 0xCF7B, 0xEB5A,
    0x1084, 0x1084, 0x1084, 0x1084, 0xA631, 0xE318, 0xE318, 0xE318, 0xE318, 0xAA52, 0x1084, 0x1084,
    0x1084, 0x1084, 0xAA52, 0xE318, 0xE318, 0xE318, 0xE318, 0x694A, 0x1084, 0x1084, 0x1084, 0x6D6B,
    0xAA52, 0x1084, 0x1084, 0x6D6B, 0xEB5A, 0x1084, 0x1084, 0x1084, 0x1084, 0x1084, 0x694A, 0x1084,
    0x1084, 0x1084, 0x1084, 0x1084, 0xEB5A, 0x2842, 0x2842, 0xAA52, 0x6D6B, 0x1084, 0x1084, 0x1084,
    0x1084, 0x2C63, 0x6D6B, 0x1084, 0x1084, 0x1084, 0x1084, 0x1084, 0x1084, 0x6D6B, 0x2C63, 0x1084,
    0x1084, 0x1084, 0x694A, 0x694A, 0x694A, 0x694A, 0x694A, 0x694A, 0xCF7B, 0x1084, 0x1084, 0x1084,
    0x1084, 0x1084, 0x1084, 0x1084, 0x1084, 0x1084, 0x1084, 0x3084, 0x1084, 0xB6B5, 0x9DF7, 0xBAD6,
    0x518C, 0x3084, 0x1084, 0x1084, 0xEF7B, 0x1084, 0x1084, 0x1084, 0x1084, 0x1084, 0x1084, 0x1084,
    0x1084, 0x0F84, 0x1084, 0x4ABD, 0xA6FE, 0x0FAD, 0xD39C, 0xD29C, 0xD39C, 0xD39C, 0xD39C, 0xF39C,
    0xD29C, 0x14A5, 0x0F84, 0xA210, 0x6108, 0xEB62, 0x33AD, 0x17C6, 0x17CE, 0x74B5, 0x6C6B, 0x6108,
    0xA631, 0xF39C, 0xF39C, 0xD39C, 0xF39C, 0xD39C, 0xF39C, 0xD39C, 0xF39C, 0xD39C, 0xD39C, 0xD39C,
    0xD29C, 0x34A5, 0xAE73, 0x8110, 0x8110, 0xCA5A, 0xF2A4, 0xF6C5, 0x17CE, 0xB5BD, 0x9194, 0x2842,
    0x2000, 0xC639, 0xD29C, 0xF39C, 0xD39C, 0xD39C, 0xD39C, 0xD39C, 0xF39C, 0xD39C, 0xD39C, 0xD39C,
    0xF39C, 0xF39C, 0xF39C, 0xD39C, 0xF39C, 0xF39C, 0xF29C, 0xD394, 0x2EB5, 0xA5FE, 0x2CB5, 0x1084,
    0xC6C4, 0xE5CC, 0xC5C4, 0xC5C4, 0xC5C4, 0xE5CC, 0x0D8C, 0x1084, 0x1084, 0x1084, 0x1084, 0x1084,
    0x1084, 0x1084, 0x1084, 0x1084, 0x1084, 0x1084, 0x1084, 0x1084, 0x1084, 0x1084, 0x1084, 0x1084,
    0x1084, 0x1084, 0x1084, 0x1084, 0x1084, 0x1084, 0x1084, 0x1084, 0x1084, 0x1084, 0x1084, 0x1084,
    0x1084, 0x1084, 0x1084, 0x1084, 0x1084, 0x1084, 0x1084, 0x1084, 0x1084, 0x1084, 0x1084, 0x1084,
    0x1084, 0x1084, 0x1084, 0x1084, 0x1084, 0x1084, 0x1084, 0x1084, 0x1084, 0x1084, 0x1084, 0x1084,
    0x1084, 0x1084, 0x1084, 0x1084, 0x1084, 0x1084, 0x1084, 0x1084, 0x1084, 0x1084, 0x1084, 0x1084,
    0x1084, 0x1084, 0x1084, 0x1084, 0x1084, 0x1084, 0x1084, 0x1084, 0x1084, 0x1084, 0x1084, 0x1084,
    0x1084, 0x1084, 0x1084, 0x1084, 0x1084, 0x1084, 0x1084, 0x1084, 0x1084, 0x1084, 0x1084, 0x1084,
    0x1084, 0x1084, 0x1084, 0x1084, 0x1084, 0x1084, 0x1084, 0x1084, 0x1084, 0x1084, 0x1084, 0x1084,
    0x1084, 0x1084, 0x1084, 0x1084, 0x1084, 0x1084, 0x1084, 0x1084, 0x1084, 0x1084, 0x1084, 0x1084,
    0x1084, 0x1084, 0x1084, 0x1084, 0x1084, 0x1084, 0x1084, 0x1084, 0x1084, 0x1084, 0x1084, 0x1084,
    0x1084, 0x1084, 0x1084, 0x1084, 0x1084, 0x1084, 0x1084, 0x1084, 0x1084, 0x1084, 0x1084, 0x1084,
    0x1084, 0x1084, 0x1084, 0x1084, 0x1084, 0x1084, 0x1084, 0x1084, 0x3084, 0x5CEF, 0x9DF7, 0xFFFF,
    0x58CE, 0x1084, 0x1084, 0x1084, 0x1084, 0x1084, 0x1084, 0x1084, 0x1084, 0x1084, 0x1084, 0x1084,
    0x1084, 0x0F84, 0x1084, 0x29BD, 0xA6FE, 0x0FAD, 0xD39C, 0xF29C, 0xD29C, 0xF39C, 0xF39C, 0xD29C,
    0x13A5, 0x9194, 0xC218, 0x0321, 0x54AD, 0x5CEF, 0x7CF7, 0x5CEF, 0x5CF7, 0x5CF7, 0x5CF7, 0x95BD,
    0xE318, 0xE739, 0x34A5, 0xD39C, 0xF39C, 0xD39C, 0xF39C, 0xF39C, 0xF39C, 0xF39C, 0xF39C, 0xD29C,
    0x34A5, 0x0F84, 0x6108, 0x8531, 0x95B5, 0x5BEF, 0x7CF7, 0x5CF7, 0x5CF7, 0x3BEF, 0x3BEF, 0xDAE6,
    0x9194, 0x8108, 0xC639, 0x13A5, 0xD39C, 0xF39C, 0xF39C, 0xF39C, 0xF39C, 0xD39C, 0xF39C, 0xD39C,
    0xF39C, 0xF39C, 0xF39C, 0xF39C, 0xF39C, 0xF39C, 0xF29C, 0xD39C, 0x4EB5, 0xA5FE, 0xEBAC, 0xF07B,
    0xC6C4, 0xE5CC, 0xC5C4, 0xC5C4, 0xC5CC, 0xE5CC, 0x2E8C, 0x3084, 0x1084, 0x1084, 0x1084, 0x1084,
    0x1084, 0x1084, 0x1084, 0x1084, 0x1084, 0x1084, 0x1084, 0x1084, 0x1084, 0x1084, 0x1084, 0x1084,
    0x1084, 0x1084, 0x1084, 0x1084, 0x1084, 0x1084, 0x1084, 0x1084, 0x1084, 0x1084, 0x1084, 0x1084,
    0x1084, 0x1084, 0x1084, 0x1084, 0x1084, 0x1084, 0x1084, 0x1084, 0x1084, 0x1084, 0x1084, 0x1084,
    0x1084, 0x1084, 0x1084, 0x1084, 0x1084, 0x1084, 0x1084, 0x1084, 0x1084, 0x1084, 0x1084, 0x1084,
    0x1084, 0x1084, 0x1084, 0x1084, 0x1084, 0x1084, 0x1084, 0x1084, 0x1084, 0x1084, 0x1084, 0x1084,
    0x1084, 0x1084, 0x1084, 0x1084, 0x1084, 0x1084, 0x1084, 0x1084, 0x1084, 0x1084, 0x1084, 0x1084,
    0x1084, 0x1084, 0x1084, 0x1084, 0x1084, 0x1084, 0x1084, 0x1084, 0x1084, 0x1084, 0x1084, 0x1084,
    0x1084, 0x1084, 0x1084, 0x1084, 0x1084, 0x1084, 0x1084, 0x1084, 0x1084, 0x1084, 0x1084, 0x1084,
    0x1084, 0x1084, 0x1084, 0x1084, 0x1084, 0x1084, 0x1084, 0x1084, 0x1084, 0x1084, 0x1084, 0x1084,
    0x1084, 0x1084, 0x1084, 0x1084, 0x1084, 0x1084, 0x1084, 0x1084, 0x1084, 0x1084, 0x1084, 0x1084,
    0x1084, 0x1084, 0x1084, 0x1084, 0x1084, 0x1084, 0x1084, 0x1084, 0x1084, 0x1084, 0x1084, 0x1084,
    0x1084, 0x1084, 0x1084, 0x1084, 0x1084, 0x1084, 0x1084, 0x3084, 0x9294, 0x7CF7, 0x5CF7, 0x5CEF,
    0xBDFF, 0xB294, 0x1084, 0x1084, 0x1084, 0x1084, 0x1084, 0x1084, 0x1084, 0x1084, 0x1084, 0x1084,
    0x1084, 0x1084, 0x1084, 0x49BD, 0xA6FE, 0x10AD, 0xD39C, 0xD29C, 0xD39C, 0xD39C, 0xD29C, 0xD39C,
    0x34A5, 0x0742, 0x8210, 0xD6BD, 0xBDFF, 0x5CEF, 0x7CF7, 0x7CF7, 0x7CF7, 0x5CEF, 0x3CEF, 0x7CF7,
    0xD6BD, 0xA210, 0x4D6B, 0x34A5, 0xD39C, 0xF39C, 0xD39C, 0xF39C, 0xD39C, 0xF39C, 0xF39C, 0xF39C,
    0xD29C, 0x0321, 0x6529, 0x78D6, 0x9DF7, 0x5CF7, 0x7CF7, 0x7CF7, 0x5CEF, 0x5CEF, 0x5CEF, 0x3BEF,
    0x3BEF, 0x13A5, 0x6108, 0x2C63, 0x34A5, 0xD29C, 0xF39C, 0xF39C, 0xF39C, 0xF39C, 0xF39C, 0xF39C,
    0xF39C, 0xF39C, 0xF39C, 0xF39C, 0xD39C, 0xF39C, 0xD29C, 0xD494, 0x6DBD, 0xA5FE, 0xECA4, 0xF07B,
    0xC6C4, 0xE5CC, 0xC5C4, 0xC5C4, 0xC5CC, 0xE5CC, 0x0E84, 0x3184, 0x1084, 0x1084, 0x1084, 0x1084,
    0x1084, 0x1084, 0x1084, 0x1084, 0x1084, 0x1084, 0x1084, 0x1084, 0x1084, 0x1084, 0x1084, 0x1084,
    0x1084, 0x1084, 0x1084, 0x1084, 0x1084, 0x1084, 0x1084, 0x1084, 0x1084, 0x1084, 0x1084, 0x1084,
    0x1084, 0x1084, 0x1084, 0x1084, 0x1084, 0x1084, 0x1084, 0x1084, 0x1084, 0x1084, 0x1084, 0x1084,
    0x1084, 0x1084, 0x1084, 0x1084, 0x1084, 0x1084, 0x1084, 0x1084, 0x1084, 0x1084, 0x1084, 0x1084,
    0x1084, 0x1084, 0x1084, 0x1084, 0x1084, 0x1084, 0x1084, 0x1084, 0x1084, 0x1084, 0x1084, 0x1084,
    0x1084, 0x1084, 0x1084, 0x1084, 0x1084, 0x1084, 0x1084, 0x1084, 0x1084, 0x1084, 0x1084, 0x1084,
    0x1084, 0x1084, 0x1084, 0x1084, 0x1084, 0x1084, 0x1084, 0x1084, 0x1084, 0x1084, 0x1084, 0x1084,
    0x1084, 0x1084, 0x1084, 0x1084, 0x1084, 0x1084, 0x1084, 0x1084, 0x1084, 0x1084, 0x1084, 0x1084,
    0x1084, 0x1084, 0x1084, 0x1084, 0x1084, 0x1084, 0x1084, 0x1084, 0x1084, 0x1084, 0x1084, 0x1084,
    0x1084, 0x1084, 0x1084, 0x1084, 0x1084, 0x1084, 0x1084, 0x1084, 0x1084, 0x1084, 0x1084, 0x1084,
    0x1084, 0x1084, 0x1084, 0x1084, 0x1084, 0x1084, 0x1084, 0x1084, 0x1084, 0x1084, 0x1084, 0x1084,
    0x1084, 0x1084, 0x1084, 0x1084, 0x1084, 0x1084, 0x1084, 0x1084, 0x518C, 0x3CEF, 0x7CF7, 0x5CEF,
    0xFEFF, 0xD6BD, 0x1084, 0x3084, 0x1084, 0x0F84, 0x1084, 0x1084, 0x1084, 0x1084, 0x1084, 0x1084,
    0x1084, 0x508C, 0xF07B, 0x49BD, 0xA6FE, 0x10AD, 0xD39C, 0xD29C, 0xF39C, 0xD39C, 0xD29C, 0x13A5,
    0x3084, 0x2000, 0x0F84, 0xDEFF, 0x5CEF, 0x7CF7, 0x7CF7, 0x5CF7, 0x5CF7, 0xDEFF, 0xFEFF, 0xBDFF,
    0x9DFF, 0xAE7B, 0x0321, 0xF3A4, 0xF39C, 0xD39C, 0xD39C, 0xF39C, 0xF39C, 0xF39C, 0xD29C, 0x34AD,
    0xCB5A, 0x6108, 0xB5BD, 0x9DFF, 0x5CEF, 0x7CF7, 0x7CF7, 0x5CF7, 0xBDFF, 0xDEFF, 0xDEFF, 0x7DF7,
    0x3BEF, 0x5CF7, 0x8D73, 0xC218, 0xD29C, 0xF39C, 0xF39C, 0xF39C, 0xF39C, 0xF39C, 0xF39C, 0xF39C,
    0xF39C, 0xF39C, 0xF39C, 0xD39C, 0xF39C, 0xF39C, 0xF29C, 0xD394, 0x6CC5, 0xA5FE, 0xCCA4, 0xF07B,
    0xE6C4, 0xC5CC, 0xC5C4, 0xC5CC, 0xC5CC, 0xC5C4, 0x0E84, 0x3084, 0x1084, 0x1084, 0x1084, 0x1084,
    0x1084, 0x1084, 0x1084, 0x1084, 0x1084, 0x1084, 0x1084, 0x1084, 0x1084, 0x1084, 0x1084, 0x1084,
    0x1084, 0x1084, 0x1084, 0x1084, 0x1084, 0x1084, 0x1084, 0x1084, 0x1084, 0x1084, 0x1084, 0x1084,
    0x1084, 0x1084, 0x1084, 0x1084, 0x1084, 0x1084, 0x1084, 0x1084, 0x1084, 0x1084, 0x1084, 0x1084,
    0x1084, 0x1084, 0x1084, 0x1084, 0x1084, 0x1084, 0x1084, 0x1084, 0x1084, 0x1084, 0x1084, 0x1084,
    0x1084, 0x1084, 0x1084, 0x1084, 0x1084, 0x1084, 0x1084, 0x1084, 0x1084, 0x1084, 0x1084, 0x1084,
    0x1084, 0x1084, 0x1084, 0x1084, 0x1084, 0x1084, 0x1084, 0x1084, 0x1084, 0x1084, 0x1084, 0x1084,
    0x1084, 0x1084, 0x1084, 0x1084, 0x1084, 0x1084, 0x1084, 0x1084, 0x1084, 0x1084, 0x1084, 0x1084,
    0x1084, 0x1084, 0x1084, 0x1084, 0x1084, 0x1084, 0x1084, 0x1084, 0x1084, 0x1084, 0x1084, 0x1084,
    0x1084, 0x1084, 0x1084, 0x1084, 0x1084, 0x1084, 0x1084, 0x1084, 0x1084, 0x1084, 0x1084, 0x1084,
    0x1084, 0x1084, 0x1084, 0x1084, 0x1084, 0x1084, 0x1084, 0x1084, 0x1084, 0x1084, 0x1084, 0x1084,
    0x1084, 0x1084, 0x1084, 0x1084, 0x1084, 0x1084, 0x1084, 0x1084, 0x1084, 0x1084, 0x1084, 0x1084,
    0x1084, 0x1084, 0x1084, 0x1084, 0x1084, 0x1084, 0x1084, 0x3084, 0x1084, 0xBADE, 0xBDFF, 0x5CEF,
    0xBDFF, 0xBADE, 0x107C, 0x3084, 0x1084, 0x1084, 0x1084, 0x1084, 0x1084, 0x1084, 0x1084, 0x1084,
    0x1084, 0x508C, 0x1084, 0x69C5, 0xA6FE, 0x10AD, 0xD39C, 0xF39C, 0xD39C, 0xF39C, 0xD29C, 0x34AD,
    0x694A, 0x0321, 0x1BEF, 0x9DF7, 0x5CF7, 0x7CF7, 0x7CF7, 0x7CF7, 0x9DFF, 0x54AD, 0xEF7B, 0x54AD,
    0xDEFF, 0x78D6, 0xE318, 0xCE7B, 0x34A5, 0xD29C, 0xF39C, 0xF39C, 0xF39C, 0xF39C, 0xF39C, 0xF39C,
    0xE318, 0x0B63, 0xBDFF, 0x5CF7, 0x7CF7, 0x7CF7, 0x7CF7, 0xBDFF, 0xB6BD, 0x508C, 0x34A5, 0x7DF7,
    0x9DF7, 0x5CF7, 0x58D6, 0xE318, 0x6D6B, 0x34A5, 0xD29C, 0xF39C, 0xF39C, 0xD39C, 0xF39C, 0xF39C,
    0xF39C, 0xF39C, 0xF39C, 0xD39C, 0xD39C, 0xF39C, 0xF29C, 0xD394, 0x8BC5, 0xA5FE, 0x8D9C, 0xEF83,
    0xC5C4, 0xC5CC, 0xC5C4, 0xC5C4, 0xC5CC, 0xC6C4, 0xEF83, 0x1084, 0x1084, 0x1084, 0x1084, 0x1084,
    0x1084, 0x1084, 0x1084, 0x1084, 0x1084, 0x1084, 0x1084, 0x1084, 0x1084, 0x1084, 0x1084, 0x1084,
    0x1084, 0x1084, 0x1084, 0x1084, 0x1084, 0x1084, 0x1084, 0x1084, 0x1084, 0x1084, 0x1084, 0x1084,
    0x1084, 0x1084, 0x1084, 0x1084, 0x1084, 0x1084, 0x1084, 0x1084, 0x1084, 0x1084, 0x1084, 0x1084,
    0x1084, 0x1084, 0x1084, 0x1084, 0x1084, 0x1084, 0x1084, 0x1084, 0x1084, 0x1084, 0x1084, 0x1084,
    0x1084, 0x1084, 0x1084, 0x1084, 0x1084, 0x1084, 0x1084, 0x1084, 0x1084, 0x1084, 0x1084, 0x1084,
    0x1084, 0x1084, 0x1084, 0x1084, 0x1084, 0x1084, 0x1084, 0x1084, 0x1084, 0x1084, 0x1084, 0x1084,
    0x1084, 0x1084, 0x1084, 0x1084, 0x1084, 0x1084, 0x1084, 0x1084, 0x1084, 0x1084, 0x1084, 0x1084,
    0x1084, 0x1084, 0x1084, 0x1084, 0x1084, 0x1084, 0x1084, 0x1084, 0x1084, 0x1084, 0x1084, 0x1084,
    0x1084, 0x1084, 0x1084, 0x1084, 0x1084, 0x1084, 0x1084, 0x1084, 0x1084, 0x1084, 0x1084, 0x1084,
    0x1084, 0x1084, 0x1084, 0x1084, 0x1084, 0x1084, 0x1084, 0x1084, 0x1084, 0x1084, 0x1084, 0x1084,
    0x1084, 0x1084, 0x1084, 0x1084, 0x1084, 0x1084, 0x1084, 0x1084, 0x1084, 0x1084, 0x1084, 0x1084,
    0x1084, 0x1084, 0x1084, 0x1084, 0x1084, 0x0F84, 0x1084, 0x3084, 0x1084, 0xD7BD, 0xFEFF, 0x5CEF,
    0x7CF7, 0x3CEF, 0x3084, 0x1084, 0x1084, 0x1084, 0x1084, 0x1084, 0x1084, 0x1084, 0x1084, 0x0F84,
    0x1084, 0x3084, 0xF07B, 0x69C5, 0xA6FE, 0x10AD, 0xD39C, 0xD29C, 0xF39C, 0xF39C, 0xF39C, 0x13A5,
    0x0321, 0x6D73, 0xFEFF, 0x5CEF, 0x7CF7, 0x7CF7, 0x7CF7, 0x9DF7, 0x4C6B, 0x4008, 0x2000, 0x0000,
    0x8D73, 0xFEFF, 0x484A, 0x694A, 0x54AD, 0xD39C, 0xF39C, 0xF39C, 0xF39C, 0xD39C, 0x14A5, 0xEF7B,
    0x6108, 0xB5BD, 0xBDFF, 0x5CEF, 0x7CF7, 0x5CEF, 0xBEFF, 0xEF7B, 0x6108, 0x6108, 0x0000, 0xE739,
    0x3BEF, 0x7DF7, 0x5CF7, 0x6952, 0xE739, 0x54AD, 0xD29C, 0xF39C, 0xF39C, 0xF39C, 0xF39C, 0xF39C,
    0xF39C, 0xF39C, 0xF39C, 0xD29C, 0xF39C, 0xF39C, 0xD29C, 0xB394, 0x8BC5, 0x85FE, 0xAE9C, 0x0E84,
    0x26D5, 0x05D5, 0xE5D4, 0xE5CC, 0xE5CC, 0x85BC, 0xAE73, 0x1084, 0x1084, 0x1084, 0x1084, 0x1084,
    0x1084, 0x1084, 0x1084, 0x1084, 0x1084, 0x1084, 0x1084, 0x1084, 0x1084, 0x1084, 0x1084, 0x1084,
    0x1084, 0x1084, 0x1084, 0x1084, 0x1084, 0x1084, 0x1084, 0x1084, 0x1084, 0x1084, 0x1084, 0x1084,
    0x1084, 0x1084, 0x1084, 0x1084, 0x1084, 0x1084, 0x1084, 0x1084, 0x1084, 0x1084, 0x1084, 0x1084,
    0x1084, 0x1084, 0x1084, 0x1084, 0x1084, 0x1084, 0x1084, 0x1084, 0x1084, 0x1084, 0x1084, 0x1084,
    0x1084, 0x1084, 0x1084, 0x1084, 0x1084, 0x1084, 0x1084, 0x1084, 0x1084, 0x1084, 0x1084, 0x1084,
    0x1084, 0x1084, 0x1084, 0x1084, 0x1084, 0x1084, 0x1084, 0x1084, 0x1084, 0x1084, 0x1084, 0x1084,
    0x1084, 0x1084, 0x1084, 0x1084, 0x1084, 0x1084, 0x1084, 0x1084, 0x1084, 0x1084, 0x1084, 0x1084,
    0x1084, 0x1084, 0x1084, 0x1084, 0x1084, 0x1084, 0x1084, 0x1084, 0x1084, 0x1084, 0x1084, 0x1084,
    0x1084, 0x1084, 0x1084, 0x1084, 0x1084, 0x1084, 0x1084, 0x1084, 0x1084, 0x1084, 0x1084, 0x1084,
    0x1084, 0x1084, 0x1084, 0x1084, 0x1084, 0x1084, 0x1084, 0x1084, 0x1084, 0x1084, 0x1084, 0x1084,
    0x1084, 0x1084, 0x1084, 0x1084, 0x1084, 0x1084, 0x1084, 0x1084, 0x1084, 0x1084, 0x1084, 0x1084,
    0x1084, 0x1084, 0x1084, 0x1084, 0x1084, 0x1084, 0x1084, 0x3084, 0x1084, 0x13A5, 0xDEFF, 0x5CEF,
    0x5CEF, 0xBDFF, 0xD29C, 0x1084, 0x1084, 0x1084, 0x1084, 0x1084, 0x1084, 0x1084, 0x1084, 0xEF7B,
    0x1084, 0x3084, 0xF07B, 0x89CD, 0x86FE, 0x10AD, 0xD39C, 0xD29C, 0xF39C, 0xF39C, 0xF3A4, 0x9294,
    0xA210, 0x54AD, 0xDEFF, 0x5CEF, 0x7CF7, 0x5CEF, 0xDEFF, 0xF3A4, 0x4008, 0xA210, 0xCA5A, 0x38C6,
    0xA631, 0xD6BD, 0x508C, 0x6529, 0x34AD, 0xD39C, 0xF39C, 0xF39C, 0xF39C, 0xD29C, 0x34AD, 0xCA5A,
    0x4429, 0x3CEF, 0x7CF7, 0x7CF7, 0x5CEF, 0xDEFF, 0x75AD, 0x4008, 0xE318, 0x0321, 0xB294, 0xAA52,
    0x0B63, 0xDEFF, 0x9CF7, 0xEF83, 0x2421, 0x14A5, 0xF39C, 0xF39C, 0xF39C, 0xF39C, 0xF39C, 0xF39C,
    0xF39C, 0xF39C, 0xF39C, 0xF39C, 0xD39C, 0xD29C, 0xD29C, 0xF49C, 0x0CDE, 0xA5FE, 0x4E8C, 0x0F84,
    0xC8BC, 0xC8BC, 0xA7B4, 0xA6BC, 0xC5C4, 0xA6BC, 0xCF7B, 0x1084, 0x1084, 0x1084, 0x1084, 0x1084,
    0x1084, 0x1084, 0x1084, 0x1084, 0x1084, 0x1084, 0x1084, 0x1084, 0x1084, 0x1084, 0x1084, 0x1084,
    0x1084, 0x1084, 0x1084, 0x1084, 0x1084, 0x1084, 0x1084, 0x1084, 0x1084, 0x1084, 0x1084, 0x1084,
    0x1084, 0x1084, 0x1084, 0x1084, 0x1084, 0x1084, 0x1084, 0x1084, 0x1084, 0x1084, 0x1084, 0x1084,
    0x1084, 0x1084, 0x1084, 0x1084, 0x1084, 0x1084, 0x1084, 0x1084, 0x1084, 0x1084, 0x1084, 0x1084,
    0x1084, 0x1084, 0x1084, 0x1084, 0x1084, 0x1084, 0x1084, 0x1084, 0x1084, 0x1084, 0x1084, 0x1084,
    0x1084, 0x1084, 0x1084, 0x1084, 0x1084, 0x1084, 0x1084, 0x1084, 0x1084, 0x1084, 0x1084, 0x1084,
    0x1084, 0x1084, 0x1084, 0x1084, 0x1084, 0x1084, 0x1084, 0x1084, 0x1084, 0x1084, 0x1084, 0x1084,
    0x1084, 0x1084, 0x1084, 0x1084, 0x1084, 0x1084, 0x1084, 0x1084, 0x1084, 0x1084, 0x1084, 0x1084,
    0x1084, 0x1084, 0x1084, 0x1084, 0x1084, 0x1084, 0x1084, 0x1084, 0x1084, 0x1084, 0x1084, 0x1084,
    0x1084, 0x1084, 0x1084, 0x1084, 0x1084, 0x1084, 0x1084, 0x1084, 0x1084, 0x1084, 0x1084, 0x1084,
    0x1084, 0x1084, 0x1084, 0x1084, 0x1084, 0x1084, 0x1084, 0x1084, 0x1084, 0x1084, 0x1084, 0x1084,
    0x1084, 0x1084, 0x1084, 0x1084, 0x1084, 0x1084, 0x1084, 0x1084, 0x3084, 0x518C, 0x5CEF, 0x7CF7,
    0x5CEF, 0xFEFF, 0x34A5, 0x0F7C, 0x3084, 0x1084, 0x1084, 0x1084, 0x1084, 0x1084, 0x1084, 0xEF7B,
    0x1084, 0x0F84, 0x1084, 0xA9D5, 0xA7FE, 0x11A5, 0xD39C, 0xF29C, 0xD39C, 0xD29C, 0x13A5, 0x3084,
    0xA210, 0x38CE, 0xBDFF, 0x5CEF, 0x7CF7, 0x5CF7, 0x9DFF, 0x284A, 0xA210, 0x8110, 0xD6BD, 0xFFFF,
    0x718C, 0x2C63, 0x54AD, 0x0321, 0x13A5, 0xF39C, 0xF39C, 0xF39C, 0xD39C, 0xD29C, 0x54AD, 0xE739,
    0x694A, 0xDEFF, 0x5CEF, 0x7CF7, 0x5CF7, 0xBDFF, 0x494A, 0x8210, 0x6108, 0x6D6B, 0xFFFF, 0x7CF7,
    0x8531, 0x79D6, 0xDEFF, 0xD29C, 0xE318, 0xD29C, 0xF3A4, 0xF39C, 0xF39C, 0xF39C, 0xF39C, 0xD39C,
    0xD39C, 0xF39C, 0xF39C, 0xD39C, 0xD39C, 0x34A5, 0x13A5, 0xB394, 0xCEA4, 0x6D94, 0x1084, 0x1084,
    0x1084, 0x1084, 0x1084, 0x1084, 0x2F84, 0x4E94, 0x1084, 0x3084, 0x1084, 0x1084, 0x1084, 0xEF7B,
    0x1084, 0x1084, 0x1084, 0x1084, 0x1084, 0x1084, 0x1084, 0x1084, 0x1084, 0x1084, 0x1084, 0x1084,
    0x1084, 0x1084, 0x1084, 0x1084, 0x1084, 0x1084, 0x1084, 0x1084, 0x1084, 0x1084, 0x1084, 0x1084,
    0x1084, 0x1084, 0x1084, 0x1084, 0x1084, 0x1084, 0x1084, 0x1084, 0x1084, 0x1084, 0x1084, 0x1084,
    0x1084, 0x1084, 0x1084, 0x1084, 0x1084, 0x1084, 0x1084, 0x1084, 0x1084, 0x1084, 0x1084, 0x1084,
    0x1084, 0x1084, 0x1084, 0x1084, 0x1084, 0x1084, 0x1084, 0x1084, 0x1084, 0x1084, 0x1084, 0x1084,
    0x1084, 0x1084, 0x1084, 0x1084, 0x1084, 0x1084, 0x1084, 0x1084, 0x1084, 0x1084, 0x1084, 0x1084,
    0x1084, 0x1084, 0x1084, 0x1084, 0x1084, 0x1084, 0x1084, 0x1084, 0x1084, 0x1084, 0x1084, 0x1084,
    0x1084, 0x1084, 0x1084, 0x1084, 0x1084, 0x1084, 0x1084, 0x1084, 0x1084, 0x1084, 0x1084, 0x1084,
    0x1084, 0x1084, 0x1084, 0x1084, 0x1084, 0x1084, 0x1084, 0x1084, 0x1084, 0x1084, 0x1084, 0x1084,
    0x1084, 0x1084, 0x1084, 0x1084, 0x1084, 0x1084, 0x1084, 0x1084, 0x1084, 0x1084, 0x1084, 0x1084,
    0x1084, 0x1084, 0x1084, 0x1084, 0x1084, 0x1084, 0x1084, 0x1084, 0x1084, 0x1084, 0x1084, 0x1084,
    0x1084, 0x1084, 0x1084, 0x1084, 0x1084, 0x1084, 0x1084, 0x1084, 0x3084, 0x1084, 0xDADE, 0xBDFF,
    0x5CEF, 0xFEFF, 0x96B5, 0xEF7B, 0x3084, 0x1084, 0x0F84, 0x1084, 0x1084, 0x1084, 0x1084, 0xEF7B,
    0x1084, 0x0F84, 0x1084, 0xA9D5, 0x87FE, 0xF1A4, 0xD39C, 0xD29C, 0xF39C, 0xD29C, 0x34A5, 0xEF7B,
    0xA210, 0x99D6, 0x9DFF, 0x5CEF, 0x5CF7, 0x9DF7, 0xDADE, 0x2421, 0xC218, 0x8110, 0x4C6B, 0xBAD6,
    0x6952, 0x484A, 0x54AD, 0x0321, 0xF3A4, 0xF39C, 0xF39C, 0xF39C, 0xF39C, 0xD29C, 0x34AD, 0x8531,
    0x2C6B, 0xFEFF, 0x5CEF, 0x5CF7, 0x9DF7, 0xDADE, 0x0421, 0xC318, 0x8110, 0x484A, 0x7DF7, 0x79D6,
    0xC218, 0x54AD, 0xFFFF, 0x33AD, 0xE318, 0xB294, 0xF3A4, 0xF39C, 0xF39C, 0xF39C, 0xF39C, 0xF39C,
    0xD39C, 0xF39C, 0xD39C, 0x13A5, 0x34A5, 0xB29C, 0x308C, 0x1084, 0x1084, 0xF07B, 0xEF7B, 0x8E73,
    0x4D6B, 0x4C6B, 0x2C63, 0x2C63, 0x6D6B, 0xAF73, 0x1084, 0x1084, 0x3084, 0x1084, 0x1084, 0x1084,
    0x1084, 0x1084, 0x1084, 0x1084, 0x1084, 0x1084, 0x1084, 0x1084, 0x1084, 0x1084, 0x1084, 0x1084,
    0x1084, 0x1084, 0x1084, 0x1084, 0x1084, 0x1084, 0x1084, 0x1084, 0x1084, 0x1084, 0x1084, 0x1084,
    0x1084, 0x1084, 0x1084, 0x1084, 0x1084, 0x1084, 0x1084, 0x1084, 0x1084, 0x1084, 0x1084, 0x1084,
    0x1084, 0x1084, 0x1084, 0x1084, 0x1084, 0x1084, 0x1084, 0x1084, 0x1084, 0x1084, 0x1084, 0x1084,
    0x1084, 0x1084, 0x1084, 0x1084, 0x1084, 0x1084, 0x1084, 0x1084, 0x1084, 0x1084, 0x1084, 0x1084,
    0x1084, 0x1084, 0x1084, 0x1084, 0x1084, 0x1084, 0x1084, 0x1084, 0x1084, 0x1084, 0x1084, 0x1084,
    0x1084, 0x1084, 0x1084, 0x1084, 0x1084, 0x1084, 0x1084, 0x1084, 0x1084, 0x1084, 0x1084, 0x1084,
    0x1084, 0x1084, 0x1084, 0x1084, 0x1084, 0x1084, 0x1084, 0x1084, 0x1084, 0x1084, 0x1084, 0x1084,
    0x1084, 0x1084, 0x1084, 0x1084, 0x1084, 0x1084, 0x1084, 0x1084, 0x1084, 0x1084, 0x1084, 0x1084,
    0x1084, 0x1084, 0x1084, 0x1084, 0x1084, 0x1084, 0x1084, 0x1084, 0x1084, 0x1084, 0x1084, 0x1084,
    0x1084, 0x1084, 0x1084, 0x1084, 0x1084, 0x1084, 0x1084, 0x1084, 0x1084, 0x1084, 0x1084, 0x1084,
    0x1084, 0x1084, 0x1084, 0x1084, 0x1084, 0x1084, 0x1084, 0x1084, 0x3084, 0xEF7B, 0x38CE, 0xDEFF,
    0x5CEF, 0xDEFF, 0xF7C5, 0xEF7B, 0x3084, 0x1084, 0xEF7B, 0x1084, 0x1084, 0x1084, 0x1084, 0x1084,
    0x1084, 0x508C, 0x1084, 0xA9D5, 0x87FE, 0xF1A4, 0xD39C, 0xD29C, 0xD39C, 0xD29C, 0x13A5, 0xEF83,
    0xA210, 0x79D6, 0x9DFF, 0x5CEF, 0x5CF7, 0xBDFF, 0x79D6, 0xE318, 0xC218, 0xC318, 0x8210, 0xC318,
    0x4008, 0x6952, 0xD29C, 0x2421, 0x13A5, 0xF39C, 0xF39C, 0xD39C, 0xF39C, 0xD29C, 0x34AD, 0x8531,
    0x6D6B, 0xFEFF, 0x5CEF, 0x5CF7, 0xBDFF, 0x58CE, 0xC218, 0xC218, 0xE318, 0x8210, 0xC639, 0x6529,
    0x2000, 0xF39C, 0xFFFF, 0xF2A4, 0xE318, 0xB29C, 0xF3A4, 0xF39C, 0xF39C, 0xF39C, 0xD39C, 0xF39C,
    0xF39C, 0xD39C, 0x34A5, 0xF39C, 0x518C, 0x1084, 0x1084, 0xCF7B, 0x2C63, 0x694A, 0x2842, 0x0842,
    0x0742, 0x073A, 0x073A, 0x073A, 0xE739, 0xE739, 0x2842, 0xCB5A, 0xCF7B, 0x1084, 0x3084, 0x3084,
    0x1084, 0x1084, 0x1084, 0x1084, 0x1084, 0x1084, 0x1084, 0x1084, 0x1084, 0x1084, 0x1084, 0x1084,
    0x1084, 0x1084, 0x1084, 0x1084, 0x1084, 0x1084, 0x1084, 0x1084, 0x1084, 0x1084, 0x1084, 0x1084,
    0x1084, 0x1084, 0x1084, 0x1084, 0x1084, 0x1084, 0x1084, 0x1084, 0x1084, 0x1084, 0x1084, 0x1084,
    0x1084, 0x1084, 0x1084, 0x1084, 0x1084, 0x1084, 0x1084, 0x1084, 0x1084, 0x1084, 0x1084, 0x1084,
    0x1084, 0x1084, 0x1084, 0x1084, 0x1084, 0x1084, 0x1084, 0x1084, 0x1084, 0x1084, 0x1084, 0x1084,
    0x1084, 0x1084, 0x1084, 0x1084, 0x1084, 0x1084, 0x1084, 0x1084, 0x1084, 0x1084, 0x1084, 0x1084,
    0x1084, 0x1084, 0x1084, 0x1084, 0x1084, 0x1084, 0x1084, 0x1084, 0x1084, 0x1084, 0x1084, 0x1084,
    0x1084, 0x1084, 0x1084, 0x1084, 0x1084, 0x1084, 0x1084, 0x1084, 0x1084, 0x1084, 0x1084, 0x1084,
    0x1084, 0x1084, 0x1084, 0x1084, 0x1084, 0x1084, 0x1084, 0x1084, 0x1084, 0x1084, 0x1084, 0x1084,
    0x1084, 0x1084, 0x1084, 0x1084, 0x1084, 0x1084, 0x1084, 0x1084, 0x1084, 0x1084, 0x1084, 0x1084,
    0x1084, 0x1084, 0x1084, 0x1084, 0x1084, 0x1084, 0x1084, 0x1084, 0x1084, 0x1084, 0x1084, 0x1084,
    0x1084, 0x1084, 0x1084, 0x1084, 0x1084, 0x1084, 0x1084, 0x1084, 0x3084, 0x1084, 0x95B5, 0xDEFF,
    0x5CEF, 0xDEFF, 0x18C6, 0x1084, 0x308C, 0x1084, 0x1084, 0x1084, 0x1084, 0x1084, 0x1084, 0x1084,
    0x1084, 0x0F84, 0x1084, 0xCAD5, 0x87FE, 0xF1A4, 0xD39C, 0xD29C, 0xD39C, 0xD29C, 0x13A5, 0x518C,
    0xA210, 0xF7C5, 0xBDFF, 0x5CEF, 0x5CEF, 0x9DFF, 0x99D6, 0xE318, 0xC218, 0xC318, 0xE318, 0xE318,
    0x6108, 0xEB5A, 0x508C, 0x6529, 0x34AD, 0xD29C, 0xF39C, 0xF39C, 0xF39C, 0xD29C, 0x54AD, 0xE739,
    0x0B63, 0xFEFF, 0x5CEF, 0x5CF7, 0xBDFF, 0x78D6, 0xC318, 0xC218, 0xC218, 0xE318, 0xA210, 0xC218,
    0x6108, 0x13A5, 0xFFFF, 0x508C, 0xE318, 0xF39C, 0xF39C, 0xF39C, 0xF39C, 0xF39C, 0xF39C, 0xF39C,
    0xD39C, 0x34AD, 0xD29C, 0x1084, 0x1084, 0xCF7B, 0x0B63, 0x484A, 0x073A, 0xC631, 0x694A, 0xAA52,
    0xEB5A, 0x0C63, 0xEB5A, 0xEB5A, 0xCA5A, 0x2842, 0x494A, 0x894A, 0x0C63, 0xAE73, 0xEF7B, 0x518C,
    0x3084, 0x1084, 0xEF7B, 0x1084, 0x1084, 0x1084, 0x1084, 0x1084, 0x1084, 0x1084, 0x1084, 0x1084,
    0x1084, 0x1084, 0x1084, 0x1084, 0x1084, 0x1084, 0x1084, 0x1084, 0x1084, 0x1084, 0x1084, 0x1084,
    0x1084, 0x1084, 0x1084, 0x1084, 0x1084, 0x1084, 0x1084, 0x1084, 0x1084, 0x1084, 0x1084, 0x1084,
    0x1084, 0x1084, 0x1084, 0x1084, 0x1084, 0x1084, 0x1084, 0x1084, 0x1084, 0x1084, 0x1084, 0x1084,
    0x1084, 0x1084, 0x1084, 0x1084, 0x1084, 0x1084, 0x1084, 0x1084, 0x1084, 0x1084, 0x1084, 0x1084,
    0x1084, 0x1084, 0x1084, 0x1084, 0x1084, 0x1084, 0x1084, 0x1084, 0x1084, 0x1084, 0x1084, 0x1084,
    0x1084, 0x1084, 0x1084, 0x1084, 0x1084, 0x1084, 0x1084, 0x1084, 0x1084, 0x1084, 0x1084, 0x1084,
    0x1084, 0x1084, 0x1084, 0x1084, 0x1084, 0x1084, 0x1084, 0x1084, 0x1084, 0x1084, 0x1084, 0x1084,
    0x1084, 0x1084, 0x1084, 0x1084, 0x1084, 0x1084, 0x1084, 0x1084, 0x1084, 0x1084, 0x1084, 0x1084,
    0x1084, 0x1084, 0x1084, 0x1084, 0x1084, 0x1084, 0x1084, 0x1084, 0x1084, 0x1084, 0x1084, 0x1084,
    0x1084, 0x1084, 0x1084, 0x1084, 0x1084, 0x1084, 0x1084, 0x1084, 0x1084, 0x1084, 0x1084, 0x1084,
    0x1084, 0x1084, 0x1084, 0x1084, 0x1084, 0x1084, 0x1084, 0x3084, 0x518C, 0x3084, 0x14A5, 0xFFFF,
    0x3CEF, 0xDEFF, 0x58CE, 0xEF83, 0x518C, 0xEF7B, 0x1084, 0x1084, 0x1084, 0x1084, 0x1084, 0x1084,
    0x1084, 0x0F84, 0x1084, 0xCAD5, 0x87FE, 0xF1A4, 0xD39C, 0xD29C, 0xD29C, 0xD39C, 0xF39C, 0xF39C,
    0xC218, 0xB29C, 0xDEFF, 0x5CEF, 0x7CF7, 0x7CF7, 0x3CEF, 0x8531, 0xA210, 0xC318, 0xC218, 0xE318,
    0x4008, 0x508C, 0x2C63, 0x2842, 0x54AD, 0xD29C, 0xF39C, 0xF39C, 0xF39C, 0xD29C, 0x54AD, 0x8A52,
    0x2842, 0xBEFF, 0x5CF7, 0x5CF7, 0x9DF7, 0xFBE6, 0x4429, 0xA210, 0xC318, 0xC218, 0xE318, 0xE318,
    0xA210, 0x17C6, 0xFEFF, 0x2B63, 0x6529, 0x34A5, 0xD39C, 0xF39C, 0xF39C, 0xF39C, 0xF39C, 0xD39C,
    0x34AD, 0xD29C, 0x1084, 0xEF7B, 0x6D6B, 0x694A, 0xE739, 0xE739, 0xCA5A, 0x8E73, 0x1084, 0x1084,
    0x1084, 0x1084, 0x1084, 0x1084, 0x1084, 0x1084, 0xCF7B, 0x6D6B, 0x0742, 0x2842, 0x494A, 0xCF7B,
    0x1084, 0x518C, 0x1084, 0x1084, 0x1084, 0x1084, 0x1084, 0x1084, 0x1084, 0x1084, 0x1084, 0x1084,
    0x1084, 0x1084, 0x1084, 0x1084, 0x1084, 0x1084, 0x1084, 0x1084, 0x1084, 0x1084, 0x1084, 0x1084,
    0x1084, 0x1084, 0x1084, 0x1084, 0x1084, 0x1084, 0x1084, 0x1084, 0x1084, 0x1084, 0x1084, 0x1084,
    0x1084, 0x1084, 0x1084, 0x1084, 0x1084, 0x1084, 0x1084, 0x1084, 0x1084, 0x1084, 0x1084, 0x1084,
    0x1084, 0x1084, 0x1084, 0x1084, 0x1084, 0x1084, 0x1084, 0x1084, 0x1084, 0x1084, 0x1084, 0x1084,
    0x1084, 0x1084, 0x1084, 0x1084, 0x1084, 0x1084, 0x1084, 0x1084, 0x1084, 0x1084, 0x1084, 0x1084,
    0x1084, 0x1084, 0x1084, 0x1084, 0x1084, 0x1084, 0x1084, 0x1084, 0x1084, 0x1084, 0x1084, 0x1084,
    0x1084, 0x1084, 0x1084, 0x1084, 0x1084, 0x1084, 0x1084, 0x1084, 0x1084, 0x1084, 0x1084, 0x1084,
    0x1084, 0x1084, 0x1084, 0x1084, 0x1084, 0x1084, 0x1084, 0x1084, 0x1084, 0x1084, 0x1084, 0x1084,
    0x1084, 0x1084, 0x1084, 0x1084, 0x1084, 0x1084, 0x1084, 0x1084, 0x1084, 0x1084, 0x1084, 0x1084,
    0x1084, 0x1084, 0x1084, 0x1084, 0x1084, 0x1084, 0x1084, 0x1084, 0x1084, 0x1084, 0x1084, 0x1084,
    0x1084, 0x1084, 0x1084, 0x1084, 0x1084, 0x518C, 0xEF7B, 0x1084, 0xEF7B, 0x1084, 0x308C, 0xFBE6,
    0xBDFF, 0x7CF7, 0xF6C5, 0xEF7B, 0x518C, 0x1084, 0x1084, 0x1084, 0x1084, 0x1084, 0x1084, 0x1084,
    0x1084, 0x0F84, 0x1084, 0xC9D5, 0x87FE, 0xF1A4, 0xD39C, 0xD29C, 0xD39C, 0xD39C, 0xD29C, 0x54AD,
    0xC639, 0x8952, 0xDEFF, 0x5CEF, 0x7CF7, 0x5CEF, 0xDEFF, 0x6D73, 0x4008, 0x0321, 0xE318, 0xC218,
    0xA210, 0xF7C5, 0x6529, 0x8E73, 0x34A5, 0xD29C, 0xF39C, 0xF39C, 0xF39C, 0xD29C, 0x34A5, 0xCE7B,
    0xE318, 0xFAE6, 0x9DF7, 0x5CF7, 0x5CEF, 0xDEFF, 0xCA5A, 0x6108, 0x0321, 0xC318, 0xE318, 0x8110,
    0xC739, 0x7DF7, 0x3BEF, 0x6531, 0xAA52, 0x54AD, 0xD29C, 0xF39C, 0xF39C, 0xF39C, 0xD29C, 0x34A5,
    0xB29C, 0x1084, 0xEF7B, 0x2C63, 0x2842, 0xC631, 0x8A52, 0xCF7B, 0x1084, 0x0F84, 0x6E94, 0xCDAC,
    0x0DBD, 0x2DC5, 0x4DC5, 0x0DB5, 0xEEAC, 0x2F8C, 0x1084, 0x1084, 0x8E73, 0x494A, 0xC739, 0x2842,
    0x6D6B, 0x1084, 0x518C, 0x1084, 0x1084, 0x1084, 0x1084, 0x1084, 0x1084, 0x1084, 0x1084, 0x1084,
    0x1084, 0x1084, 0x1084, 0x1084, 0x1084, 0x1084, 0x1084, 0x1084, 0x1084, 0x1084, 0x1084, 0x1084,
    0x1084, 0x1084, 0x1084, 0x1084, 0x1084, 0x1084, 0x1084, 0x1084, 0x1084, 0x1084, 0x1084, 0x1084,
    0x1084, 0x1084, 0x1084, 0x1084, 0x1084, 0x1084, 0x1084, 0x1084, 0x1084, 0x1084, 0x1084, 0x1084,
    0x1084, 0x1084, 0x1084, 0x1084, 0x1084, 0x1084, 0x1084, 0x1084, 0x1084, 0x1084, 0x1084, 0x1084,
    0x1084, 0x1084, 0x1084, 0x1084, 0x1084, 0x1084, 0x1084, 0x1084, 0x1084, 0x1084, 0x1084, 0x1084,
    0x1084, 0x1084, 0x1084, 0x1084, 0x1084, 0x1084, 0x1084, 0x1084, 0x1084, 0x1084, 0x1084, 0x1084,
    0x1084, 0x1084, 0x1084, 0x1084, 0x1084, 0x1084, 0x1084, 0x1084, 0x1084, 0x1084, 0x1084, 0x1084,
    0x1084, 0x1084, 0x1084, 0x1084, 0x1084, 0x1084, 0x1084, 0x1084, 0x1084, 0x1084, 0x1084, 0x1084,
    0x1084, 0x1084, 0x1084, 0x1084, 0x1084, 0x1084, 0x1084, 0x1084, 0x1084, 0x1084, 0x1084, 0x1084,
    0x1084, 0x1084, 0x1084, 0x1084, 0x1084, 0x1084, 0x1084, 0x1084, 0x1084, 0x1084, 0x1084, 0x1084,
    0x1084, 0x1084, 0x1084, 0x1084, 0x3084, 0x1084, 0x7194, 0x79D6, 0xFBDE, 0x58CE, 0x508C, 0x518C,
    0xDADE, 0x9CFF, 0x17C6, 0x1084, 0x518C, 0x518C, 0x3084, 0xEF7B, 0x1084, 0x1084, 0x1084, 0x1084,
    0x1084, 0x0F84, 0x1084, 0xC9D5, 0x87F6, 0xF1A4, 0xD39C, 0xF29C, 0xD39C, 0xF39C, 0xD29C, 0x34A5,
    0xAE73, 0x8110, 0x78D6, 0xBDFF, 0x5CEF, 0x5CF7, 0x9DF7, 0xDADE, 0x4429, 0x4008, 0xA210, 0x0000,
    0x9194, 0xF3A4, 0xC318, 0xF39C, 0xF39C, 0xF39C, 0xF39C, 0xF39C, 0xD39C, 0xF39C, 0xF39C, 0xF39C,
    0xE318, 0x9194, 0xFEFF, 0x5CEF, 0x5CEF, 0xBDFF, 0x17C6, 0x8210, 0xA210, 0xE318, 0xC218, 0x4008,
    0x13A5, 0xFFFF, 0x33AD, 0x6108, 0x508C, 0x13A5, 0xD39C, 0xF39C, 0xD39C, 0xF39C, 0x13A5, 0xF39C,
    0x1084, 0xEF7B, 0x0C63, 0x2842, 0xC631, 0x2C63, 0x1084, 0x1084, 0xAE9C, 0xEFD5, 0x13F7, 0x2EE6,
    0xCCDD, 0xCCDD, 0xCCDD, 0xCCDD, 0x2DEE, 0x0C8C, 0xEC5A, 0x7194, 0x1084, 0x1084, 0xCA5A, 0xE739,
    0x073A, 0x8E73, 0x3084, 0x1084, 0x1084, 0x1084, 0x1084, 0x1084, 0x1084, 0x1084, 0x1084, 0x1084,
    0x1084, 0x1084, 0x1084, 0x1084, 0x1084, 0x1084, 0x1084, 0x1084, 0x1084, 0x1084, 0x1084, 0x1084,
    0x1084, 0x1084, 0x1084, 0x1084, 0x1084, 0x1084, 0x1084, 0x1084, 0x1084, 0x1084, 0x1084, 0x1084,
    0x1084, 0x1084, 0x1084, 0x1084, 0x1084, 0x1084, 0x1084, 0x1084, 0x1084, 0x1084, 0x1084, 0x1084,
    0x1084, 0x1084, 0x1084, 0x1084, 0x1084, 0x1084, 0x1084, 0x1084, 0x1084, 0x1084, 0x1084, 0x1084,
    0x1084, 0x1084, 0x1084, 0x1084, 0x1084, 0x1084, 0x1084, 0x1084, 0x1084, 0x1084, 0x1084, 0x1084,
    0x1084, 0x1084, 0x1084, 0x1084, 0x1084, 0x1084, 0x1084, 0x1084, 0x1084, 0x1084, 0x1084, 0x1084,
    0x1084, 0x1084, 0x1084, 0x1084, 0x1084, 0x1084, 0x1084, 0x1084, 0x1084, 0x1084, 0x1084, 0x1084,
    0x1084, 0x1084, 0x1084, 0x1084, 0x1084, 0x1084, 0x1084, 0x1084, 0x1084, 0x1084, 0x1084, 0x1084,
    0x1084, 0x1084, 0x1084, 0x1084, 0x1084, 0x1084, 0x1084, 0x1084, 0x1084, 0x1084, 0x1084, 0x1084,
    0x1084, 0x1084, 0x1084, 0x1084, 0x1084, 0x1084, 0x1084, 0x1084, 0x1084, 0x1084, 0x1084, 0x1084,
    0x1084, 0x1084, 0x1084, 0x3084, 0x1084, 0x518C, 0x3CEF, 0xFFFF, 0x9DF7, 0xFFFF, 0xDADE, 0x3084,
    0xD39C, 0x95B5, 0x1084, 0x1084, 0x1084, 0x1084, 0x1084, 0x3084, 0x1084, 0x1084, 0xEF7B, 0x1084,
    0x1084, 0x0F84, 0x1084, 0xA9CD, 0x87F6, 0xF1A4, 0xD39C, 0xD29C, 0xF39C, 0xD39C, 0xD39C, 0xF39C,
    0x34A5, 0x6529, 0x2842, 0xDEFF, 0x7CF7, 0x5CEF, 0x5CEF, 0xBDFF, 0x79D6, 0xCB5A, 0xE739, 0xF29C,
    0x3CEF, 0xE318, 0x0B63, 0x34AD, 0xD29C, 0xF39C, 0xF39C, 0xF39C, 0xF39C, 0xF39C, 0xD29C, 0x34AD,
    0xEB5A, 0x2421, 0x5CEF, 0x9DF7, 0x5CEF, 0x5CEF, 0xDEFF, 0x33A5, 0x0321, 0x8110, 0xA210, 0x718C,
    0xFFFF, 0x3CEF, 0x8531, 0x694A, 0x75AD, 0xD29C, 0xF39C, 0xF39C, 0xF39C, 0xD29C, 0x13A5, 0x3084,
    0x1084, 0x4C63, 0x2842, 0xA631, 0x4D6B, 0x1084, 0x3084, 0xF2A4, 0xD3EE, 0x34FF, 0x55FF, 0x91E6,
    0x6BCD, 0x8CCD, 0x8CCD, 0x6CCD, 0xACDD, 0xAB7B, 0x0C63, 0x718C, 0x718C, 0x518C, 0x1084, 0xEB5A,
    0xE739, 0x0742, 0xEF7B, 0x3084, 0x1084, 0x1084, 0x1084, 0x1084, 0x1084, 0x1084, 0x1084, 0x1084,
    0x1084, 0x1084, 0x1084, 0x1084, 0x1084, 0x1084, 0x1084, 0x1084, 0x1084, 0x1084, 0x1084, 0x1084,
    0x1084, 0x1084, 0x1084, 0x1084, 0x1084, 0x1084, 0x1084, 0x1084, 0x1084, 0x1084, 0x1084, 0x1084,
    0x1084, 0x1084, 0x1084, 0x1084, 0x1084, 0x1084, 0x1084, 0x1084, 0x1084, 0x1084, 0x1084, 0x1084,
    0x1084, 0x1084, 0x1084, 0x1084, 0x1084, 0x1084, 0x1084, 0x1084, 0x1084, 0x1084, 0x1084, 0x1084,
    0x1084, 0x1084, 0x1084, 0x1084, 0x1084, 0x1084, 0x1084, 0x1084, 0x1084, 0x1084, 0x1084, 0x1084,
    0x1084, 0x1084, 0x1084, 0x1084, 0x1084, 0x1084, 0x1084, 0x1084, 0x1084, 0x1084, 0x1084, 0x1084,
    0x1084, 0x1084, 0x1084, 0x1084, 0x1084, 0x1084, 0x1084, 0x1084, 0x1084, 0x1084, 0x1084, 0x1084,
    0x1084, 0x1084, 0x1084, 0x1084, 0x1084, 0x1084, 0x1084, 0x1084, 0x1084, 0x1084, 0x1084, 0x1084,
    0x1084, 0x1084, 0x1084, 0x1084, 0x1084, 0x1084, 0x1084, 0x1084, 0x1084, 0x1084, 0x1084, 0x1084,
    0x1084, 0x1084, 0x1084, 0x1084, 0x1084, 0x1084, 0x1084, 0x1084, 0x1084, 0x1084, 0x1084, 0x1084,
    0x1084, 0x1084, 0x3084, 0x1084, 0x107C, 0x1084, 0x95B5, 0x9DF7, 0x7CF7, 0x5CEF, 0xFFFF, 0xF3A4,
    0x1084, 0x1084, 0x75AD, 0x78CE, 0x99D6, 0xB9D6, 0x34AD, 0xEF7B, 0x518C, 0x1084, 0xEF7B, 0x1084,
    0x1084, 0x1084, 0x1084, 0x88CD, 0x87F6, 0xF1A4, 0xD39C, 0xD29C, 0xD39C, 0xD29C, 0xF39C, 0xD39C,
    0x13A5, 0x718C, 0x6108, 0x0B63, 0xBEFF, 0xBEFF, 0x7CF7, 0x5CEF, 0x9DF7, 0xDEFF, 0xFFFF, 0xBDFF,
    0xE739, 0x4429, 0x14A5, 0xF39C, 0xF39C, 0xF39C, 0xF39C, 0xF39C, 0xF39C, 0xF39C, 0xF39C, 0xF39C,
    0x13A5, 0x0321, 0xAA5A, 0xDEFF, 0x9DF7, 0x5CEF, 0x5CEF, 0xBEFF, 0xDADE, 0x95B5, 0xFBE6, 0xFFFF,
    0x38CE, 0x8952, 0x4008, 0x0B63, 0x508C, 0x13A5, 0xF39C, 0xF39C, 0xD29C, 0x34A5, 0x9194, 0x1084,
    0x6D6B, 0xEB5A, 0xAA52, 0x2C63, 0x1084, 0x518C, 0x55AD, 0xB8DE, 0x14F7, 0x14F7, 0xF3F6, 0xEEDD,
    0x6CCD, 0x8CD5, 0x8CD5, 0x8CD5, 0xACDD, 0xAB7B, 0xCB5A, 0x3084, 0x1084, 0x9294, 0x718C, 0x1084,
    0xAA52, 0xE739, 0xAA52, 0x1084, 0x1084, 0x1084, 0x1084, 0x1084, 0x1084, 0x1084, 0x1084, 0x1084,
    0x1084, 0x1084, 0x1084, 0x1084, 0x1084, 0x1084, 0x1084, 0x1084, 0x1084, 0x1084, 0x1084, 0x1084,
    0x1084, 0x1084, 0x1084, 0x1084, 0x1084, 0x1084, 0x1084, 0x1084, 0x1084, 0x1084, 0x1084, 0x1084,
    0x1084, 0x1084, 0x1084, 0x1084, 0x1084, 0x1084, 0x1084, 0x1084, 0x1084, 0x1084, 0x1084, 0x1084,
    0x1084, 0x1084, 0x1084, 0x1084, 0x1084, 0x1084, 0x1084, 0x1084, 0x1084, 0x1084, 0x1084, 0x1084,
    0x1084, 0x1084, 0x1084, 0x1084, 0x1084, 0x1084, 0x1084, 0x1084, 0x1084, 0x1084, 0x1084, 0x1084,
    0x1084, 0x1084, 0x1084, 0x1084, 0x1084, 0x1084, 0x1084, 0x1084, 0x1084, 0x1084, 0x1084, 0x1084,
    0x1084, 0x1084, 0x1084, 0x1084, 0x1084, 0x1084, 0x1084, 0x1084, 0x1084, 0x1084, 0x1084, 0x1084,
    0x1084, 0x1084, 0x1084, 0x1084, 0x1084, 0x1084, 0x1084, 0x1084, 0x1084, 0x1084, 0x1084, 0x1084,
    0x1084, 0x1084, 0x1084, 0x1084, 0x1084, 0x1084, 0x1084, 0x1084, 0x1084, 0x1084, 0x1084, 0x1084,
    0x1084, 0x1084, 0x1084, 0x1084, 0x1084, 0x1084, 0x1084, 0x1084, 0x1084, 0x1084, 0x1084, 0x1084,
    0x1084, 0x3084, 0xEF7B, 0xD7BD, 0x1BE7, 0xD6BD, 0x1084, 0x34A5, 0xBDFF, 0xDEFF, 0xD6BD, 0x1084,
    0x75AD, 0x5CEF, 0xFFFF, 0xDEFF, 0xBDFF, 0xBEFF, 0xFFFF, 0x14A5, 0x1084, 0x3084, 0x1084, 0xEF7B,
    0x1084, 0x1084, 0x1084, 0x88CD, 0x67F6, 0xF2A4, 0xD39C, 0xD29C, 0xF39C, 0xF39C, 0xF39C, 0xF39C,
    0xD29C, 0x34A5, 0xEF7B, 0x6108, 0x0742, 0xF7C5, 0x9DF7, 0xBEFF, 0xBDFF, 0x1BE7, 0x13A5, 0x0421,
    0xE318, 0xB294, 0x13A5, 0xD39C, 0xF39C, 0xF39C, 0xF39C, 0xF39C, 0xF39C, 0xF39C, 0xF39C, 0xD39C,
    0x13A5, 0x508C, 0x6108, 0xAA52, 0x3CEF, 0xFEFF, 0x9DFF, 0x7CF7, 0x9DFF, 0xFFFF, 0xD6BD, 0xC639,
    0x8110, 0xE318, 0xA631, 0x6529, 0x4529, 0xCA5A, 0xF39C, 0xF39C, 0xF39C, 0xF3A4, 0x3084, 0xEF7B,
    0xAA52, 0x2842, 0x4C63, 0x1084, 0x508C, 0x95B5, 0x99D6, 0xB7E6, 0x34FF, 0xF2CD, 0x6C9C, 0x8BD5,
    0x8CD5, 0x8CD5, 0x8CD5, 0x8CD5, 0xACD5, 0x6B73, 0x2C63, 0x508C, 0xEF7B, 0x1084, 0x7194, 0x3084,
    0xEF7B, 0x2842, 0x073A, 0x8E73, 0x3084, 0x1084, 0x1084, 0x1084, 0x1084, 0x1084, 0x1084, 0x1084,
    0x1084, 0x1084, 0x1084, 0x1084, 0x1084, 0x1084, 0x1084, 0x1084, 0x1084, 0x1084, 0x1084, 0x1084,
    0x1084, 0x1084, 0x1084, 0x1084, 0x1084, 0x1084, 0x1084, 0x1084, 0x1084, 0x1084, 0x1084, 0x1084,
    0x1084, 0x1084, 0x1084, 0x1084, 0x1084, 0x1084, 0x1084, 0x1084, 0x1084, 0x1084, 0x1084, 0x1084,
    0x1084, 0x1084, 0x1084, 0x1084, 0x1084, 0x1084, 0x1084, 0x1084, 0x1084, 0x1084, 0x1084, 0x1084,
    0x1084, 0x1084, 0x1084, 0x1084, 0x1084, 0x1084, 0x1084, 0x1084, 0x1084, 0x1084, 0x1084, 0x1084,
    0x1084, 0x1084, 0x1084, 0x1084, 0x1084, 0x1084, 0x1084, 0x1084, 0x1084, 0x1084, 0x1084, 0x1084,
    0x1084, 0x1084, 0x1084, 0x1084, 0x1084, 0x1084, 0x1084, 0x1084, 0x1084, 0x1084, 0x1084, 0x1084,
    0x1084, 0x1084, 0x1084, 0x1084, 0x1084, 0x1084, 0x1084, 0x1084, 0x1084, 0x1084, 0x1084, 0x1084,
    0x1084, 0x1084, 0x1084, 0x1084, 0x1084, 0x1084, 0x1084, 0x1084, 0x1084, 0x1084, 0x1084, 0x1084,
    0x1084, 0x1084, 0x1084, 0x1084, 0x1084, 0x1084, 0x1084, 0x1084, 0x1084, 0x1084, 0x1084, 0x1084,
    0x3084, 0x1084, 0xD6BD, 0xFFFF, 0x9DF7, 0xFFFF, 0x79D6, 0x1084, 0xD6BD, 0x3CEF, 0x1084, 0xB6BD,
    0xFFFF, 0x7DF7, 0x5CEF, 0x5CEF, 0x5CEF, 0x5CEF, 0xBDFF, 0xBADE, 0xEF7B, 0x518C, 0x1084, 0x1084,
    0x1084, 0x1084, 0x1084, 0xA8CD, 0x67F6, 0xF1A4, 0xD39C, 0xD29C, 0xF39C, 0xF39C, 0xF39C, 0xF39C,
    0xF39C, 0xD29C, 0x34A5, 0x508C, 0x4429, 0x6108, 0x8531, 0x694A, 0x2842, 0x0421, 0x4108, 0x0742,
    0xD29C, 0x13A5, 0xD39C, 0xF39C, 0xD39C, 0xD39C, 0xF39C, 0xF39C, 0xF39C, 0xF39C, 0xF39C, 0xF39C,
    0xD39C, 0x34A5, 0x718C, 0x0319, 0x0321, 0x508C, 0x99D6, 0x1BEF, 0x5CEF, 0x1084, 0x8108, 0x694A,
    0x3084, 0xD29C, 0xF3A4, 0x13A5, 0xF39C, 0x508C, 0xD29C, 0xF39C, 0x34AD, 0x9294, 0x1084, 0x6D6B,
    0x4842, 0x484A, 0xEF7B, 0x3084, 0x13A5, 0x78D6, 0x99D6, 0xD8E6, 0xD0F6, 0x6B73, 0xEB8B, 0xCCDD,
    0x8CCD, 0x8CD5, 0x8CD5, 0x8CD5, 0x8CD5, 0x6B73, 0x0B5B, 0x3084, 0x1084, 0x1084, 0x1084, 0x9294,
    0x1084, 0x6D6B, 0x484A, 0x8A52, 0x1084, 0x1084, 0x1084, 0xEF7B, 0x1084, 0x1084, 0x1084, 0x1084,
    0x1084, 0x1084, 0x1084, 0x1084, 0x1084, 0x1084, 0x1084, 0x1084, 0x1084, 0x1084, 0x1084, 0x1084,
    0x1084, 0x1084, 0x1084, 0x1084, 0x1084, 0x1084, 0x1084, 0x1084, 0x1084, 0x1084, 0x1084, 0x1084,
    0x1084, 0x1084, 0x1084, 0x1084, 0x1084, 0x1084, 0x1084, 0x1084, 0x1084, 0x1084, 0x1084, 0x1084,
    0x1084, 0x1084, 0x1084, 0x1084, 0x1084, 0x1084, 0x1084, 0x1084, 0x1084, 0x1084, 0x1084, 0x1084,
    0x1084, 0x1084, 0x1084, 0x1084, 0x1084, 0x1084, 0x1084, 0x1084, 0x1084, 0x1084, 0x1084, 0x1084,
    0x1084, 0x1084, 0x1084, 0x1084, 0x1084, 0x1084, 0x1084, 0x1084, 0x1084, 0x1084, 0x1084, 0x1084,
    0x1084, 0x1084, 0x1084, 0x1084, 0x1084, 0x1084, 0x1084, 0x1084, 0x1084, 0x1084, 0x1084, 0x1084,
    0x1084, 0x1084, 0x1084, 0x1084, 0x1084, 0x1084, 0x1084, 0x1084, 0x1084, 0x1084, 0x1084, 0x1084,
    0x1084, 0x1084, 0x1084, 0x1084, 0x1084, 0x1084, 0x1084, 0x1084, 0x1084, 0x1084, 0x1084, 0x1084,
    0x1084, 0x1084, 0x1084, 0x1084, 0x1084, 0x1084, 0x1084, 0x1084, 0x1084, 0x1084, 0x1084, 0x1084,
    0x1084, 0x518C, 0x7CF7, 0x7CF7, 0x5CEF, 0x5CEF, 0xFFFF, 0xB6B5, 0x1084, 0x75B5, 0x518C, 0x9DF7,
    0x7CF7, 0x5CEF, 0x5CF7, 0x5CEF, 0x9DF7, 0x9DF7, 0x5CF7, 0x7CF7, 0x718C, 0x3084, 0x1084, 0x1084,
    0x1084, 0x1084, 0x1084, 0xA8CD, 0x87F6, 0xF1A4, 0xF39C, 0xD29C, 0xF39C, 0xD39C, 0xF39C, 0xF39C,
    0xD39C, 0xF39C, 0xD29C, 0x13A5, 0x13A5, 0xEF7B, 0x8952, 0x0742, 0x2842, 0xEB62, 0x718C, 0x34AD,
    0xF3A4, 0xD29C, 0xF39C, 0xF39C, 0xF39C, 0xF39C, 0xF39C, 0xF39C, 0xF39C, 0xF39C, 0xF39C, 0xF39C,
    0xF39C, 0xD29C, 0x13A5, 0xF3A4, 0xCA5A, 0xE318, 0xC218, 0x4429, 0x0321, 0x4429, 0x718C, 0x54AD,
    0x13A5, 0x13A5, 0xF39C, 0xD29C, 0xF39C, 0x13A5, 0xF39C, 0xD29C, 0x34A5, 0x518C, 0x1084, 0x8A52,
    0xE739, 0x2C63, 0x1084, 0x9194, 0x38CE, 0x99DE, 0x9AD6, 0x95DE, 0xC8DD, 0x6B73, 0x4C94, 0xCCDD,
    0x8CCD, 0x8CD5, 0x8CD5, 0x8CD5, 0x8CD5, 0x4B6B, 0x2C63, 0x3084, 0x1084, 0x1084, 0x1084, 0x3084,
    0x518C, 0x1084, 0xCB5A, 0xE739, 0xCE73, 0x3084, 0x1084, 0x1084, 0x1084, 0x1084, 0x1084, 0x1084,
    0x1084, 0x1084, 0x1084, 0x1084, 0x1084, 0x1084, 0x1084, 0x1084, 0x1084, 0x1084, 0x1084, 0x1084,
    0x1084, 0x1084, 0x1084, 0x1084, 0x1084, 0x1084, 0x1084, 0x1084, 0x1084, 0x1084, 0x1084, 0x1084,
    0x1084, 0x1084, 0x1084, 0x1084, 0x1084, 0x1084, 0x1084, 0x1084, 0x1084, 0x1084, 0x1084, 0x1084,
    0x1084, 0x1084, 0x1084, 0x1084, 0x1084, 0x1084, 0x1084, 0x1084, 0x1084, 0x1084, 0x1084, 0x1084,
    0x1084, 0x1084, 0x1084, 0x1084, 0x1084, 0x1084, 0x1084, 0x1084, 0x1084, 0x1084, 0x1084, 0x1084,
    0x1084, 0x1084, 0x1084, 0x1084, 0x1084, 0x1084, 0x1084, 0x1084, 0x1084, 0x1084, 0x1084, 0x1084,
    0x1084, 0x1084, 0x1084, 0x1084, 0x1084, 0x1084, 0x1084, 0x1084, 0x1084, 0x1084, 0x1084, 0x1084,
    0x1084, 0x1084, 0x1084, 0x1084, 0x1084, 0x1084, 0x1084, 0x1084, 0x1084, 0x1084, 0x1084, 0x1084,
    0x1084, 0x1084, 0x1084, 0x1084, 0x1084, 0x1084, 0x1084, 0x1084, 0x1084, 0x1084, 0x1084, 0x1084,
    0x1084, 0x1084, 0x1084, 0x1084, 0x1084, 0x1084, 0x1084, 0x1084, 0x1084, 0x1084, 0x1084, 0x1084,
    0xEF7B, 0x13A5, 0xFEFF, 0x7CF7, 0x5CF7, 0x7CF7, 0x7CF7, 0x7CF7, 0x718C, 0x1084, 0x9294, 0xBEFF,
    0xBEFF, 0x9DFF, 0xBDFF, 0xFFFF, 0x3BEF, 0x1BE7, 0x7CF7, 0xBDFF, 0xD39C, 0x1084, 0x3084, 0x1084,
    0x0F84, 0x1084, 0x1084, 0xA8D5, 0x67F6, 0xF2A4, 0xD39C, 0xF29C, 0xF39C, 0xD39C, 0xF39C, 0xF39C,
    0xF39C, 0xF39C, 0xF39C, 0xD29C, 0xD29C, 0x13A5, 0x34AD, 0x34AD, 0x34AD, 0x34AD, 0x13A5, 0xD29C,
    0xD39C, 0xF39C, 0xF39C, 0xF39C, 0xF39C, 0xF39C, 0xF39C, 0xF39C, 0xF39C, 0xF39C, 0xF39C, 0xF39C,
    0xF39C, 0xF39C, 0xF39C, 0xF39C, 0x34AD, 0xF3A4, 0x3084, 0xAE73, 0x6D6B, 0xB294, 0x34AD, 0x34A5,
    0xD29C, 0x518C, 0xF39C, 0x34A5, 0xD39C, 0xD39C, 0xD39C, 0xF3A4, 0xD29C, 0x1084, 0xAE73, 0x484A,
    0xE739, 0xCF7B, 0x508C, 0x75B5, 0x79D6, 0x99D6, 0x59CE, 0x8EC5, 0xC8DD, 0x6B6B, 0x4B9C, 0xACDD,
    0x6CCD, 0x8CD5, 0x8CCD, 0x8CD5, 0x8CCD, 0x2B6B, 0x6D6B, 0x518C, 0x1084, 0x1084, 0x1084, 0x1084,
    0x718C, 0x1084, 0x2C63, 0x8A52, 0x8E73, 0x3084, 0x1084, 0x1084, 0x1084, 0x1084, 0x1084, 0x1084,
    0x1084, 0x1084, 0x1084, 0x1084, 0x1084, 0x1084, 0x1084, 0x1084, 0x1084, 0x1084, 0x1084, 0x1084,
    0x1084, 0x1084, 0x1084, 0x1084, 0x1084, 0x1084, 0x1084, 0x1084, 0x1084, 0x1084, 0x1084, 0x1084,
    0x1084, 0x1084, 0x1084, 0x1084, 0x1084, 0x1084, 0x1084, 0x1084, 0x1084, 0x1084, 0x1084, 0x1084,
    0x1084, 0x1084, 0x1084, 0x1084, 0x1084, 0x1084, 0x1084, 0x1084, 0x1084, 0x1084, 0x1084, 0x1084,
    0x1084, 0x1084, 0x1084, 0x1084, 0x1084, 0x1084, 0x1084, 0x1084, 0x1084, 0x1084, 0x1084, 0x1084,
    0x1084, 0x1084, 0x1084, 0x1084, 0x1084, 0x1084, 0x1084, 0x1084, 0x1084, 0x1084, 0x1084, 0x1084,
    0x1084, 0x1084, 0x1084, 0x1084, 0x1084, 0x1084, 0x1084, 0x1084, 0x1084, 0x1084, 0x1084, 0x1084,
    0x1084, 0x1084, 0x1084, 0x1084, 0x1084, 0x1084, 0x1084, 0x1084, 0x1084, 0x1084, 0x1084, 0x1084,
    0x1084, 0x1084, 0x1084, 0x1084, 0x1084, 0x1084, 0x1084, 0x1084, 0x1084, 0x1084, 0x1084, 0x1084,
    0x1084, 0x1084, 0x1084, 0x1084, 0x1084, 0x1084, 0x1084, 0x1084, 0x1084, 0x1084, 0x1084, 0x1084,
    0xEF7B, 0x14A5, 0xFEFF, 0x5CEF, 0x7DF7, 0x5CEF, 0x5CEF, 0xFEFF, 0x95B5, 0xEF7B, 0xEF7B, 0x54AD,
    0xFBE6, 0xDADE, 0xDADE, 0xD7BD, 0xB294, 0x1BE7, 0x7DF7, 0xBEFF, 0x14A5, 0x1084, 0x1084, 0x1084,
    0x1084, 0x1084, 0x1084, 0xC8D5, 0x67F6, 0xF2A4, 0xD39C, 0xF39C, 0xF39C, 0xF39C, 0xF39C, 0xD39C,
    0xF39C, 0xF39C, 0xD39C, 0xF39C, 0x34A5, 0x14A5, 0xF39C, 0xD29C, 0xB29C, 0xD29C, 0xD29C, 0xD39C,
    0xD39C, 0xF39C, 0xD39C, 0xF39C, 0xF39C, 0xF39C, 0xF39C, 0xF39C, 0xF39C, 0xF39C, 0xF39C, 0xF39C,
    0xF39C, 0xF39C, 0xF39C, 0xF39C, 0xD29C, 0xD29C, 0x13A5, 0x34AD, 0x75AD, 0x54AD, 0x9194, 0xCA5A,
    0x4429, 0xC318, 0x4429, 0xAE73, 0x34A5, 0xD39C, 0xF39C, 0x34A5, 0xB294, 0x1084, 0x2C63, 0x2842,
    0x484A, 0x1084, 0x7194, 0x38CE, 0x99D6, 0x99DE, 0x55AD, 0x4CBD, 0xC8DD, 0x4B6B, 0x6C9C, 0xACDD,
    0x8CCD, 0x8CD5, 0x8CD5, 0x8CD5, 0x6CCD, 0x4B6B, 0x2C63, 0x1084, 0x1084, 0x1084, 0x1084, 0x1084,
    0x718C, 0x518C, 0xEF7B, 0x0C63, 0xEB5A, 0x1084, 0x1084, 0x1084, 0xEF7B, 0x1084, 0x1084, 0x1084,
    0x1084, 0x1084, 0x1084, 0x1084, 0x1084, 0x1084, 0x1084, 0x1084, 0x1084, 0x1084, 0x1084, 0x1084,
    0x1084, 0x1084, 0x1084, 0x1084, 0x1084, 0x1084, 0x1084, 0x1084, 0x1084, 0x1084, 0x1084, 0x1084,
    0x1084, 0x1084, 0x1084, 0x1084, 0x1084, 0x1084, 0x1084, 0x1084, 0x1084, 0x1084, 0x1084, 0x1084,
    0x1084, 0x1084, 0x1084, 0x1084, 0x1084, 0x1084, 0x1084, 0x1084, 0x1084, 0x1084, 0x1084, 0x1084,
    0x1084, 0x1084, 0x1084, 0x1084, 0x1084, 0x1084, 0x1084, 0x1084, 0x1084, 0x1084, 0x1084, 0x1084,
    0x1084, 0x1084, 0x1084, 0x1084, 0x1084, 0x1084, 0x1084, 0x1084, 0x1084, 0x1084, 0x1084, 0x1084,
    0x1084, 0x1084, 0x1084, 0x1084, 0x1084, 0x1084, 0x1084, 0x1084, 0x1084, 0x1084, 0x1084, 0x1084,
    0x1084, 0x1084, 0x1084, 0x1084, 0x1084, 0x1084, 0x1084, 0x1084, 0x1084, 0x1084, 0x1084, 0x1084,
    0x1084, 0x1084, 0x1084, 0x1084, 0x1084, 0x1084, 0x1084, 0x1084, 0x1084, 0x1084, 0x1084, 0x1084,
    0x1084, 0x1084, 0x1084, 0x1084, 0x1084, 0x1084, 0x1084, 0x1084, 0x1084, 0x1084, 0x1084, 0x1084,
    0x1084, 0xF39C, 0xFFFF, 0x17C6, 0x1BE7, 0xDEFF, 0x5CEF, 0xDEFF, 0x37CE, 0x1084, 0xD6BD, 0x518C,
    0xEF7B, 0xEF7B, 0x1084, 0x3084, 0x78D6, 0xBEFF, 0x5CEF, 0xBDFF, 0xB294, 0x3084, 0x3084, 0x1084,
    0x0F84, 0x1084, 0x1084, 0xC8D5, 0x67F6, 0xF29C, 0xD39C, 0xF39C, 0xF39C, 0xF39C, 0xF39C, 0xF39C,
    0xF39C, 0xD39C, 0xD39C, 0x13A5, 0x8952, 0x0B63, 0xB29C, 0x14A5, 0x34A5, 0x34A5, 0x13A5, 0xF39C,
    0xD29C, 0xD29C, 0xD29C, 0xD29C, 0xD29C, 0xD29C, 0xD39C, 0xD39C, 0xD29C, 0xD29C, 0xD29C, 0xD29C,
    0xD29C, 0xD39C, 0xF39C, 0xF3A4, 0x13A5, 0x34AD, 0x34A5, 0xD29C, 0xCE7B, 0x0842, 0x6108, 0xA210,
    0xC318, 0xC218, 0x0321, 0x6108, 0xCE7B, 0x34A5, 0xD29C, 0x34AD, 0x9194, 0x1084, 0xAA52, 0x2842,
    0x6D6B, 0x1084, 0xD29C, 0x58CE, 0x99D6, 0x17C6, 0xB394, 0x8DC5, 0xA8D5, 0x2B6B, 0x8CA4, 0xACDD,
    0x8CD5, 0x8CD5, 0x8CD5, 0x8CD5, 0x6CCD, 0x2B63, 0x8E73, 0x1084, 0x1084, 0x1084, 0x1084, 0x1084,
    0x3084, 0x9194, 0xCF7B, 0xAA52, 0xEB5A, 0x1084, 0x1084, 0x1084, 0xEF7B, 0x1084, 0x1084, 0x1084,
    0x1084, 0x1084, 0x1084, 0x1084, 0x1084, 0x1084, 0x1084, 0x1084, 0x1084, 0x1084, 0x1084, 0x1084,
    0x1084, 0x1084, 0x1084, 0x1084, 0x1084, 0x1084, 0x1084, 0x1084, 0x1084, 0x1084, 0x1084, 0x1084,
    0x1084, 0x1084, 0x1084, 0x1084, 0x1084, 0x1084, 0x1084, 0x1084, 0x1084, 0x1084, 0x1084, 0x1084,
    0x1084, 0x1084, 0x1084, 0x1084, 0x1084, 0x1084, 0x1084, 0x1084, 0x1084, 0x1084, 0x1084, 0x1084,
    0x1084, 0x1084, 0x1084, 0x1084, 0x1084, 0x1084, 0x1084, 0x1084, 0x1084, 0x1084, 0x1084, 0x1084,
    0x1084, 0x1084, 0x1084, 0x1084, 0x1084, 0x1084, 0x1084, 0x1084, 0x1084, 0x1084, 0x1084, 0x1084,
    0x1084, 0x1084, 0x1084, 0x1084, 0x1084, 0x1084, 0x1084, 0x1084, 0x1084, 0x1084, 0x1084, 0x1084,
    0x1084, 0x1084, 0x1084, 0x1084, 0x1084, 0x1084, 0x1084, 0x1084, 0x1084, 0x1084, 0x1084, 0x1084,
    0x1084, 0x1084, 0x1084, 0x1084, 0x1084, 0x1084, 0x1084, 0x1084, 0x1084, 0x1084, 0x1084, 0x1084,
    0x1084, 0x1084, 0x1084, 0x1084, 0x1084, 0x1084, 0x1084, 0x1084, 0x1084, 0x1084, 0x1084, 0x1084,
    0x1084, 0x9194, 0xDEFF, 0x99D6, 0xB294, 0x3BE7, 0x9DFF, 0x9CFF, 0x58D6, 0x1084, 0x38C6, 0xBAD6,
    0x1084, 0xF39C, 0x78D6, 0x1BE7, 0xBDFF, 0x5CEF, 0x7CF7, 0x5CEF, 0x518C, 0xEF83, 0x1084, 0x1084,
    0x1084, 0x1084, 0x1084, 0xC8D5, 0x67F6, 0xF2A4, 0xD39C, 0xF29C, 0xF39C, 0xD39C, 0xD39C, 0xD39C,
    0xD39C, 0xF39C, 0xD39C, 0x13A5, 0x2842, 0x0000, 0xC218, 0xC739, 0xEB5A, 0xCE7B, 0x9194, 0xF3A4,
    0x34A5, 0x34AD, 0x34AD, 0x34AD, 0x34A5, 0x34A5, 0x34A5, 0x34A5, 0x34A5, 0x34A5, 0x34A5, 0x34AD,
    0x54AD, 0x34AD, 0x13A5, 0xB294, 0x3084, 0x2C63, 0x0742, 0xC218, 0x4008, 0x0321, 0xCE7B, 0xB19C,
    0xC218, 0x8210, 0xEF83, 0x4C6B, 0x4C6B, 0x34A5, 0xD39C, 0x34AD, 0x718C, 0xEF7B, 0x694A, 0x0842,
    0x6D6B, 0x3084, 0x13A5, 0x79D6, 0x79D6, 0x13A5, 0xB394, 0x8CCD, 0xA9D5, 0x2B63, 0xACAC, 0xACDD,
    0x8CD5, 0x8CD5, 0x8CD5, 0xACD5, 0x4CCD, 0x2B63, 0x8D73, 0x1084, 0xEF7B, 0x1084, 0x1084, 0x1084,
    0x1084, 0x9194, 0xEF7B, 0x2C63, 0x2C63, 0xEF7B, 0x3084, 0x1084, 0xEF7B, 0x1084, 0x1084, 0x1084,
    0x1084, 0x1084, 0x1084, 0x1084, 0x1084, 0x1084, 0x1084, 0x1084, 0x1084, 0x1084, 0x1084, 0x1084,
    0x1084, 0x1084, 0x1084, 0x1084, 0x1084, 0x1084, 0x1084, 0x1084, 0x1084, 0x1084, 0x1084, 0x1084,
    0x1084, 0x1084, 0x1084, 0x1084, 0x1084, 0x1084, 0x1084, 0x1084, 0x1084, 0x1084, 0x1084, 0x1084,
    0x1084, 0x1084, 0x1084, 0x1084, 0x1084, 0x1084, 0x1084, 0x1084, 0x1084, 0x1084, 0x1084, 0x1084,
    0x1084, 0x1084, 0x1084, 0x1084, 0x1084, 0x1084, 0x1084, 0x1084, 0x1084, 0x1084, 0x1084, 0x1084,
    0x1084, 0x1084, 0x1084, 0x1084, 0x1084, 0x1084, 0x1084, 0x1084, 0x1084, 0x1084, 0x1084, 0x1084,
    0x1084, 0x1084, 0x1084, 0x1084, 0x1084, 0x1084, 0x1084, 0x1084, 0x1084, 0x1084, 0x1084, 0x1084,
    0x1084, 0x1084, 0x1084, 0x1084, 0x1084, 0x1084, 0x1084, 0x1084, 0x1084, 0x1084, 0x1084, 0x1084,
    0x1084, 0x1084, 0x1084, 0x1084, 0x1084, 0x1084, 0x1084, 0x1084, 0x1084, 0x1084, 0x1084, 0x1084,
    0x1084, 0x1084, 0x1084, 0x1084, 0x1084, 0x1084, 0x1084, 0x1084, 0x1084, 0x1084, 0x1084, 0x1084,
    0x1084, 0x1084, 0xDADE, 0xFFFF, 0x75B5, 0x1084, 0x75B5, 0x37CE, 0xF3A4, 0x1084, 0x1084, 0x1084,
    0x3084, 0xFAE6, 0xDEFF, 0x7CF7, 0x5CF7, 0x5CF7, 0xBEFF, 0x79D6, 0x1084, 0x308C, 0x1084, 0xEF7B,
    0x1084, 0x1084, 0x1084, 0xC8D5, 0x67F6, 0xF2A4, 0xD39C, 0xF39C, 0xF39C, 0xF39C, 0xF39C, 0xF39C,
    0xF39C, 0xF39C, 0xD39C, 0xF39C, 0xF3A4, 0x6D6B, 0xE739, 0xE318, 0x8110, 0x8110, 0x8110, 0xE318,
    0x8631, 0x2842, 0xAA52, 0x0C63, 0x4D6B, 0xAE73, 0xAE73, 0xAE73, 0xAE73, 0x6D6B, 0x2C63, 0xCA5A,
    0x484A, 0xA631, 0x0421, 0xA210, 0x4108, 0x8110, 0x6529, 0x0B63, 0xF2A4, 0x78D6, 0x3BEF, 0x284A,
    0x8108, 0xE318, 0x518C, 0x54AD, 0xF3A4, 0xF39C, 0xF39C, 0x34AD, 0x718C, 0xEF7B, 0x694A, 0xE739,
    0x6D6B, 0x518C, 0x13A5, 0x17C6, 0xD6BD, 0xB29C, 0xD39C, 0x8CCD, 0x89D5, 0x2B63, 0xCBAC, 0xACD5,
    0x8CD5, 0x8CD5, 0x8CD5, 0xACD5, 0x4CC5, 0x0B63, 0x8D73, 0x1084, 0xEF7B, 0x1084, 0x1084, 0x1084,
    0x1084, 0x718C, 0xEF7B, 0x4C6B, 0x2842, 0xCF7B, 0x1084, 0xEF7B, 0x1084, 0x1084, 0x1084, 0x1084,
    0x1084, 0x1084, 0x1084, 0x1084, 0x1084, 0x1084, 0x1084, 0x1084, 0x1084, 0x1084, 0x1084, 0x1084,
    0x1084, 0x1084, 0x1084, 0x1084, 0x1084, 0x1084, 0x1084, 0x1084, 0x1084, 0x1084, 0x1084, 0x1084,
    0x1084, 0x1084, 0x1084, 0x1084, 0x1084, 0x1084, 0x1084, 0x1084, 0x1084, 0x1084, 0x1084, 0x1084,
    0x1084, 0x1084, 0x1084, 0x1084, 0x1084, 0x1084, 0x1084, 0x1084, 0x1084, 0x1084, 0x1084, 0x1084,
    0x1084, 0x1084, 0x1084, 0x1084, 0x1084, 0x1084, 0x1084, 0x1084, 0x1084, 0x1084, 0x1084, 0x1084,
    0x1084, 0x1084, 0x1084, 0x1084, 0x1084, 0x1084, 0x1084, 0x1084, 0x1084, 0x1084, 0x1084, 0x1084,
    0x1084, 0x1084, 0x1084, 0x1084, 0x1084, 0x1084, 0x1084, 0x1084, 0x1084, 0x1084, 0x1084, 0x1084,
    0x1084, 0x1084, 0x1084, 0x1084, 0x1084, 0x1084, 0x1084, 0x1084, 0x1084, 0x1084, 0x1084, 0x1084,
    0x1084, 0x1084, 0x1084, 0x1084, 0x1084, 0x1084, 0x1084, 0x1084, 0x1084, 0x1084, 0x1084, 0x1084,
    0x1084, 0x1084, 0x1084, 0x1084, 0x1084, 0x1084, 0x1084, 0x1084, 0x1084, 0x1084, 0x1084, 0x1084,
    0x3084, 0x1084, 0xF7BD, 0xFEFF, 0x9DF7, 0x75B5, 0xEF7B, 0x1084, 0x1084, 0x54AD, 0xB9DE, 0xB294,
    0x14A5, 0xFEFF, 0x5CEF, 0x7CF7, 0x7CF7, 0x5CEF, 0xFEFF, 0x14A5, 0x1084, 0x508C, 0x1084, 0x1084,
    0x1084, 0x1084, 0x1084, 0xC8D5, 0x67F6, 0xF29C, 0xD39C, 0xD29C, 0xF39C, 0xF39C, 0xF39C, 0xF39C,
    0xF39C, 0xF39C, 0xF39C, 0xF39C, 0xF39C, 0x34A5, 0x34AD, 0x9194, 0xC218, 0x484A, 0x9194, 0xEA5A,
    0xE741, 0x4429, 0xE318, 0xA210, 0x6108, 0x6108, 0x6108, 0x6108, 0x6108, 0x8108, 0xA210, 0xC318,
    0x2421, 0xC639, 0x8952, 0x8D73, 0xD29C, 0xF6C5, 0xDADE, 0xFAE6, 0x1BEF, 0xD9E6, 0xAA5A, 0x6108,
    0xC218, 0x6529, 0xF39C, 0xD29C, 0xD39C, 0xF39C, 0xF39C, 0x34AD, 0x718C, 0xEF7B, 0x494A, 0xE739,
    0x4D6B, 0x718C, 0x13A5, 0xD29C, 0xD39C, 0xD29C, 0xD39C, 0xABCD, 0x69CD, 0x2C63, 0xECB4, 0xACD5,
    0x8CD5, 0x8CD5, 0x8CD5, 0xACD5, 0x2CBD, 0x0B5B, 0xCE7B, 0x1084, 0xEF7B, 0x1084, 0x1084, 0x1084,
    0x1084, 0x718C, 0x1084, 0x4C63, 0xCA52, 0xEF7B, 0x1084, 0xEF7B, 0x1084, 0x1084, 0x1084, 0x1084,
    0x1084, 0x1084, 0x1084, 0x1084, 0x1084, 0x1084, 0x1084, 0x1084, 0x1084, 0x1084, 0x1084, 0x1084,
    0x1084, 0x1084, 0x1084, 0x1084, 0x1084, 0x1084, 0x1084, 0x1084, 0x1084, 0x1084, 0x1084, 0x1084,
    0x1084, 0x1084, 0x1084, 0x1084, 0x1084, 0x1084, 0x1084, 0x1084, 0x1084, 0x1084, 0x1084, 0x1084,
    0x1084, 0x1084, 0x1084, 0x1084, 0x1084, 0x1084, 0x1084, 0x1084, 0x1084, 0x1084, 0x1084, 0x1084,
    0x1084, 0x1084, 0x1084, 0x1084, 0x1084, 0x1084, 0x1084, 0x1084, 0x1084, 0x1084, 0x1084, 0x1084,
    0x1084, 0x1084, 0x1084, 0x1084, 0x1084, 0x1084, 0x1084, 0x1084, 0x1084, 0x1084, 0x1084, 0x1084,
    0x1084, 0x1084, 0x1084, 0x1084, 0x1084, 0x1084, 0x1084, 0x1084, 0x1084, 0x1084, 0x1084, 0x1084,
    0x1084, 0x1084, 0x1084, 0x1084, 0x1084, 0x1084, 0x1084, 0x1084, 0x1084, 0x1084, 0x1084, 0x1084,
    0x1084, 0x1084, 0x1084, 0x1084, 0x1084, 0x1084, 0x1084, 0x1084, 0x1084, 0x1084, 0x1084, 0x1084,
    0x1084, 0x1084, 0x1084, 0x1084, 0x1084, 0x1084, 0x1084, 0x1084, 0x1084, 0x1084, 0x1084, 0x1084,
    0x1084, 0x3084, 0x7194, 0x7DF7, 0x7CF7, 0xBDFF, 0xB9DE, 0x58CE, 0x58CE, 0xDAE6, 0xDEFF, 0x75B5,
    0x14A5, 0xFFFF, 0x5CEF, 0x7CF7, 0x5CEF, 0xFEFF, 0x79D6, 0xEF7B, 0x3084, 0x1084, 0x1084, 0x1084,
    0x1084, 0x1084, 0x1084, 0xE8D5, 0x67F6, 0xF29C, 0xD39C, 0xF39C, 0xF39C, 0xF39C, 0xD39C, 0xD39C,
    0xF39C, 0xF39C, 0xF39C, 0xF39C, 0xF39C, 0xD29C, 0xD29C, 0x13A5, 0x6529, 0x2429, 0x1BEF, 0xBDFF,
    0x3BEF, 0xDAE6, 0x79D6, 0x37CE, 0xD6C5, 0xD6BD, 0xB5BD, 0xB6BD, 0xD6BD, 0xD6C5, 0x37CE, 0x58D6,
    0xB9DE, 0xFAE6, 0x5BEF, 0x7CF7, 0x9DF7, 0x9DFF, 0x9DFF, 0xFAE6, 0x74B5, 0x0742, 0x6108, 0xE318,
    0x8110, 0x694A, 0x34A5, 0xD29C, 0xD39C, 0xD39C, 0xF39C, 0x54AD, 0x718C, 0xEF7B, 0x494A, 0xE739,
    0x6D6B, 0x518C, 0x13A5, 0xD39C, 0xF39C, 0xF39C, 0xD39C, 0xABD5, 0x49C5, 0x2B63, 0x0CBD, 0xACD5,
    0x8CD5, 0x8CD5, 0x8CD5, 0xACD5, 0x0CBD, 0x0C63, 0xAE73, 0x1084, 0xEF7B, 0x1084, 0x1084, 0x1084,
    0x1084, 0x9294, 0x1084, 0x2C63, 0xCA5A, 0x1084, 0x3084, 0x1084, 0x1084, 0x1084, 0x1084, 0x1084,
    0x1084, 0x1084, 0x1084, 0x1084, 0x1084, 0x1084, 0x1084, 0x1084, 0x1084, 0x1084, 0x1084, 0x1084,
    0x1084, 0x1084, 0x1084, 0x1084, 0x1084, 0x1084, 0x1084, 0x1084, 0x1084, 0x1084, 0x1084, 0x1084,
    0x1084, 0x1084, 0x1084, 0x1084, 0x1084, 0x1084, 0x1084, 0x1084, 0x1084, 0x1084, 0x1084, 0x1084,
    0x1084, 0x1084, 0x1084, 0x1084, 0x1084, 0x1084, 0x1084, 0x1084, 0x1084, 0x1084, 0x1084, 0x1084,
    0x1084, 0x1084, 0x1084, 0x1084, 0x1084, 0x1084, 0x1084, 0x1084, 0x1084, 0x1084, 0x1084, 0x1084,
    0x1084, 0x1084, 0x1084, 0x1084, 0x1084, 0x1084, 0x1084, 0x1084, 0x1084, 0x1084, 0x1084, 0x1084,
    0x1084, 0x1084, 0x1084, 0x1084, 0x1084, 0x1084, 0x1084, 0x1084, 0x1084, 0x1084, 0x1084, 0x1084,
    0x1084, 0x1084, 0x1084, 0x1084, 0x1084, 0x1084, 0x1084, 0x1084, 0x1084, 0x1084, 0x1084, 0x1084,
    0x1084, 0x1084, 0x1084, 0x1084, 0x1084, 0x1084, 0x1084, 0x1084, 0x1084, 0x1084, 0x1084, 0x1084,
    0x1084, 0x1084, 0x1084, 0x1084, 0x1084, 0x1084, 0x1084, 0x1084, 0x1084, 0x1084, 0x1084, 0x1084,
    0x1084, 0x3084, 0x1084, 0x95B5, 0xFEFF, 0x5CEF, 0x9DF7, 0x9DFF, 0x7CF7, 0x5CF7, 0x9DF7, 0x3BEF,
    0xD6BD, 0x5CEF, 0x7CF7, 0x5CEF, 0xFFFF, 0xFBE6, 0x3084, 0x3084, 0x3084, 0x1084, 0xEF7B, 0x1084,
    0x1084, 0x1084, 0x1084, 0xE9DD, 0x67F6, 0xF29C, 0xD39C, 0xD29C, 0xF39C, 0xF39C, 0xD39C, 0xF39C,
    0xF39C, 0xF39C, 0xF39C, 0xF39C, 0xF39C, 0xF39C, 0xD29C, 0x34A5, 0x484A, 0x2000, 0x2C63, 0x9DFF,
    0xFEFF, 0xBEFF, 0xBDFF, 0x9DFF, 0x9DFF, 0x9DFF, 0x9DF7, 0x9DF7, 0x9DF7, 0x9DF7, 0x7CF7, 0x7CF7,
    0x9DF7, 0x9DF7, 0xBDFF, 0xDEFF, 0xDEFF, 0x7DF7, 0x17C6, 0x0B63, 0xA210, 0x8110, 0xE318, 0xE318,
    0x8210, 0xCE7B, 0x34A5, 0xD29C, 0xD39C, 0xF39C, 0xD39C, 0x54AD, 0x718C, 0x1084, 0x694A, 0x2842,
    0x6D6B, 0x3084, 0xF39C, 0xF39C, 0xF39C, 0xF39C, 0xD39C, 0xCAD5, 0x29C5, 0x2C63, 0x2BBD, 0xACD5,
    0x8CCD, 0x8CD5, 0x8CCD, 0xACD5, 0xECB4, 0x0B5B, 0x0F84, 0x1084, 0xEF7B, 0x1084, 0x1084, 0x1084,
    0x1084, 0x718C, 0x1084, 0xCB5A, 0x2842, 0x1084, 0x3084, 0x1084, 0xEF7B, 0x1084, 0x1084, 0x1084,
    0x1084, 0x1084, 0x1084, 0x1084, 0x1084, 0x1084, 0x1084, 0x1084, 0x1084, 0x1084, 0x1084, 0x1084,
    0x1084, 0x1084, 0x1084, 0x1084, 0x1084, 0x1084, 0x1084, 0x1084, 0x1084, 0x1084, 0x1084, 0x1084,
    0x1084, 0x1084, 0x1084, 0x1084, 0x1084, 0x1084, 0x1084, 0x1084, 0x1084, 0x1084, 0x1084, 0x1084,
    0x1084, 0x1084, 0x1084, 0x1084, 0x1084, 0x1084, 0x1084, 0x1084, 0x1084, 0x1084, 0x1084, 0x1084,
    0x1084, 0x1084, 0x1084, 0x1084, 0x1084, 0x1084, 0x1084, 0x1084, 0x1084, 0x1084, 0x1084, 0x1084,
    0x1084, 0x1084, 0x1084, 0x1084, 0x1084, 0x1084, 0x1084, 0x1084, 0x1084, 0x1084, 0x1084, 0x1084,
    0x1084, 0x1084, 0x1084, 0x1084, 0x1084, 0x1084, 0x1084, 0x1084, 0x1084, 0x1084, 0x1084, 0x1084,
    0x1084, 0x1084, 0x1084, 0x1084, 0x1084, 0x1084, 0x1084, 0x1084, 0x1084, 0x1084, 0x1084, 0x1084,
    0x1084, 0x1084, 0x1084, 0x1084, 0x1084, 0x1084, 0x1084, 0x1084, 0x1084, 0x1084, 0x1084, 0x1084,
    0x1084, 0x1084, 0x1084, 0x1084, 0x1084, 0x1084, 0x1084, 0x1084, 0x1084, 0x1084, 0x1084, 0x1084,
    0x1084, 0x1084, 0x3084, 0xEF7B, 0x37CE, 0xDEFF, 0x5CF7, 0x5CF7, 0x5CF7, 0x7CF7, 0x5CF7, 0x7DF7,
    0xBDFF, 0x5CEF, 0x9DFF, 0x9DF7, 0x38CE, 0x1084, 0x3084, 0x1084, 0x1084, 0x1084, 0x1084, 0x1084,
    0x1084, 0x1084, 0x1084, 0xE9DD, 0x67F6, 0xF29C, 0xD39C, 0xF29C, 0xF39C, 0xF39C, 0xF39C, 0xF39C,
    0xF39C, 0xF39C, 0xF39C, 0xF39C, 0xF39C, 0xF39C, 0xD29C, 0x34A5, 0x2C63, 0x8210, 0x8110, 0x0842,
    0xD29C, 0x38CE, 0xFBE6, 0x5CEF, 0x9DF7, 0xBDFF, 0xDEFF, 0xDEFF, 0xDEFF, 0xBDFF, 0x9DFF, 0x7DF7,
    0x3CEF, 0xDADE, 0x17C6, 0x13A5, 0x8D73, 0x0742, 0xC218, 0x6108, 0xC218, 0xE318, 0xC218, 0xA210,
    0x4529, 0xD39C, 0xF39C, 0xD39C, 0xF39C, 0xD39C, 0xD39C, 0x34A5, 0x9294, 0xEF7B, 0xCA5A, 0x2842,
    0x0C63, 0x1084, 0xD29C, 0x13A5, 0xF39C, 0xF39C, 0xD29C, 0xCADD, 0x09BD, 0x2C63, 0x2BC5, 0xACD5,
    0x8CCD, 0x8CD5, 0x8CD5, 0xACDD, 0xCCAC, 0xEB5A, 0xCE7B, 0x1084, 0xEF7B, 0x1084, 0x1084, 0x1084,
    0x3084, 0x718C, 0xCF7B, 0x2842, 0x694A, 0x1084, 0x3084, 0x1084, 0x107C, 0x1084, 0x1084, 0x1084,
    0x1084, 0x1084, 0x1084, 0x1084, 0x1084, 0x1084, 0x1084, 0x1084, 0x1084, 0x1084, 0x1084, 0x1084,
    0x1084, 0x1084, 0x1084, 0x1084, 0x1084, 0x1084, 0x1084, 0x1084, 0x1084, 0x1084, 0x1084, 0x1084,
    0x1084, 0x1084, 0x1084, 0x1084, 0x1084, 0x1084, 0x1084, 0x1084, 0x1084, 0x1084, 0x1084, 0x1084,
    0x1084, 0x1084, 0x1084, 0x1084, 0x1084, 0x1084, 0x1084, 0x1084, 0x1084, 0x1084, 0x1084, 0x1084,
    0x1084, 0x1084, 0x1084, 0x1084, 0x1084, 0x1084, 0x1084, 0x1084, 0x1084, 0x1084, 0x1084, 0x1084,
    0x1084, 0x1084, 0x1084, 0x1084, 0x1084, 0x1084, 0x1084, 0x1084, 0x1084, 0x1084, 0x1084, 0x1084,
    0x1084, 0x1084, 0x1084, 0x1084, 0x1084, 0x1084, 0x1084, 0x1084, 0x1084, 0x1084, 0x1084, 0x1084,
    0x1084, 0x1084, 0x1084, 0x1084, 0x1084, 0x1084, 0x1084, 0x1084, 0x1084, 0x1084, 0x1084, 0x1084,
    0x1084, 0x1084, 0x1084, 0x1084, 0x1084, 0x1084, 0x1084, 0x1084, 0x1084, 0x1084, 0x1084, 0x1084,
    0x1084, 0x1084, 0x1084, 0x1084, 0x1084, 0x1084, 0x1084, 0x1084, 0x1084, 0x1084, 0x1084, 0x1084,
    0xEF7B, 0x1084, 0x1084, 0x3084, 0x3084, 0x37CE, 0xBDFF, 0x7CF7, 0x7CF7, 0x5CF7, 0x5CF7, 0x5CEF,
    0x5CEF, 0x9DF7, 0xBADE, 0x34AD, 0x9294, 0x17C6, 0x75B5, 0x1084, 0x1084, 0x1084, 0x1084, 0x1084,
    0x1084, 0x1084, 0x1084, 0xE9DD, 0x67F6, 0xF29C, 0xD39C, 0xF39C, 0xF39C, 0xD39C, 0xF39C, 0xF39C,
    0xD39C, 0xF39C, 0xF39C, 0xF39C, 0xF39C, 0xF39C, 0xD39C, 0x13A5, 0x3084, 0xC218, 0xE318, 0x8110,
    0x4108, 0xC218, 0x4429, 0xE739, 0x484A, 0xAA5A, 0x2C63, 0x2C63, 0x0B63, 0xCA5A, 0x494A, 0x0742,
    0x8531, 0x0419, 0x8208, 0x4000, 0x4000, 0x6108, 0xA210, 0xC318, 0xC218, 0xC218, 0xE318, 0x8110,
    0x0B63, 0x34A5, 0xD29C, 0xD39C, 0xF39C, 0xD39C, 0xD39C, 0x13A5, 0xB29C, 0x1084, 0x4D6B, 0x0742,
    0x0842, 0x1084, 0x9294, 0x54AD, 0xD29C, 0xD39C, 0xD29C, 0xEADD, 0xE9B4, 0x2C63, 0x4CC5, 0xACD5,
    0x8CD5, 0x8CD5, 0x8CCD, 0xACD5, 0xABAC, 0x0C5B, 0xEF7B, 0x1084, 0x1084, 0x1084, 0x1084, 0x1084,
    0x718C, 0x3084, 0xAE73, 0xCB5A, 0x4D6B, 0x3084, 0x1084, 0x1084, 0xEF7B, 0x1084, 0x1084, 0x1084,
    0x1084, 0x1084, 0x1084, 0x1084, 0x1084, 0x1084, 0x1084, 0x1084, 0x1084, 0x1084, 0x1084, 0x1084,
    0x1084, 0x1084, 0x1084, 0x1084, 0x1084, 0x1084, 0x1084, 0x1084, 0x1084, 0x1084, 0x1084, 0x1084,
    0x1084, 0x1084, 0x1084, 0x1084, 0x1084, 0x1084, 0x1084, 0x1084, 0x1084, 0x1084, 0x1084, 0x1084,
    0x1084, 0x1084, 0x1084, 0x1084, 0x1084, 0x1084, 0x1084, 0x1084, 0x1084, 0x1084, 0x1084, 0x1084,
    0x1084, 0x1084, 0x1084, 0x1084, 0x1084, 0x1084, 0x1084, 0x1084, 0x1084, 0x1084, 0x1084, 0x1084,
    0x1084, 0x1084, 0x1084, 0x1084, 0x1084, 0x1084, 0x1084, 0x1084, 0x1084, 0x1084, 0x1084, 0x1084,
    0x1084, 0x1084, 0x1084, 0x1084, 0x1084, 0x1084, 0x1084, 0x1084, 0x1084, 0x1084, 0x1084, 0x1084,
    0x1084, 0x1084, 0x1084, 0x1084, 0x1084, 0x1084, 0x1084, 0x1084, 0x1084, 0x1084, 0x1084, 0x1084,
    0x1084, 0x1084, 0x1084, 0x1084, 0x1084, 0x1084, 0x1084, 0x1084, 0x1084, 0x1084, 0x1084, 0x1084,
    0x1084, 0x1084, 0x1084, 0x1084, 0x1084, 0x1084, 0x1084, 0x1084, 0x1084, 0x1084, 0x1084, 0x1084,
    0x1084, 0x1084, 0x1084, 0x1084, 0x1084, 0x1084, 0x75B5, 0xFAE6, 0xBDFF, 0xDEFF, 0xFEFF, 0xBDFF,
    0x5CEF, 0x7CF7, 0x3CEF, 0x99D6, 0x99DE, 0x7CF7, 0xF3A4, 0x1084, 0x1084, 0x1084, 0x1084, 0x1084,
    0x1084, 0x1084, 0x1084, 0xE9DD, 0x67F6, 0xF29C, 0xD39C, 0xF39C, 0xF39C, 0xF39C, 0xF39C, 0xF39C,
    0xD29C, 0xF39C, 0xF39C, 0xF39C, 0xF39C, 0xF39C, 0xF39C, 0xF39C, 0xF39C, 0x8531, 0xA210, 0xE318,
    0xE318, 0xC318, 0xA210, 0x8210, 0x8110, 0x6108, 0x4108, 0x4100, 0x4000, 0x4100, 0x8110, 0x6108,
    0x8210, 0x0329, 0x6441, 0xC559, 0xE559, 0xC559, 0x8449, 0x2329, 0xA210, 0xC218, 0xC218, 0x2421,
    0xB29C, 0xF39C, 0xF39C, 0xF39C, 0xD39C, 0xF39C, 0xF39C, 0xF39C, 0xF3A4, 0x3084, 0xAE73, 0xE739,
    0xC739, 0x8E73, 0x518C, 0x13A5, 0xD29C, 0xD39C, 0xD29C, 0xE9E5, 0xCAAC, 0x4C6B, 0x6CCD, 0xACD5,
    0x8CD5, 0x8CD5, 0x8CCD, 0xACDD, 0x8BA4, 0x0C5B, 0x3084, 0x1084, 0x1084, 0x1084, 0x1084, 0x1084,
    0x9294, 0x1084, 0x6D6B, 0x0B63, 0xAE73, 0x3084, 0x1084, 0x1084, 0x1084, 0x1084, 0x1084, 0x1084,
    0x1084, 0x1084, 0x1084, 0x1084, 0x1084, 0x1084, 0x1084, 0x1084, 0x1084, 0x1084, 0x1084, 0x1084,
    0x1084, 0x1084, 0x1084, 0x1084, 0x1084, 0x1084, 0x1084, 0x1084, 0x1084, 0x1084, 0x1084, 0x1084,
    0x1084, 0x1084, 0x1084, 0x1084, 0x1084, 0x1084, 0x1084, 0x1084, 0x1084, 0x1084, 0x1084, 0x1084,
    0x1084, 0x1084, 0x1084, 0x1084, 0x1084, 0x1084, 0x1084, 0x1084, 0x1084, 0x1084, 0x1084, 0x1084,
    0x1084, 0x1084, 0x1084, 0x1084, 0x1084, 0x1084, 0x1084, 0x1084, 0x1084, 0x1084, 0x1084, 0x1084,
    0x1084, 0x1084, 0x1084, 0x1084, 0x1084, 0x1084, 0x1084, 0x1084, 0x1084, 0x1084, 0x1084, 0x1084,
    0x1084, 0x1084, 0x1084, 0x1084, 0x1084, 0x1084, 0x1084, 0x1084, 0x1084, 0x1084, 0x1084, 0x1084,
    0x1084, 0x1084, 0x1084, 0x1084, 0x1084, 0x1084, 0x1084, 0x1084, 0x1084, 0x1084, 0x1084, 0x1084,
    0x1084, 0x1084, 0x1084, 0x1084, 0x1084, 0x1084, 0x1084, 0x1084, 0x1084, 0x1084, 0x1084, 0x1084,
    0x1084, 0x1084, 0x1084, 0x1084, 0x1084, 0x1084, 0x1084, 0x1084, 0x1084, 0x1084, 0x1084, 0x1084,
    0x1084, 0x1084, 0x1084, 0x1084, 0x3084, 0x3084, 0x1084, 0x3084, 0xD39C, 0x54AD, 0x75B5, 0x96B5,
    0x5CEF, 0x7CF7, 0xFAE6, 0x78D6, 0xFAE6, 0x17C6, 0x1084, 0x3084, 0x1084, 0x1084, 0x1084, 0x1084,
    0x1084, 0x1084, 0x1084, 0xE8DD, 0x47F6, 0xD29C, 0xD39C, 0xF39C, 0xF39C, 0xF39C, 0xF39C, 0xD39C,
    0xD39C, 0xF39C, 0xF39C, 0xF39C, 0xF39C, 0xF39C, 0xD39C, 0xD29C, 0x34A5, 0xEB5A, 0x8108, 0xE318,
    0xC218, 0xC218, 0xC318, 0xE318, 0xC210, 0xE318, 0x2429, 0x6441, 0x8549, 0x8541, 0xC210, 0x2431,
    0xE661, 0x4782, 0x678A, 0x678A, 0x6782, 0x678A, 0x678A, 0x6782, 0x066A, 0x2329, 0x6108, 0x2C6B,
    0x34AD, 0xD29C, 0xF39C, 0xF39C, 0xD39C, 0xF39C, 0xF39C, 0xD39C, 0x34AD, 0x718C, 0x1084, 0x694A,
    0x0842, 0x2C63, 0x1084, 0xB294, 0x34AD, 0xD39C, 0xF2A4, 0xE9E5, 0xAAAC, 0x4C6B, 0x8CCD, 0x8CD5,
    0x8CD5, 0x8CD5, 0x8CCD, 0xACDD, 0x6BA4, 0xEB5A, 0xEF7B, 0x1084, 0xEF7B, 0x1084, 0x1084, 0x518C,
    0x3084, 0x8E73, 0x694A, 0x0C63, 0xEF7B, 0x3084, 0x1084, 0xEF7B, 0x1084, 0x1084, 0x1084, 0x1084,
    0x1084, 0x1084, 0x1084, 0x1084, 0x1084, 0x1084, 0x1084, 0x1084, 0x1084, 0x1084, 0x1084, 0x1084,
    0x1084, 0x1084, 0x1084, 0x1084, 0x1084, 0x1084, 0x1084, 0x1084, 0x1084, 0x1084, 0x1084, 0x1084,
    0x1084, 0x1084, 0x1084, 0x1084, 0x1084, 0x1084, 0x1084, 0x1084, 0x1084, 0x1084, 0x1084, 0x1084,
    0x1084, 0x1084, 0x1084, 0x1084, 0x1084, 0x1084, 0x1084, 0x1084, 0x1084, 0x1084, 0x1084, 0x1084,
    0x1084, 0x1084, 0x1084, 0x1084, 0x1084, 0x1084, 0x1084, 0x1084, 0x1084, 0x1084, 0x1084, 0x1084,
    0x1084, 0x1084, 0x1084, 0x1084, 0x1084, 0x1084, 0x1084, 0x1084, 0x1084, 0x1084, 0x1084, 0x1084,
    0x1084, 0x1084, 0x1084, 0x1084, 0x1084, 0x1084, 0x1084, 0x1084, 0x1084, 0x1084, 0x1084, 0x1084,
    0x1084, 0x1084, 0x1084, 0x1084, 0x1084, 0x1084, 0x1084, 0x1084, 0x1084, 0x1084, 0x1084, 0x1084,
    0x1084, 0x1084, 0x1084, 0x1084, 0x1084, 0x1084, 0x1084, 0x1084, 0x1084, 0x1084, 0x1084, 0x1084,
    0x1084, 0x1084, 0x1084, 0x1084, 0x1084, 0x1084, 0x1084, 0x1084, 0x1084, 0x1084, 0x1084, 0x1084,
    0x1084, 0x1084, 0x1084, 0x1084, 0x1084, 0x3084, 0x1084, 0x34AD, 0xF3A4, 0xD29C, 0x34A5, 0x79D6,
    0xFAE6, 0x78D6, 0x99DE, 0xFAE6, 0x17C6, 0x508C, 0x1084, 0x3084, 0x1084, 0x1084, 0x1084, 0x1084,
    0x1084, 0x1084, 0x1084, 0xE8DD, 0x47EE, 0xD29C, 0xD39C, 0xF39C, 0xF39C, 0xF39C, 0xD39C, 0xF39C,
    0xF39C, 0xF39C, 0xF39C, 0xD39C, 0xD39C, 0xD39C, 0xD39C, 0xD29C, 0xF3A4, 0x718C, 0xE318, 0xC218,
    0xC218, 0xC218, 0xC218, 0xA210, 0x6439, 0x2672, 0x8792, 0x8892, 0xA892, 0x6441, 0xA551, 0xE9AA,
    0xE9B2, 0xE9B2, 0xE9B2, 0xC8AA, 0xA89A, 0x4782, 0x267A, 0x678A, 0x4672, 0xA210, 0xA631, 0x13A5,
    0xF39C, 0xF39C, 0xD39C, 0xF39C, 0xF39C, 0xF39C, 0xF39C, 0xF39C, 0x13A5, 0xB29C, 0x1084, 0x4D6B,
    0xE739, 0xCA52, 0xCF7B, 0x3084, 0xF3A4, 0xF39C, 0xF1A4, 0x09E6, 0x8AA4, 0x4C6B, 0x8CD5, 0x8CD5,
    0x8CD5, 0x8CD5, 0x8CCD, 0xACDD, 0x4B9C, 0x0C63, 0x3084, 0x1084, 0x1084, 0x1084, 0x1084, 0x9294,
    0x1084, 0xAA52, 0x8A52, 0xCE7B, 0x3084, 0x1084, 0x1084, 0x1084, 0x1084, 0x1084, 0x1084, 0x1084,
    0x1084, 0x1084, 0x1084, 0x1084, 0x1084, 0x1084, 0x1084, 0x1084, 0x1084, 0x1084, 0x1084, 0x1084,
    0x1084, 0x1084, 0x1084, 0x1084, 0x1084, 0x1084, 0x1084, 0x1084, 0x1084, 0x1084, 0x1084, 0x1084,
    0x1084, 0x1084, 0x1084, 0x1084, 0x1084, 0x1084, 0x1084, 0x1084, 0x1084, 0x1084, 0x1084, 0x1084,
    0x1084, 0x1084, 0x1084, 0x1084, 0x1084, 0x1084, 0x1084, 0x1084, 0x1084, 0x1084, 0x1084, 0x1084,
    0x1084, 0x1084, 0x1084, 0x1084, 0x1084, 0x1084, 0x1084, 0x1084, 0x1084, 0x1084, 0x1084, 0x1084,
    0x1084, 0x1084, 0x1084, 0x1084, 0x1084, 0x1084, 0x1084, 0x1084, 0x1084, 0x1084, 0x1084, 0x1084,
    0x1084, 0x1084, 0x1084, 0x1084, 0x1084, 0x1084, 0x1084, 0x1084, 0x1084, 0x1084, 0x1084, 0x1084,
    0x1084, 0x1084, 0x1084, 0x1084, 0x1084, 0x1084, 0x1084, 0x1084, 0x1084, 0x1084, 0x1084, 0x1084,
    0x1084, 0x1084, 0x1084, 0x1084, 0x1084, 0x1084, 0x1084, 0x1084, 0x1084, 0x1084, 0x1084, 0x1084,
    0x1084, 0x1084, 0x1084, 0x1084, 0x1084, 0x1084, 0x1084, 0x1084, 0x1084, 0x1084, 0x1084, 0x1084,
    0x1084, 0x1084, 0x1084, 0x1084, 0xEF7B, 0x1084, 0x1084, 0x95B5, 0xBDFF, 0x7CFF, 0x7CF7, 0x3BEF,
    0xFAE6, 0xB9DE, 0x37CE, 0x34A5, 0xF07B, 0x3084, 0x718C, 0x1084, 0x1084, 0x1084, 0x1084, 0xEF83,
    0x1084, 0x3084, 0x1084, 0xE9DD, 0x47EE, 0xD29C, 0xD39C, 0xF39C, 0xF39C, 0xD39C, 0xD39C, 0xF39C,
    0xF39C, 0xF39C, 0xF39C, 0xF39C, 0xF39C, 0xD39C, 0xF39C, 0xF39C, 0xD29C, 0x34A5, 0x8952, 0x6108,
    0xE318, 0xC218, 0xA208, 0xE561, 0x09BB, 0x29C3, 0x09C3, 0x2ACB, 0x889A, 0x277A, 0x4ACB, 0x2AC3,
    0x2AC3, 0x2AC3, 0x2AC3, 0x2AC3, 0x2AC3, 0xE9B2, 0x878A, 0x2672, 0xC218, 0x0319, 0x9194, 0xF3A4,
    0xD29C, 0xF39C, 0xD39C, 0xF39C, 0xF39C, 0xF39C, 0xF39C, 0xF39C, 0xD29C, 0x34A5, 0x518C, 0x1084,
    0x494A, 0x0742, 0x4D6B, 0x1084, 0x518C, 0x34A5, 0x11A5, 0xE8E5, 0x6A9C, 0x6C73, 0x8CD5, 0x8CD5,
    0x8CD5, 0x8CD5, 0x8CCD, 0xACDD, 0x2B94, 0xCB5A, 0x1084, 0x1084, 0xEF7B, 0x1084, 0x9294, 0x1084,
    0x6D6B, 0x2842, 0x8A52, 0x1084, 0x518C, 0x1084, 0x1084, 0x1084, 0x1084, 0x1084, 0x1084, 0x1084,
    0x1084, 0x1084, 0x1084, 0x1084, 0x1084, 0x1084, 0x1084, 0x1084, 0x1084, 0x1084, 0x1084, 0x1084,
    0x1084, 0x1084, 0x1084, 0x1084, 0x1084, 0x1084, 0x1084, 0x1084, 0x1084, 0x1084, 0x1084, 0x1084,
    0x1084, 0x1084, 0x1084, 0x1084, 0x1084, 0x1084, 0x1084, 0x1084, 0x1084, 0x1084, 0x1084, 0x1084,
    0x1084, 0x1084, 0x1084, 0x1084, 0x1084, 0x1084, 0x1084, 0x1084, 0x1084, 0x1084, 0x1084, 0x1084,
    0x1084, 0x1084, 0x1084, 0x1084, 0x1084, 0x1084, 0x1084, 0x1084, 0x1084, 0x1084, 0x1084, 0x1084,
    0x1084, 0x1084, 0x1084, 0x1084, 0x1084, 0x1084, 0x1084, 0x1084, 0x1084, 0x1084, 0x1084, 0x1084,
    0x1084, 0x1084, 0x1084, 0x1084, 0x1084, 0x1084, 0x1084, 0x1084, 0x1084, 0x1084, 0x1084, 0x1084,
    0x1084, 0x1084, 0x1084, 0x1084, 0x1084, 0x1084, 0x1084, 0x1084, 0x1084, 0x1084, 0x1084, 0x1084,
    0x1084, 0x1084, 0x1084, 0x1084, 0x1084, 0x1084, 0x1084, 0x1084, 0x1084, 0x1084, 0x1084, 0x1084,
    0x1084, 0x1084, 0x1084, 0x1084, 0x1084, 0x1084, 0x1084, 0x1084, 0x1084, 0x1084, 0x1084, 0x1084,
    0x1084, 0x1084, 0x1084, 0x1084, 0x1084, 0x1084, 0x3084, 0x1084, 0xB294, 0x95B5, 0xD6C5, 0xB5BD,
    0x54AD, 0xB294, 0x1084, 0x1084, 0x3084, 0x3084, 0x1084, 0x1084, 0x1084, 0x1084, 0x1084, 0xEF7B,
    0x1084, 0x3084, 0x1084, 0xE9DD, 0x47EE, 0xD29C, 0xD39C, 0xD29C, 0xF39C, 0xD39C, 0xD39C, 0xF39C,
    0xF39C, 0xF39C, 0xF39C, 0xF39C, 0xD39C, 0xF39C, 0xF39C, 0xF39C, 0xD29C, 0xF39C, 0xB294, 0x2421,
    0xA218, 0xC210, 0xC559, 0x2AC3, 0x2AC3, 0x09C3, 0x2AC3, 0x29C3, 0x09C3, 0x2ACB, 0x29C3, 0x29C3,
    0x29C3, 0x2AC3, 0x29C3, 0x09BB, 0x09C3, 0x4AD3, 0x477A, 0xA210, 0xE318, 0x308C, 0x13A5, 0xD29C,
    0xD39C, 0xF39C, 0xD39C, 0xF39C, 0xF39C, 0xF39C, 0xD39C, 0xF39C, 0xD39C, 0x13A5, 0xD29C, 0x1084,
    0xAE73, 0x0742, 0xAA52, 0xAE73, 0x1084, 0x518C, 0x51B5, 0x28EE, 0x2A94, 0x8C73, 0xACD5, 0x8CD5,
    0x8CD5, 0x8CD5, 0x6CCD, 0xACDD, 0x0B8C, 0xEB5A, 0x1084, 0x1084, 0x1084, 0x9194, 0x1084, 0xAE73,
    0x484A, 0xE739, 0x8E73, 0x1084, 0xEF7B, 0x1084, 0x1084, 0x1084, 0x1084, 0x1084, 0x1084, 0x1084,
    0x1084, 0x1084, 0x1084, 0x1084, 0x1084, 0x1084, 0x1084, 0x1084, 0x1084, 0x1084, 0x1084, 0x1084,
    0x1084, 0x1084, 0x1084, 0x1084, 0x1084, 0x1084, 0x1084, 0x1084, 0x1084, 0x1084, 0x1084, 0x1084,
    0x1084, 0x1084, 0x1084, 0x1084, 0x1084, 0x1084, 0x1084, 0x1084, 0x1084, 0x1084, 0x1084, 0x1084,
    0x1084, 0x1084, 0x1084, 0x1084, 0x1084, 0x1084, 0x1084, 0x1084, 0x1084, 0x1084, 0x1084, 0x1084,
    0x1084, 0x1084, 0x1084, 0x1084, 0x1084, 0x1084, 0x1084, 0x1084, 0x1084, 0x1084, 0x1084, 0x1084,
    0x1084, 0x1084, 0x1084, 0x1084, 0x1084, 0x1084, 0x1084, 0x1084, 0x1084, 0x1084, 0x1084, 0x1084,
    0x1084, 0x1084, 0x1084, 0x1084, 0x1084, 0x1084, 0x1084, 0x1084, 0x1084, 0x1084, 0x1084, 0x1084,
    0x1084, 0x1084, 0x1084, 0x1084, 0x1084, 0x1084, 0x1084, 0x1084, 0x1084, 0x1084, 0x1084, 0x1084,
    0x1084, 0x1084, 0x1084, 0x1084, 0x1084, 0x1084, 0x1084, 0x1084, 0x1084, 0x1084, 0x1084, 0x1084,
    0x1084, 0x1084, 0x1084, 0x1084, 0x1084, 0x1084, 0x1084, 0x1084, 0x1084, 0x1084, 0x1084, 0x1084,
    0x1084, 0x1084, 0x1084, 0x1084, 0x1084, 0x1084, 0x1084, 0x1084, 0xEF7B, 0x1084, 0x1084, 0x1084,
    0x1084, 0x1084, 0x1084, 0x1084, 0x1084, 0x1084, 0x1084, 0xEF7B, 0x1084, 0x1084, 0x1084, 0xEF7B,
    0x1084, 0x3084, 0x1084, 0xE9DD, 0x47EE, 0xD29C, 0xD39C, 0xD29C, 0xD39C, 0xF39C, 0xF39C, 0xF39C,
    0xF39C, 0xF39C, 0xF39C, 0xF39C, 0xF39C, 0xD39C, 0xF39C, 0xD39C, 0xD39C, 0xD29C, 0x14A5, 0xCE7B,
    0x8210, 0xA210, 0xC99A, 0x6BD3, 0x2AC3, 0x09C3, 0x09BB, 0x09C3, 0x2AC3, 0x09BB, 0x09C3, 0x09C3,
    0x09C3, 0x09C3, 0x2AC3, 0x4ACB, 0x2AC3, 0xE669, 0x6108, 0x4421, 0x508C, 0x14A5, 0xD29C, 0xF39C,
    0xD39C, 0xF39C, 0xF39C, 0xF39C, 0xF39C, 0xD39C, 0xF39C, 0xF39C, 0xF39C, 0xD29C, 0x34AD, 0x7194,
    0x1084, 0x6D6B, 0x0842, 0x0842, 0x0C63, 0x1084, 0x4F8C, 0xCBD5, 0x6B9C, 0xAC7B, 0xACD5, 0x6CCD,
    0x8CCD, 0x6CCD, 0x6CCD, 0xACD5, 0xCB83, 0x0C5B, 0x508C, 0x518C, 0x9294, 0x1084, 0xEF7B, 0x894A,
    0xE739, 0x2C63, 0x1084, 0x3084, 0x1084, 0xEF7B, 0x1084, 0x1084, 0x1084, 0x1084, 0x1084, 0x1084,
    0x1084, 0x1084, 0x1084, 0x1084, 0x1084, 0x1084, 0x1084, 0x1084, 0x1084, 0x1084, 0x1084, 0x1084,
    0x1084, 0x1084, 0x1084, 0x1084, 0x1084, 0x1084, 0x1084, 0x1084, 0x1084, 0x1084, 0x1084, 0x1084,
    0x1084, 0x1084, 0x1084, 0x1084, 0x1084, 0x1084, 0x1084, 0x1084, 0x1084, 0x1084, 0x1084, 0x1084,
    0x1084, 0x1084, 0x1084, 0x1084, 0x1084, 0x1084, 0x1084, 0x1084, 0x1084, 0x1084, 0x1084, 0x1084,
    0x1084, 0x1084, 0x1084, 0x1084, 0x1084, 0x1084, 0x1084, 0x1084, 0x1084, 0x1084, 0x1084, 0x1084,
    0x1084, 0x1084, 0x1084, 0x1084, 0x1084, 0x1084, 0x1084, 0x1084, 0x1084, 0x1084, 0x1084, 0x1084,
    0x1084, 0x1084, 0x1084, 0x1084, 0x1084, 0x1084, 0x1084, 0x1084, 0x1084, 0x1084, 0x1084, 0x1084,
    0x1084, 0x1084, 0x1084, 0x1084, 0x1084, 0x1084, 0x1084, 0x1084, 0x1084, 0x1084, 0x1084, 0x1084,
    0x1084, 0x1084, 0x1084, 0x1084, 0x1084, 0x1084, 0x1084, 0x1084, 0x1084, 0x1084, 0x1084, 0x1084,
    0x1084, 0x1084, 0x1084, 0x1084, 0x1084, 0x1084, 0x1084, 0x1084, 0x1084, 0x1084, 0x1084, 0x1084,
    0x1084, 0x1084, 0x1084, 0x1084, 0x1084, 0x1084, 0x1084, 0x1084, 0x1084, 0x3084, 0x3084, 0x1084,
    0xEF7B, 0xEF7B, 0xCF7B, 0x8E73, 0xEF7B, 0x518C, 0x1084, 0xEF7B, 0x1084, 0x1084, 0x1084, 0xEF7B,
    0x1084, 0x308C, 0x1084, 0xE8DD, 0x47EE, 0xD29C, 0xD39C, 0xF39C, 0xF39C, 0xF39C, 0xD39C, 0xF39C,
    0xF39C, 0xF39C, 0xF39C, 0xF39C, 0xF39C, 0xD39C, 0xD39C, 0xD39C, 0xF39C, 0xF39C, 0xD29C, 0x34A5,
    0xAE73, 0xC218, 0xA210, 0x066A, 0xE9B2, 0x4ACB, 0x4ACB, 0x4ACB, 0x2ACB, 0x2ACB, 0x2ACB, 0x4ACB,
    0x4ACB, 0x4ACB, 0xE9B2, 0x2772, 0xE320, 0x6100, 0x2842, 0xD29C, 0x13A5, 0xD29C, 0xF39C, 0xD39C,
    0xD39C, 0xF39C, 0xF39C, 0xF39C, 0xD39C, 0xD39C, 0xD39C, 0xF39C, 0xF39C, 0xF39C, 0xD29C, 0x34A5,
    0x508C, 0x1084, 0xEB5A, 0xE739, 0xC739, 0x4D6B, 0x1084, 0x1084, 0xEE83, 0x0D8C, 0xEDDD, 0xEDDD,
    0xEDDD, 0xEDDD, 0xCDDD, 0x0DE6, 0x0C8C, 0xEB5A, 0x9194, 0x718C, 0x1084, 0xAE73, 0x494A, 0xE739,
    0x0C63, 0x1084, 0x3084, 0x1084, 0x1084, 0x1084, 0x1084, 0x1084, 0x1084, 0x1084, 0x1084, 0x1084,
    0x1084, 0x1084, 0x1084, 0x1084, 0x1084, 0x1084, 0x1084, 0x1084, 0x1084, 0x1084, 0x1084, 0x1084,
    0x1084, 0x1084, 0x1084, 0x1084, 0x1084, 0x1084, 0x1084, 0x1084, 0x1084, 0x1084, 0x1084, 0x1084,
    0x1084, 0x1084, 0x1084, 0x1084, 0x1084, 0x1084, 0x1084, 0x1084, 0x1084, 0x1084, 0x1084, 0x1084,
    0x1084, 0x1084, 0x1084, 0x1084, 0x1084, 0x1084, 0x1084, 0x1084, 0x1084, 0x1084, 0x1084, 0x1084,
    0x1084, 0x1084, 0x1084, 0x1084, 0x1084, 0x1084, 0x1084, 0x1084, 0x1084, 0x1084, 0x1084, 0x1084,
    0x1084, 0x1084, 0x1084, 0x1084, 0x1084, 0x1084, 0x1084, 0x1084, 0x1084, 0x1084, 0x1084, 0x1084,
    0x1084, 0x1084, 0x1084, 0x1084, 0x1084, 0x1084, 0x1084, 0x1084, 0x1084, 0x1084, 0x1084, 0x1084,
    0x1084, 0x1084, 0x1084, 0x1084, 0x1084, 0x1084, 0x1084, 0x1084, 0x1084, 0x1084, 0x1084, 0x1084,
    0x1084, 0x1084, 0x1084, 0x1084, 0x1084, 0x1084, 0x1084, 0x1084, 0x1084, 0x1084, 0x1084, 0x1084,
    0x1084, 0x1084, 0x1084, 0x1084, 0x1084, 0x1084, 0x1084, 0x1084, 0x1084, 0x1084, 0x1084, 0x1084,
    0x1084, 0x1084, 0x1084, 0x1084, 0x1084, 0x1084, 0x1084, 0x1084, 0x1084, 0x1084, 0x3084, 0xEF7B,
    0x8E73, 0xAE73, 0xAE73, 0xAE73, 0xCF7B, 0x3084, 0xEF7B, 0x1084, 0xEF7B, 0x1084, 0x1084, 0xEF7B,
    0x1084, 0x3084, 0x1084, 0xE8DD, 0x48EE, 0xD29C, 0xD39C, 0xF39C, 0xF39C, 0xD39C, 0xF39C, 0xD39C,
    0xF39C, 0xD39C, 0xD39C, 0xD39C, 0xD39C, 0xD39C, 0xD39C, 0xF39C, 0xF39C, 0xD39C, 0xD39C, 0xD29C,
    0x34A5, 0x508C, 0xA631, 0x4100, 0xA210, 0x6441, 0x0672, 0x8892, 0xC9A2, 0xE9AA, 0xE9AA, 0xA89A,
    0x277A, 0x6449, 0x8210, 0x6100, 0x8631, 0xAE7B, 0x14A5, 0xF39C, 0xD29C, 0xF39C, 0xF39C, 0xF39C,
    0xF39C, 0xF39C, 0xF39C, 0xF39C, 0xD39C, 0xD39C, 0xF39C, 0xF39C, 0xD39C, 0xD39C, 0xD29C, 0xF3A4,
    0x13A5, 0x3084, 0x1084, 0x0C63, 0xE739, 0x694A, 0x6D6B, 0xAF73, 0x1084, 0x1084, 0x8F94, 0xCFAC,
    0xEDB4, 0x2EBD, 0x0DB5, 0xEEAC, 0x0F84, 0xEF7B, 0x1084, 0xCF7B, 0x2C63, 0x2842, 0xC631, 0x2C63,
    0x1084, 0x308C, 0x1084, 0x1084, 0x1084, 0x1084, 0x1084, 0x1084, 0x1084, 0x1084, 0x1084, 0x1084,
    0x1084, 0x1084, 0x1084, 0x1084, 0x1084, 0x1084, 0x1084, 0x1084, 0x1084, 0x1084, 0x1084, 0x1084,
    0x1084, 0x1084, 0x1084, 0x1084, 0x1084, 0x1084, 0x1084, 0x1084, 0x1084, 0x1084, 0x1084, 0x1084,
    0x1084, 0x1084, 0x1084, 0x1084, 0x1084, 0x1084, 0x1084, 0x1084, 0x1084, 0x1084, 0x1084, 0x1084,
    0x1084, 0x1084, 0x1084, 0x1084, 0x1084, 0x1084, 0x1084, 0x1084, 0x1084, 0x1084, 0x1084, 0x1084,
    0x1084, 0x1084, 0x1084, 0x1084, 0x1084, 0x1084, 0x1084, 0x1084, 0x1084, 0x1084, 0x1084, 0x1084,
    0x1084, 0x1084, 0x1084, 0x1084, 0x1084, 0x1084, 0x1084, 0x1084, 0x1084, 0x1084, 0x1084, 0x1084,
    0x1084, 0x1084, 0x1084, 0x1084, 0x1084, 0x1084, 0x1084, 0x1084, 0x1084, 0x1084, 0x1084, 0x1084,
    0x1084, 0x1084, 0x1084, 0x1084, 0x1084, 0x1084, 0x1084, 0x1084, 0x1084, 0x1084, 0x1084, 0x1084,
    0x1084, 0x1084, 0x1084, 0x1084, 0x1084, 0x1084, 0x1084, 0x1084, 0x1084, 0x1084, 0x1084, 0x1084,
    0x1084, 0x1084, 0x1084, 0x1084, 0x1084, 0x1084, 0x1084, 0x1084, 0x1084, 0x1084, 0x1084, 0x1084,
    0x1084, 0x1084, 0x1084, 0x1084, 0x1084, 0x1084, 0x1084, 0x1084, 0x1084, 0x1084, 0x3084, 0x3084,
    0xCF7B, 0xAE73, 0xCF7B, 0xCF7B, 0x8E73, 0xEF7B, 0x518C, 0x1084, 0x1084, 0x1084, 0x1084, 0xEF7B,
    0x1084, 0x3084, 0x1084, 0xE8DD, 0x48EE, 0xD29C, 0xD39C, 0xD29C, 0xF39C, 0xF39C, 0xD29C, 0xD29C,
    0xF39C, 0xF39C, 0xF39C, 0xF39C, 0xF39C, 0xF39C, 0xD39C, 0xD39C, 0xD39C, 0xD39C, 0xD39C, 0xD29C,
    0xD29C, 0xF3A4, 0x13A5, 0x8D73, 0xC739, 0xC210, 0x6100, 0x6100, 0x8108, 0x8110, 0x8108, 0x8108,
    0x8208, 0x2421, 0x494A, 0xEF83, 0x13A5, 0x13A5, 0xD29C, 0xD29C, 0xF39C, 0xF39C, 0xD29C, 0xF39C,
    0xF39C, 0xF39C, 0xD39C, 0xF39C, 0xF39C, 0xD39C, 0xD39C, 0xD39C, 0xF39C, 0xF39C, 0xF39C, 0xD39C,
    0xF3A4, 0xF3A4, 0x518C, 0x1084, 0x8E73, 0x0C63, 0x4D6B, 0x2C63, 0x4C6B, 0xAE73, 0xCF7B, 0x1084,
    0x1084, 0x1084, 0x1084, 0x1084, 0xEF7B, 0xCF7B, 0x4C6B, 0xAA52, 0xE739, 0x2842, 0x8D6B, 0x1084,
    0x518C, 0x1084, 0x1084, 0x1084, 0x1084, 0x1084, 0x1084, 0x1084, 0x1084, 0x1084, 0x1084, 0x1084,
    0x1084, 0x1084, 0x1084, 0x1084, 0x1084, 0x1084, 0x1084, 0x1084, 0x1084, 0x1084, 0x1084, 0x1084,
    0x1084, 0x1084, 0x1084, 0x1084, 0x1084, 0x1084, 0x1084, 0x1084, 0x1084, 0x1084, 0x1084, 0x1084,
    0x1084, 0x1084, 0x1084, 0x1084, 0x1084, 0x1084, 0x1084, 0x1084, 0x1084, 0x1084, 0x1084, 0x1084,
    0x1084, 0x1084, 0x1084, 0x1084, 0x1084, 0x1084, 0x1084, 0x1084, 0x1084, 0x1084, 0x1084, 0x1084,
    0x1084, 0x1084, 0x1084, 0x1084, 0x1084, 0x1084, 0x1084, 0x1084, 0x1084, 0x1084, 0x1084, 0x1084,
    0x1084, 0x1084, 0x1084, 0x1084, 0x1084, 0x1084, 0x1084, 0x1084, 0x1084, 0x1084, 0x1084, 0x1084,
    0x1084, 0x1084, 0x1084, 0x1084, 0x1084, 0x1084, 0x1084, 0x1084, 0x1084, 0x1084, 0x1084, 0x1084,
    0x1084, 0x1084, 0x1084, 0x1084, 0x1084, 0x1084, 0x1084, 0x1084, 0x1084, 0x1084, 0x1084, 0x1084,
    0x1084, 0x1084, 0x1084, 0x1084, 0x1084, 0x1084, 0x1084, 0x1084, 0x1084, 0x1084, 0x1084, 0x1084,
    0x1084, 0x1084, 0x1084, 0x1084, 0x1084, 0x1084, 0x1084, 0x1084, 0x1084, 0x1084, 0x1084, 0x1084,
    0x1084, 0x1084, 0x1084, 0x1084, 0x1084, 0x1084, 0x1084, 0x1084, 0x1084, 0x1084, 0x1084, 0x3084,
    0xEF7B, 0xAE73, 0x8E73, 0xAE73, 0xAE73, 0xAE73, 0x1084, 0x508C, 0x3084, 0x1084, 0x1084, 0x1084,
    0x1084, 0x3084, 0x1084, 0xE8DD, 0x28EE, 0xD39C, 0xD39C, 0xF39C, 0xD39C, 0xF39C, 0x34AD, 0x13A5,
    0xF3A4, 0xF3A4, 0xF39C, 0xF29C, 0xF3A4, 0x13A5, 0x13A5, 0x13A5, 0x34A5, 0x54AD, 0x54AD, 0x54AD,
    0x54AD, 0x54AD, 0x54AD, 0x95B5, 0x95B5, 0x13A5, 0x308C, 0xAE7B, 0x4C6B, 0x2C6B, 0x6D6B, 0xEF7B,
    0x9194, 0x13A5, 0x55AD, 0x54AD, 0x13A5, 0xF39C, 0xF3A4, 0xF39C, 0xF39C, 0xF39C, 0xD39C, 0xD39C,
    0xF39C, 0xD39C, 0xD39C, 0xD39C, 0xD39C, 0xD39C, 0xD39C, 0xD39C, 0xD39C, 0xD39C, 0xF39C, 0xF39C,
    0xD39C, 0xF39C, 0x13A5, 0x9194, 0x1084, 0x1084, 0xAE73, 0x4D6B, 0x0B63, 0xEB5A, 0x0B63, 0xEB62,
    0xAA52, 0xEB5A, 0x2C63, 0x6D6B, 0x4D6B, 0xEB5A, 0xCA52, 0x2842, 0xEB5A, 0xEF7B, 0x1084, 0x3084,
    0x1084, 0x1084, 0xEF7B, 0x1084, 0x1084, 0x1084, 0x1084, 0x1084, 0x1084, 0x1084, 0x1084, 0x1084,
    0x1084, 0x1084, 0x1084, 0x1084, 0x1084, 0x1084, 0x1084, 0x1084, 0x1084, 0x1084, 0x1084, 0x1084,
    0x1084, 0x1084, 0x1084, 0x1084, 0x1084, 0x1084, 0x1084, 0x1084, 0x1084, 0x1084, 0x1084, 0x1084,
    0x1084, 0x1084, 0x1084, 0x1084, 0x1084, 0x1084, 0x1084, 0x1084, 0x1084, 0x1084, 0x1084, 0x1084,
    0x1084, 0x1084, 0x1084, 0x1084, 0x1084, 0x1084, 0x1084, 0x1084, 0x1084, 0x1084, 0x1084, 0x1084,
    0x1084, 0x1084, 0x1084, 0x1084, 0x1084, 0x1084, 0x1084, 0x1084, 0x1084, 0x1084, 0x1084, 0x1084,
    0x1084, 0x1084, 0x1084, 0x1084, 0x1084, 0x1084, 0x1084, 0x1084, 0x1084, 0x1084, 0x1084, 0x1084,
    0x1084, 0x1084, 0x1084, 0x1084, 0x1084, 0x1084, 0x1084, 0x1084, 0x1084, 0x1084, 0x1084, 0x1084,
    0x1084, 0x1084, 0x1084, 0x1084, 0x1084, 0x1084, 0x1084, 0x1084, 0x1084, 0x1084, 0x1084, 0x1084,
    0x1084, 0x1084, 0x1084, 0x1084, 0x1084, 0x1084, 0x1084, 0x1084, 0x1084, 0x1084, 0x1084, 0x1084,
    0x1084, 0x1084, 0x1084, 0x1084, 0x1084, 0x1084, 0x1084, 0x1084, 0x1084, 0x1084, 0x1084, 0x1084,
    0x1084, 0x1084, 0x1084, 0x1084, 0x1084, 0x1084, 0x1084, 0x1084, 0x1084, 0xEF7B, 0x1084, 0x3084,
    0x1084, 0xCF7B, 0x8E73, 0x8E73, 0x8E73, 0x8E73, 0xAE73, 0x1084, 0x518C, 0x518C, 0x3084, 0x1084,
    0x1084, 0x3084, 0x1084, 0xE8DD, 0x28EE, 0xD29C, 0xD39C, 0xD29C, 0xF39C, 0x13A5, 0xB294, 0x1184,
    0xF07B, 0xF07B, 0xF07B, 0xD07B, 0xD07B, 0xF17B, 0x117C, 0xF17B, 0x117C, 0x3184, 0x3284, 0x1184,
    0x3184, 0x5284, 0x528C, 0x3184, 0x528C, 0x9294, 0x9294, 0xD39C, 0xF39C, 0xF39C, 0xF39C, 0x14A5,
    0xF39C, 0xB294, 0xB294, 0xD29C, 0xF39C, 0xB29C, 0xD29C, 0xF3A4, 0xF39C, 0xF29C, 0xF3A4, 0x13A5,
    0x13A5, 0x33A5, 0x34AD, 0x34AD, 0x34AD, 0x54AD, 0x54AD, 0x54AD, 0x54AD, 0x14A5, 0xF39C, 0xD29C,
    0xD39C, 0xD39C, 0xD39C, 0x34AD, 0xD29C, 0x508C, 0x1084, 0x1084, 0xAE73, 0x6D6B, 0xEB62, 0x4C6B,
    0x694A, 0x073A, 0x484A, 0x6D6B, 0x4D6B, 0x0C63, 0x8E73, 0x1084, 0x1084, 0x308C, 0x3084, 0x1084,
    0x1084, 0x1084, 0x1084, 0x1084, 0x1084, 0x1084, 0x1084, 0x1084, 0x1084, 0x1084, 0x1084, 0x1084,
    0x1084, 0x1084, 0x1084, 0x1084, 0x1084, 0x1084, 0x1084, 0x1084, 0x1084, 0x1084, 0x1084, 0x1084,
    0x1084, 0x1084, 0x1084, 0x1084, 0x1084, 0x2C63, 0xEB5A, 0x1084, 0x1084, 0x1084, 0x1084, 0x1084,
    0x1084, 0x1084, 0x1084, 0x1084, 0x1084, 0x1084, 0x1084, 0x1084, 0x1084, 0x1084, 0x1084, 0x1084,
    0x1084, 0x1084, 0x1084, 0x694A, 0x2C63, 0x1084, 0x1084, 0x6D6B, 0x694A, 0x2C63, 0x1084, 0x1084,
    0x1084, 0x1084, 0x1084, 0x1084, 0x1084, 0x1084, 0x1084, 0x1084, 0x1084, 0x1084, 0x1084, 0x1084,
    0x1084, 0x1084, 0x1084, 0xCF7B, 0x1084, 0x1084, 0x1084, 0x1084, 0x1084, 0x1084, 0x1084, 0x1084,
    0x1084, 0x1084, 0x1084, 0x1084, 0x1084, 0x1084, 0x1084, 0x1084, 0x1084, 0x1084, 0x1084, 0xCF7B,
    0x1084, 0x1084, 0x1084, 0x1084, 0x1084, 0x1084, 0x1084, 0x1084, 0x1084, 0x1084, 0x1084, 0x1084,
    0x1084, 0x1084, 0x1084, 0xCF7B, 0x1084, 0x1084, 0x1084, 0x1084, 0x1084, 0x1084, 0x1084, 0x1084,
    0x1084, 0x1084, 0x1084, 0x1084, 0x1084, 0x1084, 0x1084, 0x1084, 0x1084, 0x1084, 0x1084, 0x1084,
    0x1084, 0x1084, 0x1084, 0x1084, 0x1084, 0x1084, 0x1084, 0x1084, 0x1084, 0x1084, 0x1084, 0x1084,
    0x3084, 0xEF7B, 0xCE7B, 0x8E73, 0xAE73, 0x8E73, 0xAE73, 0xAE73, 0xCF7B, 0x1084, 0x1084, 0x3084,
    0x1084, 0x3084, 0x1084, 0x08DE, 0x28E6, 0xD39C, 0xF39C, 0xD39C, 0x13A5, 0x518C, 0x1084, 0x8C9C,
    0x4AC5, 0xCAD5, 0xCAD5, 0xEBCD, 0xCACD, 0x6AC5, 0x8BBD, 0x6BBD, 0x2AB5, 0x2CB5, 0x0CAD, 0xECAC,
    0xACA4, 0xCD9C, 0x6C9C, 0x2C8C, 0x6D94, 0x6E8C, 0x2E8C, 0x0E84, 0x2F84, 0x0F84, 0xEE7B, 0xCF7B,
    0x1084, 0xEF7B, 0xF07B, 0xF07B, 0x1084, 0xF07B, 0xD07B, 0xF07B, 0xF07B, 0xF07B, 0xF17B, 0x117C,
    0x117C, 0xF17B, 0x1184, 0x3184, 0x3184, 0x1184, 0x5284, 0x528C, 0x728C, 0xD29C, 0x34A5, 0xF39C,
    0xD39C, 0xF39C, 0xD29C, 0xD29C, 0x14A5, 0x10AD, 0xC8BC, 0x4D94, 0x1084, 0x1084, 0x1084, 0x1084,
    0xCF7B, 0xAF73, 0xCF7B, 0xEF7B, 0xEF7B, 0x1084, 0x1084, 0x1084, 0x3084, 0x1084, 0x1084, 0x1084,
    0x1084, 0x1084, 0x1084, 0x1084, 0x1084, 0x1084, 0x1084, 0x1084, 0x1084, 0x1084, 0x1084, 0x1084,
    0x1084, 0x1084, 0x1084, 0x1084, 0x1084, 0x1084, 0x1084, 0x1084, 0x1084, 0x1084, 0x1084, 0x1084,
    0x1084, 0x1084, 0x1084, 0x1084, 0x1084, 0xE318, 0xE318, 0xCF7B, 0x1084, 0x1084, 0x1084, 0x1084,
    0x1084, 0x1084, 0x1084, 0x1084, 0x1084, 0x1084, 0x1084, 0x1084, 0x1084, 0x1084, 0x1084, 0x1084,
    0x1084, 0x1084, 0x1084, 0xE318, 0xE318, 0x1084, 0x6D6B, 0xE318, 0xE318, 0xCF7B, 0x1084, 0x1084,
    0x1084, 0x1084, 0x1084, 0x1084, 0x1084, 0x1084, 0x1084, 0x1084, 0x1084, 0x1084, 0x1084, 0x1084,
    0x1084, 0x1084, 0xCF7B, 0xE318, 0xCF7B, 0x1084, 0x1084, 0x1084, 0x1084, 0x1084, 0x1084, 0x1084,
    0x1084, 0x1084, 0x1084, 0x1084, 0x1084, 0x1084, 0x1084, 0x1084, 0x1084, 0x1084, 0xCF7B, 0xE318,
    0xCF7B, 0x1084, 0x1084, 0x1084, 0x1084, 0x1084, 0x1084, 0x1084, 0x1084, 0x1084, 0x1084, 0x1084,
    0x1084, 0x1084, 0xCF7B, 0xE318, 0xCF7B, 0x1084, 0x1084, 0x1084, 0x1084, 0x1084, 0x1084, 0x1084,
    0x1084, 0x1084, 0x1084, 0x1084, 0x1084, 0x1084, 0x1084, 0x1084, 0x1084, 0x1084, 0x1084, 0x1084,
    0x1084, 0x1084, 0x1084, 0x1084, 0x1084, 0x1084, 0x1084, 0x1084, 0x1084, 0x1084, 0xEF7B, 0x1084,
    0x3084, 0x1084, 0xEF7B, 0xAE73, 0xAE73, 0x8E73, 0xCE73, 0xCE7B, 0xAE73, 0xAE73, 0xCF7B, 0x8E73,
    0xCF7B, 0x1084, 0x1084, 0x08DE, 0x28E6, 0xD39C, 0xD39C, 0x34A5, 0x9294, 0x1084, 0x49C5, 0xA6FE,
    0x86FE, 0xA5B4, 0x838B, 0xA48B, 0xE493, 0x249C, 0x64AC, 0x84AC, 0xC4B4, 0xE5BC, 0x25C5, 0x65CD,
    0x85D5, 0xA5D5, 0xC6DD, 0xC6DD, 0xE6DD, 0x06E6, 0x06E6, 0x06E6, 0x06E6, 0x27E6, 0x06E6, 0x06DE,
    0x28E6, 0x28E6, 0x08E6, 0xE8DD, 0x29E6, 0x29E6, 0xE8DD, 0xA8D5, 0xCAD5, 0xCACD, 0x6AC5, 0x4ABD,
    0x6AC5, 0x6ABD, 0x0AB5, 0xCAA4, 0xACA4, 0xACA4, 0x8C9C, 0x4C94, 0x0E84, 0x1084, 0x718C, 0x13A5,
    0xF39C, 0xD39C, 0xF39C, 0xD29C, 0xD39C, 0xCEAC, 0x65E5, 0xAAAC, 0x1084, 0x8AAC, 0x6BA4, 0x2C94,
    0x0D8C, 0x2E8C, 0x1084, 0xEF7B, 0xCF7B, 0xAE73, 0xEF7B, 0x3084, 0x3084, 0x1084, 0x1084, 0x1084,
    0x1084, 0x1084, 0x1084, 0x1084, 0x1084, 0x1084, 0x1084, 0x1084, 0x1084, 0x1084, 0x1084, 0x1084,
    0x1084, 0x1084, 0x1084, 0x1084, 0x1084, 0x1084, 0x1084, 0x1084, 0x1084, 0x1084, 0x1084, 0x1084,
    0x1084, 0x1084, 0x1084, 0x1084, 0x694A, 0xE318, 0xE318, 0xE739, 0x1084, 0x1084, 0x1084, 0x6D6B,
    0xAA52, 0x694A, 0x2C63, 0x1084, 0x1084, 0x2C63, 0x6D6B, 0x1084, 0x1084, 0xCF7B, 0x2C63, 0x1084,
    0x1084, 0x1084, 0x1084, 0xE318, 0xE318, 0xCF7B, 0xE318, 0xE318, 0x6D6B, 0x1084, 0x1084, 0x1084,
    0xEB5A, 0xE739, 0xAA52, 0x1084, 0x1084, 0xEB5A, 0xEB5A, 0x1084, 0x1084, 0x6D6B, 0xAA52, 0xCF7B,
    0x1084, 0x1084, 0xCF7B, 0xE318, 0x694A, 0xEB5A, 0x6D6B, 0x1084, 0x1084, 0x2C63, 0x2842, 0xEB5A,
    0x1084, 0x1084, 0x1084, 0x1084, 0x1084, 0x1084, 0xCF7B, 0x694A, 0x694A, 0x6D6B, 0xCF7B, 0xE318,
    0x694A, 0xEB5A, 0x6D6B, 0x1084, 0x2C63, 0x2842, 0x694A, 0xCF7B, 0x1084, 0x1084, 0x6D6B, 0xAA52,
    0x694A, 0x6D6B, 0xCF7B, 0xE318, 0x694A, 0xEB5A, 0x6D6B, 0x1084, 0x1084, 0x1084, 0x1084, 0x1084,
    0x1084, 0x1084, 0x1084, 0x1084, 0x1084, 0x1084, 0x1084, 0x1084, 0x1084, 0x1084, 0x1084, 0x1084,
    0x1084, 0x1084, 0x1084, 0x1084, 0x1084, 0x1084, 0x1084, 0x1084, 0x1084, 0x1084, 0x1084, 0x1084,
    0x1084, 0x3084, 0x3084, 0xEF7B, 0xCF7B, 0xAE73, 0xAE73, 0xAE73, 0xCF7B, 0xCF7B, 0xAE73, 0x8E73,
    0xAE73, 0x1084, 0x1084, 0xE8DD, 0x28E6, 0xD39C, 0xD29C, 0x33A5, 0x117C, 0xACA4, 0xA6FE, 0xE6DD,
    0xC341, 0xE518, 0xAC4A, 0xCC52, 0xAC4A, 0x8B4A, 0x8B42, 0x4A42, 0x093A, 0x093A, 0xE831, 0xA731,
    0xA631, 0xA631, 0x8531, 0x8529, 0x8431, 0x8431, 0x8331, 0x8331, 0xC341, 0xC341, 0xC241, 0x024A,
    0x2352, 0x2252, 0x625A, 0xA262, 0xE26A, 0x0273, 0x227B, 0x6383, 0xA38B, 0xC393, 0x23A4, 0x64AC,
    0x84AC, 0x46C5, 0xE6E5, 0x46F6, 0xC6FE, 0x66FE, 0x46F6, 0x46F6, 0x06EE, 0x49C5, 0x1084, 0x718C,
    0x54AD, 0xD29C, 0xD39C, 0xD29C, 0xF49C, 0xCDAC, 0x45DD, 0x6BA4, 0xCF7B, 0x06D5, 0x25DD, 0x05D5,
    0x05D5, 0xC6C4, 0x0E84, 0x8E73, 0xEB5A, 0x4D6B, 0xAE73, 0x1084, 0x1084, 0x1084, 0x1084, 0x1084,
    0x1084, 0x1084, 0x1084, 0x1084, 0x1084, 0x1084, 0x1084, 0x1084, 0x1084, 0x1084, 0x1084, 0x1084,
    0x1084, 0x1084, 0x1084, 0x1084, 0x1084, 0x1084, 0x1084, 0x1084, 0x1084, 0x1084, 0x1084, 0x1084,
    0x1084, 0x1084, 0x1084, 0x1084, 0xE318, 0x2842, 0x2842, 0xE318, 0x1084, 0x1084, 0xCF7B, 0xE318,
    0xE318, 0xE318, 0xE318, 0xA631, 0x1084, 0xE318, 0xE318, 0x1084, 0x1084, 0x2421, 0xE318, 0x1084,
    0x1084, 0x1084, 0x1084, 0xE318, 0xE318, 0xE318, 0xE318, 0x2C63, 0x1084, 0x1084, 0x1084, 0x2421,
    0xE318, 0xE318, 0xE318, 0xE318, 0x1084, 0xE318, 0xE318, 0x1084, 0x1084, 0xE318, 0xE318, 0x1084,
    0x1084, 0x1084, 0xCF7B, 0xE318, 0xE318, 0xE318, 0x694A, 0x1084, 0xA631, 0xE318, 0xE318, 0xE318,
    0xE318, 0x1084, 0x1084, 0x1084, 0x1084, 0x6D6B, 0xE318, 0xE318, 0xE318, 0xE739, 0xCF7B, 0xE318,
    0xE318, 0xE318, 0x694A, 0x1084, 0xE318, 0xE318, 0xE318, 0xE318, 0xCF7B, 0x1084, 0xE318, 0xE318,
    0xE318, 0x2842, 0xCF7B, 0xE318, 0xE318, 0xE318, 0x694A, 0x1084, 0x1084, 0x1084, 0x1084, 0x1084,
    0x1084, 0x1084, 0x1084, 0x1084, 0x1084, 0x1084, 0x1084, 0x1084, 0x1084, 0x1084, 0x1084, 0x1084,
    0x1084, 0x1084, 0x1084, 0x1084, 0x1084, 0x1084, 0x1084, 0x1084, 0x1084, 0x1084, 0x1084, 0x1084,
    0xEF7B, 0x1084, 0x518C, 0x1084, 0x1084, 0xEF7B, 0xAE73, 0x8E73, 0xAE73, 0xCE7B, 0xCF7B, 0xAE73,
    0xCE7B, 0xEF7B, 0x1084, 0x08DE, 0x28E6, 0xB394, 0xD39C, 0xF39C, 0x1084, 0x49C5, 0xC7FE, 0xC362,
    0xA829, 0x7ABE, 0x59B6, 0xD7AD, 0xD7AD, 0xD7AD, 0xD7AD, 0xF7AD, 0xF7B5, 0xF7B5, 0xF8AD, 0xD7AD,
    0xD7AD, 0xD7AD, 0xB7A5, 0xB7A5, 0x97A5, 0x769D, 0x569D, 0x3595, 0x1595, 0xF58C, 0xB48C, 0x9384,
    0x7384, 0x527C, 0x1274, 0xF16B, 0xD16B, 0x8F63, 0x6F63, 0x4E5B, 0xED52, 0xCC4A, 0x8B4A, 0x4A42,
    0xE831, 0xC310, 0xA210, 0x6331, 0xC46A, 0x65D5, 0x05EE, 0xC5DD, 0xC5E5, 0x86FE, 0x0AB5, 0x1084,
    0xD29C, 0x13A5, 0xF39C, 0xD29C, 0xF49C, 0xCCB4, 0x45DD, 0x6C9C, 0x0F84, 0xE5CC, 0xC5C4, 0xC5C4,
    0xA5C4, 0x05D5, 0x4D9C, 0xCF7B, 0x8952, 0x4D6B, 0x8E73, 0xEF7B, 0x518C, 0x1084, 0x1084, 0x1084,
    0x1084, 0x1084, 0x1084, 0x1084, 0x1084, 0x1084, 0x1084, 0x1084, 0x1084, 0x1084, 0x1084, 0x1084,
    0x1084, 0x1084, 0x1084, 0x1084, 0x1084, 0x1084, 0x1084, 0x1084, 0x1084, 0x1084, 0x1084, 0x1084,
    0x1084, 0x1084, 0x1084, 0x2C63, 0xE318, 0x1084, 0x1084, 0xE318, 0xEB5A, 0x1084, 0xCF7B, 0xE318,
    0x6D6B, 0x1084, 0x2842, 0xE318, 0x1084, 0xAA52, 0xE318, 0x1084, 0x1084, 0xE318, 0x694A, 0x1084,
    0x1084, 0x1084, 0x1084, 0xE318, 0xE318, 0xE318, 0xAA52, 0x1084, 0x1084, 0x1084, 0x2C63, 0xE318,
    0x6529, 0x1084, 0xA631, 0xE318, 0x2C63, 0xAA52, 0xE318, 0x694A, 0x1084, 0xE318, 0xE318, 0x1084,
    0x1084, 0x1084, 0xCF7B, 0xE318, 0xCF7B, 0x1084, 0x1084, 0x6D6B, 0xE318, 0xEB5A, 0x1084, 0x6D6B,
    0xE318, 0xEB5A, 0x1084, 0x1084, 0x1084, 0x694A, 0xE318, 0x1084, 0x1084, 0x1084, 0xCF7B, 0xE318,
    0xCF7B, 0x1084, 0x1084, 0x1084, 0x1084, 0x1084, 0x1084, 0xE318, 0x694A, 0xCF7B, 0xE318, 0x6D6B,
    0x1084, 0x1084, 0xCF7B, 0xE318, 0xCF7B, 0x1084, 0x1084, 0x1084, 0x1084, 0x1084, 0x1084, 0x1084,
    0x1084, 0x1084, 0x1084, 0x1084, 0x1084, 0x1084, 0x1084, 0x1084, 0x1084, 0x1084, 0x1084, 0x1084,
    0x1084, 0x1084, 0x1084, 0x1084, 0x1084, 0x1084, 0x1084, 0x1084, 0x1084, 0x1084, 0x1084, 0x1084,
    0x1084, 0x1084, 0x1084, 0x1084, 0x1084, 0x1084, 0x1084, 0xEF7B, 0xCF7B, 0xAE73, 0xEF7B, 0x8E73,
    0xCF7B, 0x1084, 0x1084, 0xE8DD, 0x29E6, 0xD39C, 0xD39C, 0xF39C, 0x117C, 0x89CD, 0x26EE, 0x2321,
    0xD7A5, 0x559D, 0x1084, 0x1084, 0x1084, 0x1084, 0x1084, 0x1084, 0x1084, 0x1084, 0x1084, 0x1084,
    0x1084, 0x1084, 0x3084, 0x1084, 0x5184, 0x5184, 0x718C, 0x518C, 0x518C, 0xB28C, 0xD394, 0xB294,
    0xF394, 0x149D, 0x349D, 0x34A5, 0x75A5, 0x96A5, 0x96A5, 0xB6A5, 0xB7AD, 0xB7AD, 0xB7AD, 0xF8AD,
    0x59BE, 0x39B6, 0x2842, 0xC318, 0x2521, 0x0321, 0x25C5, 0x05EE, 0xC5DD, 0xE5E5, 0xC6DD, 0xEF7B,
    0xB294, 0x34A5, 0xD29C, 0xD29C, 0xD49C, 0xCBB4, 0x45DD, 0x2C94, 0x2E8C, 0x05CD, 0xC5C4, 0xC5C4,
    0xA5C4, 0x25D5, 0x6AA4, 0x1084, 0xAA52, 0xEB5A, 0x8E73, 0xCF7B, 0x1084, 0xEF7B, 0xEF7B, 0xEF7B,
    0x3084, 0x1084, 0x1084, 0x1084, 0x1084, 0x1084, 0x1084, 0x1084, 0x1084, 0x1084, 0x1084, 0x1084,
    0x1084, 0x1084, 0x1084, 0x1084, 0x1084, 0x1084, 0x1084, 0x1084, 0x1084, 0x1084, 0x1084, 0x1084,
    0x1084, 0x1084, 0x1084, 0x2421, 0xE318, 0x6D6B, 0x6D6B, 0xE318, 0xE318, 0x1084, 0xCF7B, 0xE318,
    0x6D6B, 0x1084, 0x2C63, 0xE318, 0x1084, 0x1084, 0xE318, 0xAA52, 0xCF7B, 0xE318, 0xCF7B, 0x1084,
    0x1084, 0x1084, 0x1084, 0xE318, 0xE318, 0xE318, 0xE318, 0x2C63, 0x1084, 0x1084, 0x2842, 0xE318,
    0xE318, 0xE318, 0xE318, 0xE318, 0x694A, 0x1084, 0xE318, 0xE318, 0x6D6B, 0xE318, 0x694A, 0x1084,
    0x1084, 0x1084, 0xCF7B, 0xE318, 0xCF7B, 0x1084, 0x1084, 0x694A, 0xE318, 0x1084, 0x1084, 0x1084,
    0xE318, 0xA631, 0x1084, 0x1084, 0x1084, 0xCF7B, 0xE318, 0xE318, 0x2842, 0x1084, 0xCF7B, 0xE318,
    0xCF7B, 0x1084, 0x1084, 0x1084, 0x2842, 0xE318, 0xE318, 0xE318, 0xE739, 0xCF7B, 0xE318, 0x6D6B,
    0x1084, 0x1084, 0xCF7B, 0xE318, 0xCF7B, 0x1084, 0x1084, 0x1084, 0x1084, 0x1084, 0x1084, 0x1084,
    0x1084, 0x1084, 0x1084, 0x1084, 0x1084, 0x1084, 0x1084, 0x1084, 0x1084, 0x1084, 0x1084, 0x1084,
    0x1084, 0x1084, 0x1084, 0x1084, 0x1084, 0x1084, 0x1084, 0x1084, 0x1084, 0x1084, 0x1084, 0x1084,
    0x1084, 0x1084, 0xEF7B, 0x1084, 0x1084, 0x1084, 0x3084, 0x3084, 0x1084, 0x1084, 0x1084, 0x1084,
    0x1084, 0x1084, 0xF07B, 0xE8DD, 0x28E6, 0xD39C, 0xD29C, 0xF39C, 0xD07B, 0x68CD, 0x86D5, 0x4529,
    0xD8AD, 0x1084, 0x1084, 0x1084, 0xCF73, 0x4942, 0x4942, 0xAF73, 0x1084, 0x1084, 0x1084, 0x1084,
    0xAE73, 0x8E6B, 0x1084, 0x1084, 0x1084, 0x1084, 0x1084, 0xF07B, 0xEF7B, 0x1084, 0x1084, 0x1084,
    0x1084, 0x1084, 0x1084, 0x1084, 0x1084, 0x1084, 0x1084, 0x1084, 0x1084, 0x1084, 0x1084, 0x1084,
    0xEF7B, 0x76A5, 0x5ABE, 0x2421, 0xC952, 0x4521, 0x034A, 0x25EE, 0xC5E5, 0xE5E5, 0xC5DD, 0xED7B,
    0xB294, 0x34A5, 0xD29C, 0xD29C, 0xF49C, 0xCBB4, 0x45DD, 0x4D94, 0x0D8C, 0x26D5, 0xC5C4, 0x05D5,
    0x06D5, 0x46DD, 0xA8BC, 0x1084, 0x4D6B, 0x4C63, 0x1084, 0x107C, 0x518C, 0x9294, 0x9294, 0x718C,
    0xEF7B, 0xEF7B, 0x3084, 0x1084, 0x1084, 0x1084, 0x1084, 0x1084, 0x1084, 0x1084, 0x1084, 0x1084,
    0x1084, 0x1084, 0x1084, 0x1084, 0x1084, 0x1084, 0x1084, 0x1084, 0x1084, 0x1084, 0x1084, 0x1084,
    0x1084, 0x1084, 0x1084, 0xE318, 0xE318, 0xE318, 0xE318, 0xE318, 0xE318, 0xCF7B, 0xCF7B, 0xE318,
    0x6D6B, 0x1084, 0x2C63, 0xE318, 0x1084, 0x1084, 0x6529, 0xE318, 0x2842, 0xE318, 0x1084, 0x1084,
    0x1084, 0x1084, 0x1084, 0xE318, 0xE318, 0x2C63, 0xE318, 0xE318, 0x6D6B, 0x1084, 0x2842, 0xE318,
    0x6529, 0x694A, 0x694A, 0x694A, 0x6D6B, 0x1084, 0x6529, 0xE318, 0x2421, 0xE318, 0x1084, 0x1084,
    0x1084, 0x1084, 0xCF7B, 0xE318, 0xCF7B, 0x1084, 0x1084, 0x694A, 0xE318, 0x1084, 0x1084, 0x1084,
    0xE318, 0xE739, 0x1084, 0x1084, 0x1084, 0x1084, 0x1084, 0x694A, 0xE318, 0xE318, 0xCF7B, 0xE318,
    0xCF7B, 0x1084, 0x1084, 0x694A, 0xE318, 0xEB5A, 0xCF7B, 0xE318, 0xE739, 0xCF7B, 0xE318, 0x6D6B,
    0x1084, 0x1084, 0xCF7B, 0xE318, 0xCF7B, 0x1084, 0x1084, 0x1084, 0x1084, 0x1084, 0x1084, 0x1084,
    0x1084, 0x1084, 0x1084, 0x1084, 0x1084, 0x1084, 0x1084, 0x1084, 0x1084, 0x1084, 0x1084, 0x1084,
    0x1084, 0x1084, 0x1084, 0x1084, 0x1084, 0x1084, 0x1084, 0x1084, 0x1084, 0x1084, 0x1084, 0x1084,
    0x1084, 0x1084, 0x1084, 0x1084, 0x1084, 0x1084, 0x1084, 0x3084, 0x3084, 0x3084, 0x518C, 0x1084,
    0x1084, 0x1084, 0xF07B, 0xE8DD, 0x29E6, 0xD39C, 0x54AD, 0xD29C, 0xD07B, 0x88CD, 0x26EE, 0x4429,
    0x969D, 0x728C, 0x1084, 0x107C, 0xA631, 0xC218, 0xC218, 0x4529, 0xEF7B, 0xEF7B, 0x1084, 0x0C63,
    0x0421, 0xE318, 0x083A, 0x107C, 0x107C, 0x1084, 0x6D6B, 0x8629, 0x4529, 0xEB5A, 0x1084, 0xEF7B,
    0x1084, 0xAE73, 0x083A, 0x083A, 0xAE73, 0x1084, 0x107C, 0x1084, 0xCF73, 0xAA52, 0xEB5A, 0x1084,
    0x1084, 0xEF7B, 0x7ABE, 0x4942, 0xE639, 0xCA52, 0x2321, 0x85D5, 0xE5E5, 0xE5E5, 0xA6DD, 0x0F84,
    0xD29C, 0x13A5, 0xD39C, 0xF29C, 0xF39C, 0xC9BC, 0x25D5, 0x2E8C, 0x0C8C, 0x25D5, 0x05D5, 0xA8B4,
    0x2C94, 0x0D8C, 0x2D94, 0x1084, 0x1084, 0xB294, 0x38CE, 0xFBE6, 0x5CEF, 0x7DF7, 0x7CF7, 0x5CEF,
    0xFBDE, 0xF3A4, 0xEF7B, 0x518C, 0x1084, 0x1084, 0x1084, 0x1084, 0x1084, 0x1084, 0x1084, 0x1084,
    0x1084, 0x1084, 0x1084, 0x1084, 0x1084, 0x1084, 0x1084, 0x1084, 0x1084, 0x1084, 0x1084, 0x1084,
    0x1084, 0x1084, 0x694A, 0xE318, 0x1084, 0x1084, 0x1084, 0x1084, 0xE318, 0x2842, 0xCF7B, 0xE318,
    0x6D6B, 0x1084, 0x2C63, 0xE318, 0x1084, 0x1084, 0x6D6B, 0xE318, 0xE318, 0x2842, 0x1084, 0x1084,
    0x1084, 0x1084, 0x1084, 0xE318, 0xE318, 0x1084, 0xEB5A, 0xE318, 0xE318, 0x1084, 0x6D6B, 0xE318,
    0xE318, 0xAA52, 0xEB5A, 0xAA52, 0x1084, 0x1084, 0x6D6B, 0xE318, 0xE318, 0xE318, 0x1084, 0x1084,
    0x1084, 0x1084, 0x1084, 0xE318, 0xAA52, 0x1084, 0x1084, 0xCF7B, 0xE318, 0x2842, 0x1084, 0xAA52,
    0xE318, 0x6D6B, 0x1084, 0x1084, 0x1084, 0xCF7B, 0x1084, 0x1084, 0x2842, 0xE318, 0x1084, 0xE318,
    0xAA52, 0x1084, 0x1084, 0xE739, 0xE318, 0x1084, 0x1084, 0xE318, 0xE739, 0xCF7B, 0xE318, 0x6D6B,
    0x1084, 0x1084, 0x1084, 0xE318, 0xAA52, 0x1084, 0x1084, 0x1084, 0x1084, 0x1084, 0x1084, 0x1084,
    0x1084, 0x1084, 0x1084, 0x1084, 0x1084, 0x1084, 0x1084, 0x1084, 0x1084, 0x1084, 0x1084, 0x1084,
    0x1084, 0x1084, 0x1084, 0x1084, 0x1084, 0x1084, 0x1084, 0x1084, 0x1084, 0x1084, 0x1084, 0x1084,
    0x1084, 0x1084, 0x1084, 0x1084, 0x1084, 0xEF7B, 0x1084, 0x1084, 0x1084, 0x1084, 0x1084, 0x1084,
    0x1084, 0x1084, 0x1084, 0xE8DD, 0x29E6, 0xF39C, 0x718C, 0x1084, 0x1084, 0x6E94, 0x28E6, 0xC241,
    0xF58C, 0xF394, 0x1084, 0xCF73, 0xE318, 0xC218, 0xE318, 0x0319, 0x8E6B, 0x1084, 0x1084, 0x6529,
    0xC218, 0xE318, 0xE318, 0x6D6B, 0x1084, 0x107C, 0x6529, 0xC218, 0xC218, 0x0319, 0xAE73, 0xEF7B,
    0x107C, 0x8629, 0xC218, 0xC218, 0x4521, 0xEF7B, 0xEF7B, 0xEF7B, 0x4529, 0xC218, 0xE318, 0x694A,
    0x1084, 0xEF7B, 0x18B6, 0x2842, 0x073A, 0xCA52, 0x2329, 0x85D5, 0x25F6, 0x66FE, 0xA7D5, 0x1084,
    0xD29C, 0xF39C, 0xF39C, 0xF39C, 0xF39C, 0xC8BC, 0x05D5, 0x0E84, 0x4C9C, 0x86E5, 0x8AAC, 0x1084,
    0x728C, 0xF39C, 0x3184, 0x1084, 0x17C6, 0xDEFF, 0xFEFF, 0x9DFF, 0x7CF7, 0x5CF7, 0x5CF7, 0x7CF7,
    0xBDFF, 0xBEFF, 0xF39C, 0x1084, 0x3084, 0x1084, 0xEF7B, 0x1084, 0x1084, 0x1084, 0x1084, 0x1084,
    0x1084, 0x1084, 0x1084, 0x1084, 0x1084, 0x1084, 0x1084, 0x1084, 0x1084, 0x1084, 0x1084, 0x1084,
    0x1084, 0x1084, 0xE318, 0xE318, 0x1084, 0x1084, 0x1084, 0x1084, 0x2421, 0xE318, 0xCF7B, 0xE318,
    0x6D6B, 0x1084, 0x2C63, 0xE318, 0x1084, 0x1084, 0x1084, 0xE318, 0xE318, 0x1084, 0x1084, 0x1084,
    0x1084, 0x1084, 0x1084, 0xE318, 0xE318, 0x1084, 0x1084, 0xE739, 0xE318, 0x6529, 0x1084, 0x694A,
    0xE318, 0xE318, 0xE318, 0xE318, 0x1084, 0x1084, 0x1084, 0xE318, 0xE318, 0x2C63, 0x1084, 0x1084,
    0x1084, 0x1084, 0x1084, 0x6529, 0xE318, 0xE318, 0x2421, 0x1084, 0xAA52, 0xE318, 0xE318, 0xE318,
    0x2842, 0x1084, 0x1084, 0x1084, 0x1084, 0x2842, 0xE318, 0xE318, 0xE318, 0xE739, 0x1084, 0x6529,
    0xE318, 0xE318, 0x2421, 0xCF7B, 0xE318, 0xE318, 0xE318, 0xE318, 0x2842, 0xCF7B, 0xE318, 0x6D6B,
    0x1084, 0x1084, 0x1084, 0x6529, 0xE318, 0xE318, 0x2421, 0x1084, 0x1084, 0x1084, 0x1084, 0x1084,
    0x1084, 0x1084, 0x1084, 0x1084, 0x1084, 0x1084, 0x1084, 0x1084, 0x1084, 0x1084, 0x1084, 0x1084,
    0x1084, 0x1084, 0x1084, 0x1084, 0x1084, 0x1084, 0x1084, 0x1084, 0x1084, 0x1084, 0x1084, 0x1084,
    0x1084, 0x1084, 0x1084, 0x1084, 0x1084, 0x1084, 0x1084, 0x1084, 0xEF7B, 0x1084, 0x1084, 0x1084,
    0x1084, 0x1084, 0x1084, 0xE8DD, 0x8AF6, 0x518C, 0x3084, 0xD29C, 0x508C, 0xF07B, 0x6F8C, 0x635A,
    0x317C, 0x96A5, 0x1084, 0x1084, 0x6529, 0xC218, 0xC218, 0x6529, 0xF07B, 0xEF7B, 0x1084, 0x6529,
    0xC218, 0xC218, 0x0321, 0x6D6B, 0x1084, 0xEF7B, 0x0321, 0xC318, 0xC318, 0xE318, 0x6D6B, 0x1084,
    0xCF73, 0x0319, 0xC318, 0xE318, 0xE318, 0xAE73, 0x1084, 0x2D63, 0xE318, 0xE318, 0xC218, 0x2421,
    0xF07B, 0x5184, 0xF8AD, 0x4429, 0xA952, 0x4842, 0x8331, 0x46EE, 0x68C5, 0x8C9C, 0x2D8C, 0x1084,
    0xD29C, 0x34A5, 0xD29C, 0xD39C, 0xF39C, 0xC8C4, 0xE5CC, 0x1084, 0x6BA4, 0x07C5, 0x1084, 0xB6B5,
    0xBDFF, 0x98DE, 0x3084, 0xD6BD, 0xFFFF, 0x5CEF, 0x5CEF, 0x5CF7, 0x7DF7, 0x9DFF, 0x9DF7, 0x7CF7,
    0x5CEF, 0x9DFF, 0x1BE7, 0x1084, 0x518C, 0x1084, 0x1084, 0x1084, 0x1084, 0x1084, 0x1084, 0x1084,
    0x1084, 0x1084, 0x1084, 0x1084, 0x1084, 0x1084, 0x1084, 0x1084, 0x1084, 0x1084, 0x1084, 0x1084,
    0x1084, 0x1084, 0x1084, 0x1084, 0x1084, 0x1084, 0x1084, 0x1084, 0x1084, 0x1084, 0x1084, 0x1084,
    0x1084, 0x1084, 0x1084, 0x1084, 0x1084, 0x1084, 0x1084, 0xE318, 0x6529, 0x1084, 0x1084, 0x1084,
    0x1084, 0x1084, 0x1084, 0x1084, 0x1084, 0x1084, 0x1084, 0x1084, 0x1084, 0x1084, 0x1084, 0x1084,
    0x1084, 0x6D6B, 0xCF7B, 0x1084, 0x1084, 0x6D6B, 0x2C63, 0xE318, 0xE318, 0x1084, 0x1084, 0x1084,
    0x1084, 0x1084, 0x1084, 0x1084, 0xCF7B, 0xCF7B, 0x1084, 0x1084, 0x1084, 0x1084, 0x6D6B, 0x1084,
    0x1084, 0x1084, 0x1084, 0x1084, 0x1084, 0x1084, 0xCF7B, 0x6D6B, 0x1084, 0x1084, 0x1084, 0x1084,
    0xCF7B, 0xCF7B, 0x1084, 0x1084, 0x1084, 0xCF7B, 0xCF7B, 0x1084, 0x1084, 0x1084, 0x1084, 0x1084,
    0x1084, 0x1084, 0x1084, 0x1084, 0xCF7B, 0xCF7B, 0x1084, 0x1084, 0x1084, 0x1084, 0x1084, 0x1084,
    0x1084, 0x1084, 0x1084, 0x1084, 0x1084, 0x1084, 0x1084, 0x1084, 0x1084, 0x1084, 0x1084, 0x1084,
    0x1084, 0x1084, 0x1084, 0x1084, 0x1084, 0x1084, 0x1084, 0x1084, 0x1084, 0x1084, 0x1084, 0x1084,
    0x1084, 0x1084, 0x1084, 0x1084, 0x1084, 0x1084, 0x1084, 0x1084, 0x1084, 0x1084, 0x1084, 0x1084,
    0x1084, 0x1084, 0xF07B, 0xE8DD, 0xE8DD, 0x1084, 0x33A5, 0x74AD, 0x3084, 0xEF7B, 0x3084, 0xA752,
    0x8E6B, 0xF8AD, 0x1084, 0x1084, 0xAE73, 0x2842, 0x2842, 0xAF73, 0x1084, 0xEF7B, 0x1084, 0x2D63,
    0x4421, 0x0321, 0x6A4A, 0x1084, 0xEF7B, 0x1084, 0x694A, 0xE318, 0xE318, 0xE739, 0x107C, 0xEF7B,
    0x1084, 0xC731, 0xC218, 0xC318, 0xA631, 0xF07B, 0x1084, 0xAE73, 0x0421, 0xC218, 0xC218, 0xE739,
    0xF07B, 0xF49C, 0x3495, 0xC218, 0x2B63, 0x6629, 0xE46A, 0x6AC5, 0x1084, 0x728C, 0xB294, 0x1084,
    0x1084, 0xD39C, 0xF3A4, 0xD29C, 0xD39C, 0xE7C4, 0xC5C4, 0xF07B, 0x89AC, 0x4AA4, 0x518C, 0x9DF7,
    0xFEFF, 0xB6BD, 0xEF7B, 0x1BE7, 0x9DF7, 0xBDFF, 0xFFFF, 0xBDFF, 0x3BEF, 0xFBE6, 0x1BE7, 0x7CF7,
    0x7CF7, 0x5CEF, 0xFEFF, 0x95B5, 0x1084, 0x3084, 0x1084, 0xEF7B, 0x1084, 0x1084, 0x1084, 0x1084,
    0x1084, 0x1084, 0x1084, 0x1084, 0x1084, 0x1084, 0x1084, 0x1084, 0x1084, 0x1084, 0x1084, 0x1084,
    0x1084, 0x1084, 0x1084, 0x1084, 0x1084, 0x1084, 0x1084, 0x1084, 0x1084, 0x1084, 0x1084, 0x1084,
    0x1084, 0x1084, 0x1084, 0x1084, 0x1084, 0xE318, 0xE318, 0xE318, 0xCF7B, 0x1084, 0x1084, 0x1084,
    0x1084, 0x1084, 0x1084, 0x1084, 0x1084, 0x1084, 0x1084, 0x1084, 0x1084, 0x1084, 0x1084, 0x1084,
    0x1084, 0x1084, 0x1084, 0x1084, 0x1084, 0xE318, 0xE318, 0xE318, 0x6D6B, 0x1084, 0x1084, 0x1084,
    0x1084, 0x1084, 0x1084, 0x1084, 0x1084, 0x1084, 0x1084, 0x1084, 0x1084, 0x1084, 0x1084, 0x1084,
    0x1084, 0x1084, 0x1084, 0x1084, 0x1084, 0x1084, 0x1084, 0x1084, 0x1084, 0x1084, 0x1084, 0x1084,
    0x1084, 0x1084, 0x1084, 0x1084, 0x1084, 0x1084, 0x1084, 0x1084, 0x1084, 0x1084, 0x1084, 0x1084,
    0x1084, 0x1084, 0x1084, 0x1084, 0x1084, 0x1084, 0x1084, 0x1084, 0x1084, 0x1084, 0x1084, 0x1084,
    0x1084, 0x1084, 0x1084, 0x1084, 0x1084, 0x1084, 0x1084, 0x1084, 0x1084, 0x1084, 0x1084, 0x1084,
    0x1084, 0x1084, 0x1084, 0x1084, 0x1084, 0x1084, 0x1084, 0x1084, 0x1084, 0x1084, 0x1084, 0x1084,
    0x1084, 0x1084, 0x1084, 0x1084, 0x1084, 0x1084, 0x1084, 0x1084, 0x1084, 0x1084, 0x1084, 0x1084,
    0xEF7B, 0x1084, 0xEF7B, 0xE8DD, 0xA8D5, 0x117C, 0x54A5, 0x3084, 0x1084, 0xB194, 0x518C, 0x286B,
    0xAA52, 0x19B6, 0x1084, 0xEF7B, 0x1084, 0x1084, 0x1084, 0x1084, 0x1084, 0x1084, 0xEF7B, 0x1084,
    0xEF7B, 0xCF7B, 0x1084, 0xEF7B, 0xEF7B, 0xEF7B, 0x1084, 0x4D6B, 0x4D63, 0x1084, 0x1084, 0xEF7B,
    0x1084, 0xEF7B, 0x8A52, 0x8A52, 0xEF7B, 0x1084, 0xEF7B, 0x1084, 0x0C5B, 0xA631, 0x2842, 0xEF7B,
    0x1084, 0xB7AD, 0xAE6B, 0x2421, 0x4B63, 0x0419, 0xE68B, 0x0F84, 0xD39C, 0x98CE, 0xF29C, 0xEF7B,
    0x1084, 0x518C, 0x34A5, 0xD39C, 0xF29C, 0xE7CC, 0xC6C4, 0x1084, 0xA9B4, 0x0B94, 0x149D, 0xDEFF,
    0xDEFF, 0x95B5, 0x1084, 0x3BEF, 0x7CF7, 0x79D6, 0x75AD, 0x9194, 0x518C, 0xF39C, 0x79CE, 0x9DF7,
    0x5CF7, 0x5CF7, 0xBDFF, 0xBADE, 0x1084, 0x3084, 0x1084, 0x1084, 0x1084, 0x1084, 0x1084, 0x1084,
    0x1084, 0x1084, 0x1084, 0x1084, 0x1084, 0x1084, 0x1084, 0x1084, 0x1084, 0x1084, 0x1084, 0x1084,
    0x1084, 0x1084, 0x1084, 0x1084, 0x1084, 0x1084, 0x1084, 0x1084, 0x1084, 0x1084, 0x1084, 0x1084,
    0x1084, 0x1084, 0x1084, 0x1084, 0x1084, 0x6D6B, 0x2C63, 0x1084, 0x1084, 0x1084, 0x1084, 0x1084,
    0x1084, 0x1084, 0x1084, 0x1084, 0x1084, 0x1084, 0x1084, 0x1084, 0x1084, 0x1084, 0x1084, 0x1084,
    0x1084, 0x1084, 0x1084, 0x1084, 0x1084, 0x6D6B, 0x2C63, 0x1084, 0x1084, 0x1084, 0x1084, 0x1084,
    0x1084, 0x1084, 0x1084, 0x1084, 0x1084, 0x1084, 0x1084, 0x1084, 0x1084, 0x1084, 0x1084, 0x1084,
    0x1084, 0x1084, 0x1084, 0x1084, 0x1084, 0x1084, 0x1084, 0x1084, 0x1084, 0x1084, 0x1084, 0x1084,
    0x1084, 0x1084, 0x1084, 0x1084, 0x1084, 0x1084, 0x1084, 0x1084, 0x1084, 0x1084, 0x1084, 0x1084,
    0x1084, 0x1084, 0x1084, 0x1084, 0x1084, 0x1084, 0x1084, 0x1084, 0x1084, 0x1084, 0x1084, 0x1084,
    0x1084, 0x1084, 0x1084, 0x1084, 0x1084, 0x1084, 0x1084, 0x1084, 0x1084, 0x1084, 0x1084, 0x1084,
    0x1084, 0x1084, 0x1084, 0x1084, 0x1084, 0x1084, 0x1084, 0x1084, 0x1084, 0x1084, 0x1084, 0x1084,
    0x1084, 0x1084, 0x1084, 0x1084, 0x1084, 0x1084, 0x1084, 0x1084, 0x1084, 0x1084, 0x1084, 0x1084,
    0x1084, 0x1084, 0x1084, 0x08DE, 0xC8D5, 0xF07B, 0x3084, 0x3084, 0x34A5, 0xF29C, 0x1084, 0x689C,
    0xE639, 0x18AE, 0x3084, 0x1084, 0xEF7B, 0xEF7B, 0xEF7B, 0x1084, 0xEF7B, 0xCF7B, 0x1084, 0xEF7B,
    0x1084, 0x1084, 0x1084, 0x1084, 0x1084, 0x1084, 0x1084, 0x1084, 0x1084, 0x1084, 0x1084, 0x1084,
    0x1084, 0x1084, 0x1084, 0x1084, 0x1084, 0x1084, 0x1084, 0xEF7B, 0x1084, 0x1084, 0x1084, 0x1084,
    0x1084, 0x18B6, 0x2842, 0x073A, 0xCA52, 0x6329, 0x88A4, 0x3184, 0x37C6, 0xD29C, 0x1084, 0x918C,
    0x3084, 0x1084, 0xD29C, 0xF39C, 0xD29C, 0x06CD, 0xA6BC, 0x1084, 0xA9B4, 0x0C8C, 0x34A5, 0xDEFF,
    0xBEFF, 0xD6BD, 0x1084, 0xD6BD, 0x9194, 0x1084, 0x9294, 0xD6BD, 0xDADE, 0x7DF7, 0xBDFF, 0x5CF7,
    0x7CF7, 0x7CF7, 0x5CF7, 0x7CF7, 0x7194, 0x3084, 0x1084, 0x1084, 0x1084, 0x1084, 0x1084, 0x1084,
    0x1084, 0x1084, 0x1084, 0x1084, 0x1084, 0x1084, 0x1084, 0x1084, 0x1084, 0x1084, 0x1084, 0x1084,
    0x1084, 0x1084, 0x1084, 0x1084, 0x1084, 0x1084, 0x1084, 0x1084, 0x1084, 0x1084, 0x1084, 0x1084,
    0x1084, 0x1084, 0x1084, 0x1084, 0x1084, 0x1084, 0x1084, 0x1084, 0x1084, 0x1084, 0x1084, 0x1084,
    0x1084, 0x1084, 0x1084, 0x694A, 0xA631, 0x2842, 0xCF7B, 0x1084, 0x1084, 0x1084, 0x1084, 0x1084,
    0x1084, 0x1084, 0x1084, 0x1084, 0x1084, 0x1084, 0x1084, 0x1084, 0x1084, 0x1084, 0x1084, 0x1084,
    0x1084, 0x1084, 0x1084, 0x1084, 0x1084, 0x1084, 0x6D6B, 0xE318, 0x2C63, 0x1084, 0x1084, 0x1084,
    0x1084, 0x1084, 0x1084, 0x1084, 0x1084, 0xCF7B, 0x1084, 0x1084, 0x1084, 0x1084, 0x1084, 0x1084,
    0x1084, 0x1084, 0x1084, 0x1084, 0x1084, 0x1084, 0x1084, 0x1084, 0x1084, 0x1084, 0x1084, 0x1084,
    0x1084, 0x1084, 0x1084, 0x1084, 0x1084, 0x1084, 0x1084, 0x1084, 0x1084, 0x1084, 0x1084, 0x1084,
    0x1084, 0x1084, 0x1084, 0x1084, 0x1084, 0x1084, 0x1084, 0x1084, 0x1084, 0x1084, 0x1084, 0x1084,
    0x1084, 0x1084, 0x1084, 0x1084, 0x1084, 0x1084, 0x1084, 0x1084, 0x1084, 0x1084, 0x1084, 0x1084,
    0x1084, 0x1084, 0x1084, 0x1084, 0x1084, 0x1084, 0x1084, 0x1084, 0x1084, 0x1084, 0x1084, 0x1084,
    0x1084, 0x1084, 0x1084, 0xE8DD, 0x4AEE, 0x5184, 0x1084, 0x9194, 0xF29C, 0xF07B, 0x6E94, 0xE6DD,
    0x6331, 0x97A5, 0x928C, 0x1084, 0x1084, 0xEF7B, 0x1084, 0x4D63, 0x4529, 0x0321, 0x8A52, 0x1084,
    0xEF7B, 0xEF7B, 0x107C, 0xCB52, 0x694A, 0xAE73, 0x1084, 0xEF7B, 0xEF7B, 0x1084, 0x8E6B, 0x6D6B,
    0x1084, 0xEF7B, 0xEF7B, 0xEF7B, 0x1084, 0x107C, 0x1084, 0x1084, 0xEF7B, 0xEF7B, 0xEF7B, 0xEF7B,
    0x728C, 0xD7AD, 0x0321, 0xCA52, 0x083A, 0x034A, 0x69C5, 0x3184, 0xD29C, 0x1084, 0xF39C, 0xB5B5,
    0x1084, 0x1084, 0xF39C, 0xD39C, 0xD1A4, 0x06D5, 0xA7BC, 0x1084, 0xA7BC, 0x0B94, 0xB394, 0xBDFF,
    0x7CF7, 0x78D6, 0x308C, 0x1084, 0x9294, 0xDADE, 0xDEFF, 0xFEFF, 0xBDFF, 0x7CF7, 0x5CEF, 0x7CF7,
    0x7CF7, 0x7CF7, 0x5CF7, 0xBDFF, 0x13A5, 0x1084, 0x3084, 0x1084, 0x1084, 0x1084, 0x1084, 0x1084,
    0x1084, 0x1084, 0x1084, 0x1084, 0x1084, 0x1084, 0x1084, 0x1084, 0x1084, 0x1084, 0x1084, 0x1084,
    0x1084, 0x1084, 0x1084, 0x1084, 0x1084, 0x1084, 0x1084, 0x1084, 0x1084, 0x1084, 0x1084, 0x1084,
    0x1084, 0x1084, 0x1084, 0x1084, 0x1084, 0x1084, 0x1084, 0x1084, 0x1084, 0x1084, 0x1084, 0x1084,
    0x1084, 0x6D6B, 0xE318, 0xE318, 0xE318, 0xE318, 0xE318, 0x2842, 0x1084, 0x1084, 0x1084, 0x1084,
    0x1084, 0x1084, 0x1084, 0x1084, 0x1084, 0x1084, 0x1084, 0x1084, 0x1084, 0x1084, 0x1084, 0x1084,
    0x1084, 0x1084, 0x1084, 0x1084, 0x1084, 0x1084, 0x1084, 0xA631, 0xCF7B, 0x1084, 0x1084, 0x1084,
    0x1084, 0x1084, 0x1084, 0x1084, 0xCF7B, 0xE318, 0xCF7B, 0x1084, 0x1084, 0x1084, 0x1084, 0x1084,
    0x1084, 0x1084, 0x1084, 0x1084, 0x1084, 0x1084, 0x1084, 0x1084, 0x1084, 0x1084, 0x1084, 0x1084,
    0x1084, 0x1084, 0x1084, 0x1084, 0x1084, 0x1084, 0x1084, 0x1084, 0x1084, 0x1084, 0x1084, 0x1084,
    0x1084, 0x1084, 0x1084, 0x1084, 0x1084, 0x1084, 0x1084, 0x1084, 0x1084, 0x1084, 0x1084, 0x1084,
    0x1084, 0x1084, 0x1084, 0x1084, 0x1084, 0x1084, 0x1084, 0x1084, 0x1084, 0x1084, 0x1084, 0x1084,
    0x1084, 0x1084, 0x1084, 0x1084, 0x1084, 0x1084, 0x1084, 0x1084, 0x1084, 0x1084, 0x1084, 0x1084,
    0x1084, 0x1084, 0x1084, 0xE8DD, 0x29E6, 0xF39C, 0x518C, 0x107C, 0x1084, 0x6D94, 0xE7DD, 0x66F6,
    0xA239, 0xF58C, 0x349D, 0x1084, 0x1084, 0xEF7B, 0x107C, 0x6529, 0xC218, 0xC218, 0x0319, 0x8E6B,
    0x1084, 0x1084, 0x2842, 0xE318, 0xC318, 0x4421, 0xCF7B, 0xEF7B, 0x1084, 0x8A4A, 0xE318, 0xE318,
    0x4942, 0x1084, 0xEF7B, 0x1084, 0x0C5B, 0x4529, 0x6529, 0x4D63, 0x1084, 0x107C, 0x1084, 0x1084,
    0x55A5, 0xD38C, 0xE318, 0x4B63, 0x4621, 0x0473, 0x07E6, 0xF07B, 0x1084, 0xF39C, 0x78CE, 0x708C,
    0xEF7B, 0x518C, 0x34AD, 0xD39C, 0xF1A4, 0x25D5, 0x88B4, 0x1084, 0xC6C4, 0x69AC, 0x1084, 0x1BEF,
    0x3CEF, 0xD9E6, 0x9294, 0xB294, 0xBDFF, 0xDEFF, 0x5CEF, 0x5CEF, 0x5CEF, 0x5CEF, 0x5CF7, 0x7CF7,
    0x7CF7, 0x7CF7, 0x5CF7, 0xBDFF, 0xB5BD, 0x1084, 0xEF83, 0x1084, 0x1084, 0x1084, 0x1084, 0x1084,
    0x1084, 0x1084, 0x1084, 0x1084, 0x1084, 0x1084, 0x1084, 0x1084, 0x1084, 0x1084, 0x1084, 0x1084,
    0x1084, 0x1084, 0x1084, 0x1084, 0x1084, 0x1084, 0x1084, 0x1084, 0x1084, 0x1084, 0x1084, 0x1084,
    0x1084, 0x1084, 0x1084, 0x1084, 0x1084, 0x1084, 0x1084, 0x1084, 0x1084, 0x1084, 0x1084, 0x1084,
    0x1084, 0xE318, 0xE318, 0x1084, 0x1084, 0x1084, 0x2842, 0xE318, 0x6D6B, 0x1084, 0x1084, 0x1084,
    0x1084, 0x1084, 0x1084, 0x1084, 0x1084, 0x1084, 0x6D6B, 0x694A, 0x694A, 0x2C63, 0x1084, 0x1084,
    0xEB5A, 0x1084, 0x1084, 0xCF7B, 0xEB5A, 0x1084, 0x1084, 0xEB5A, 0x1084, 0x1084, 0x1084, 0x2C63,
    0x2842, 0x2C63, 0x1084, 0x1084, 0xCF7B, 0xE318, 0x694A, 0xEB5A, 0x6D6B, 0x1084, 0x1084, 0x1084,
    0x1084, 0x1084, 0x1084, 0x1084, 0x1084, 0x1084, 0x1084, 0x1084, 0x1084, 0x1084, 0x1084, 0x1084,
    0x1084, 0x1084, 0x1084, 0x1084, 0x1084, 0x1084, 0x1084, 0x1084, 0x1084, 0x1084, 0x1084, 0x1084,
    0x1084, 0x1084, 0x1084, 0x1084, 0x1084, 0x1084, 0x1084, 0x1084, 0x1084, 0x1084, 0x1084, 0x1084,
    0x1084, 0x1084, 0x1084, 0x1084, 0x1084, 0x1084, 0x1084, 0x1084, 0x1084, 0x1084, 0x1084, 0x1084,
    0x1084, 0x1084, 0x1084, 0x1084, 0x1084, 0x1084, 0x1084, 0x1084, 0x1084, 0x1084, 0x1084, 0x1084,
    0x1084, 0x1084, 0x1084, 0xE8DD, 0x09E6, 0xD39C, 0x54AD, 0xB294, 0x0E84, 0x27EE, 0x05EE, 0x46F6,
    0x625A, 0x1174, 0xB6AD, 0x1084, 0x1084, 0x1084, 0x107C, 0x2421, 0xC218, 0xE318, 0xE318, 0x4D63,
    0x1084, 0xF07B, 0x2421, 0xC218, 0xE318, 0xE318, 0x2C63, 0x1084, 0xCF7B, 0x0319, 0xC218, 0xC218,
    0x0319, 0xAF73, 0x1084, 0xCF7B, 0x0421, 0xC218, 0xC218, 0x2421, 0xF07B, 0x1084, 0x1084, 0x1084,
    0x18B6, 0x4D63, 0x6429, 0x4B63, 0xE418, 0x049C, 0x85FE, 0xEBAC, 0x1084, 0x728C, 0x728C, 0xEF7B,
    0x3084, 0x13A5, 0xF39C, 0xD39C, 0xF0A4, 0x25D5, 0x89AC, 0x1084, 0xC6C4, 0xE6CC, 0xEF7B, 0x75B5,
    0x7CF7, 0x78D6, 0x1084, 0xD6BD, 0xFFFF, 0x5CEF, 0x5CF7, 0x9DF7, 0xDEFF, 0xFFFF, 0xBEFF, 0x5CF7,
    0x7CF7, 0x7CF7, 0x5CF7, 0x9DFF, 0xF6C5, 0xEF7B, 0x3084, 0x1084, 0x1084, 0x1084, 0x1084, 0x1084,
    0x1084, 0x1084, 0x1084, 0x1084, 0x1084, 0x1084, 0x1084, 0x1084, 0x1084, 0x1084, 0x1084, 0x1084,
    0x1084, 0x1084, 0x1084, 0x1084, 0x1084, 0x1084, 0x1084, 0x1084, 0x1084, 0x1084, 0x1084, 0x1084,
    0x1084, 0x1084, 0x1084, 0x1084, 0x1084, 0x1084, 0x1084, 0x1084, 0x1084, 0x1084, 0x1084, 0x1084,
    0x6D6B, 0xE318, 0x2C63, 0x1084, 0x1084, 0x1084, 0x1084, 0xE318, 0x6529, 0x6D6B, 0xAA52, 0xAA52,
    0xAA52, 0xAA52, 0xAA52, 0x1084, 0x1084, 0xA631, 0xE318, 0xE318, 0xE318, 0xE318, 0x6D6B, 0x6D6B,
    0xE318, 0xCF7B, 0x1084, 0xEB5A, 0xE318, 0x1084, 0xCF7B, 0xE318, 0x6D6B, 0x1084, 0x6529, 0xE318,
    0xE318, 0xE318, 0xE739, 0x1084, 0xCF7B, 0xE318, 0xE318, 0xE318, 0x694A, 0x1084, 0x1084, 0x1084,
    0x1084, 0x1084, 0x1084, 0x1084, 0x1084, 0x1084, 0x1084, 0x1084, 0x1084, 0x1084, 0x1084, 0x1084,
    0x1084, 0x1084, 0x1084, 0x1084, 0x1084, 0x1084, 0x1084, 0x1084, 0x1084, 0x1084, 0x1084, 0x1084,
    0x1084, 0x1084, 0x1084, 0x1084, 0x1084, 0x1084, 0x1084, 0x1084, 0x1084, 0x1084, 0x1084, 0x1084,
    0x1084, 0x1084, 0x1084, 0x1084, 0x1084, 0x1084, 0x1084, 0x1084, 0x1084, 0x1084, 0x1084, 0x1084,
    0x1084, 0x1084, 0x1084, 0x1084, 0x1084, 0x1084, 0x1084, 0x1084, 0x1084, 0x1084, 0x1084, 0x1084,
    0x1084, 0x1084, 0x1084, 0xE8DD, 0x29E6, 0xD39C, 0x33A5, 0xB394, 0x0D84, 0x06E6, 0xC5E5, 0x66F6,
    0x437B, 0x2D5B, 0x18B6, 0x1084, 0x1084, 0xEF7B, 0x1084, 0x8A4A, 0xE318, 0xE318, 0xA731, 0x107C,
    0xEF7B, 0x107C, 0x8629, 0xC218, 0xC218, 0x0319, 0xAE73, 0x1084, 0xEF7B, 0x0421, 0xC218, 0xC218,
    0xE318, 0xCF73, 0x1084, 0xAE73, 0xE318, 0xC318, 0xC218, 0x0319, 0xEF7B, 0x1084, 0xEF7B, 0x1084,
    0x39B6, 0xC631, 0x4842, 0xCA52, 0xE318, 0x25CD, 0x05EE, 0x05EE, 0x49C5, 0xCBA4, 0x4D94, 0x1084,
    0xF39C, 0x13A5, 0xD29C, 0xD39C, 0xEFA4, 0x25DD, 0x6AA4, 0xF07B, 0xC6C4, 0x45DD, 0x8AAC, 0x1084,
    0x75B5, 0xB9DE, 0x518C, 0x75B5, 0xBDFF, 0x9DF7, 0xBDFF, 0x1BEF, 0x58CE, 0x54AD, 0x13A5, 0x99D6,
    0xBDFF, 0x5CF7, 0x7CF7, 0x9CF7, 0x37CE, 0x1084, 0x3084, 0x1084, 0x1084, 0x1084, 0x1084, 0x1084,
    0x1084, 0x1084, 0x1084, 0x1084, 0x1084, 0x1084, 0x1084, 0x1084, 0x1084, 0x1084, 0x1084, 0x1084,
    0x1084, 0x1084, 0x1084, 0x1084, 0x1084, 0x1084, 0x1084, 0x1084, 0x1084, 0x1084, 0x1084, 0x1084,
    0x1084, 0x1084, 0x1084, 0x1084, 0x1084, 0x1084, 0x1084, 0x1084, 0x1084, 0x1084, 0x1084, 0x1084,
    0xAA52, 0xE318, 0x1084, 0x1084, 0x1084, 0x1084, 0x1084, 0xE318, 0xE318, 0xAA52, 0xE318, 0xE318,
    0xE318, 0xE318, 0xE318, 0xCF7B, 0x6D6B, 0xE318, 0xAA52, 0x1084, 0xCF7B, 0xE318, 0x6D6B, 0x6D6B,
    0xE318, 0xCF7B, 0x1084, 0xEB5A, 0xE318, 0x1084, 0xCF7B, 0xE318, 0x6D6B, 0x6D6B, 0xE318, 0x6D6B,
    0x1084, 0xAA52, 0xE318, 0x1084, 0xCF7B, 0xE318, 0xCF7B, 0x1084, 0x1084, 0x1084, 0x1084, 0x1084,
    0x1084, 0x1084, 0x1084, 0x1084, 0x1084, 0x1084, 0x1084, 0x1084, 0x1084, 0x1084, 0x1084, 0x1084,
    0x1084, 0x1084, 0x1084, 0x1084, 0x1084, 0x1084, 0x1084, 0x1084, 0x1084, 0x1084, 0x1084, 0x1084,
    0x1084, 0x1084, 0x1084, 0x1084, 0x1084, 0x1084, 0x1084, 0x1084, 0x1084, 0x1084, 0x1084, 0x1084,
    0x1084, 0x1084, 0x1084, 0x1084, 0x1084, 0x1084, 0x1084, 0x1084, 0x1084, 0x1084, 0x1084, 0x1084,
    0x1084, 0x1084, 0x1084, 0x1084, 0x1084, 0x1084, 0x1084, 0x1084, 0x1084, 0x1084, 0x1084, 0x1084,
    0x1084, 0x3084, 0x1084, 0xE8DD, 0x28E6, 0xD39C, 0x34A5, 0xB394, 0x2E84, 0x06E6, 0xE5E5, 0x46F6,
    0x64AC, 0xC731, 0x9ABE, 0xEF7B, 0x1084, 0x1084, 0x1084, 0x1084, 0x4D63, 0x0C5B, 0x107C, 0x1084,
    0x107C, 0x1084, 0xAF73, 0x083A, 0xC731, 0x4D63, 0x1084, 0xEF7B, 0x1084, 0xCB52, 0x0421, 0x0319,
    0xAB52, 0x1084, 0xEF7B, 0x1084, 0xE739, 0xE318, 0xE318, 0x694A, 0x1084, 0x1084, 0x1084, 0xB394,
    0xB7A5, 0xE318, 0xEA5A, 0x073A, 0x8339, 0xE5E5, 0xC5E5, 0xC5E5, 0x05EE, 0xE7FE, 0x29BD, 0x3184,
    0x33AD, 0xD29C, 0xF29C, 0xD39C, 0xCEAC, 0x25DD, 0x6BA4, 0x0F84, 0xC5C4, 0xC5CC, 0x25D5, 0x8AAC,
    0xEF7B, 0x518C, 0x1084, 0xB294, 0x1BEF, 0x38CE, 0xF3A4, 0x1084, 0x3084, 0x54AD, 0xB9D6, 0x7DF7,
    0x7CF7, 0x7CF7, 0x7CF7, 0x7CF7, 0x17CE, 0x1084, 0x3084, 0xEF7B, 0x1084, 0x1084, 0x1084, 0x1084,
    0x1084, 0x1084, 0x1084, 0x1084, 0x1084, 0x1084, 0x1084, 0x1084, 0x1084, 0x1084, 0x1084, 0x1084,
    0x1084, 0x1084, 0x1084, 0x1084, 0x1084, 0x1084, 0x1084, 0x1084, 0x1084, 0x1084, 0x1084, 0x1084,
    0x1084, 0x1084, 0x1084, 0x1084, 0x1084, 0x1084, 0x1084, 0x1084, 0x1084, 0x1084, 0x1084, 0x1084,
    0xEB5A, 0xE318, 0xCF7B, 0x1084, 0x1084, 0x1084, 0x1084, 0xE318, 0xE318, 0x1084, 0x1084, 0x1084,
    0x1084, 0x1084, 0x1084, 0x1084, 0x694A, 0xE318, 0x1084, 0x1084, 0xCF7B, 0xE318, 0x6D6B, 0x6D6B,
    0xE318, 0xCF7B, 0x1084, 0xEB5A, 0xE318, 0x1084, 0xCF7B, 0xE318, 0x6D6B, 0x694A, 0xE318, 0xE318,
    0xE318, 0xE318, 0xE318, 0xCF7B, 0xCF7B, 0xE318, 0xCF7B, 0x1084, 0x1084, 0x1084, 0x1084, 0x1084,
    0x1084, 0x1084, 0x1084, 0x1084, 0x1084, 0x1084, 0x1084, 0x1084, 0x1084, 0x1084, 0x1084, 0x1084,
    0x1084, 0x1084, 0x1084, 0x1084, 0x1084, 0x1084, 0x1084, 0x1084, 0x1084, 0x1084, 0x1084, 0x1084,
    0x1084, 0x1084, 0x1084, 0x1084, 0x1084, 0x1084, 0x1084, 0x1084, 0x1084, 0x1084, 0x1084, 0x1084,
    0x1084, 0x1084, 0x1084, 0x1084, 0x1084, 0x1084, 0x1084, 0x1084, 0x1084, 0x1084, 0x1084, 0x1084,
    0x1084, 0x1084, 0x1084, 0x1084, 0x1084, 0x1084, 0x1084, 0x1084, 0x1084, 0x1084, 0x1084, 0x1084,
    0x1084, 0x1084, 0x1084, 0xE8DD, 0x28E6, 0xD39C, 0x34AD, 0xB294, 0x2E8C, 0x06E6, 0xE5E5, 0xE5E5,
    0xC6DD, 0x0221, 0xB384, 0x59BE, 0x5184, 0x1084, 0x1084, 0x1084, 0x1084, 0x1084, 0x1084, 0x1084,
    0x1084, 0x1084, 0x1084, 0x1084, 0x1084, 0x1084, 0x1084, 0x1084, 0x1084, 0x1084, 0xAF73, 0xCF73,
    0x1084, 0x1084, 0x1084, 0x1084, 0x1084, 0x2D63, 0x6D6B, 0x1084, 0x1084, 0x1084, 0x1084, 0x96A5,
    0x9284, 0xE318, 0x4B63, 0x4521, 0xC36A, 0x25F6, 0xC5DD, 0xC5E5, 0xC5DD, 0x46F6, 0xCAAC, 0x3184,
    0x54AD, 0xD29C, 0xF29C, 0xF39C, 0xCEAC, 0x25DD, 0x6BA4, 0x0F84, 0xE5CC, 0xC5CC, 0xC5C4, 0x66E5,
    0x4B9C, 0x1084, 0x95B5, 0x1084, 0xB294, 0x1084, 0x718C, 0x38C6, 0x5CEF, 0xFFFF, 0xDEFF, 0x7CF7,
    0x7CF7, 0x7CF7, 0x7CF7, 0x3BEF, 0x16C6, 0xEF7B, 0x79D6, 0x9294, 0x1084, 0x1084, 0x1084, 0x1084,
    0x1084, 0x1084, 0x1084, 0x1084, 0x1084, 0x1084, 0x1084, 0x1084, 0x1084, 0x1084, 0x1084, 0x1084,
    0x1084, 0x1084, 0x1084, 0x1084, 0x1084, 0x1084, 0x1084, 0x1084, 0x1084, 0x1084, 0x1084, 0x1084,
    0x1084, 0x1084, 0x1084, 0x1084, 0x1084, 0x1084, 0x1084, 0x1084, 0x1084, 0x1084, 0x1084, 0x1084,
    0xCF7B, 0xE318, 0x694A, 0x1084, 0x1084, 0x1084, 0x1084, 0xE318, 0xE739, 0xAA52, 0xE318, 0xE318,
    0xE318, 0xE318, 0xE318, 0xCF7B, 0x694A, 0xE318, 0x1084, 0x1084, 0xCF7B, 0xE318, 0x6D6B, 0xCF7B,
    0xE318, 0x6D6B, 0x1084, 0xEB5A, 0xE318, 0x1084, 0xCF7B, 0xE318, 0x6D6B, 0x694A, 0xE318, 0xEB5A,
    0xEB5A, 0xEB5A, 0xEB5A, 0x1084, 0xCF7B, 0xE318, 0xCF7B, 0x1084, 0x1084, 0x1084, 0x1084, 0x1084,
    0x1084, 0x1084, 0x1084, 0x1084, 0x1084, 0x1084, 0x1084, 0x1084, 0x1084, 0x1084, 0x1084, 0x1084,
    0x1084, 0x1084, 0x1084, 0x1084, 0x1084, 0x1084, 0x1084, 0x1084, 0x1084, 0x1084, 0x1084, 0x1084,
    0x1084, 0x1084, 0x1084, 0x1084, 0x1084, 0x1084, 0x1084, 0x1084, 0x1084, 0x1084, 0x1084, 0x1084,
    0x1084, 0x1084, 0x1084, 0x1084, 0x1084, 0x1084, 0x1084, 0x1084, 0x1084, 0x1084, 0x1084, 0x1084,
    0x1084, 0x1084, 0x1084, 0x1084, 0x1084, 0x1084, 0x1084, 0x1084, 0x1084, 0x1084, 0x1084, 0x1084,
    0x1084, 0x1084, 0x1084, 0xE8DD, 0x28EE, 0xD29C, 0x13A5, 0xB29C, 0x0F84, 0xE7DD, 0x05E6, 0xE6E5,
    0x26F6, 0x45A4, 0x6208, 0x317C, 0x39B6, 0x18B6, 0xF8B5, 0xF8AD, 0xD7AD, 0xB7AD, 0x96AD, 0x76A5,
    0x559D, 0x349D, 0x149D, 0xF394, 0xB294, 0x928C, 0x518C, 0x5184, 0x3184, 0x1084, 0x1084, 0x1084,
    0x1084, 0x1084, 0x1084, 0x1084, 0x1084, 0x1084, 0x1084, 0x1084, 0x1084, 0x1084, 0xD394, 0x9BBE,
    0xA631, 0xE639, 0x2B63, 0xA310, 0x049C, 0x25EE, 0xC5E5, 0xE5E5, 0xC5DD, 0x66F6, 0xCBA4, 0x3184,
    0x54AD, 0xD39C, 0xF29C, 0xF49C, 0xEDAC, 0x25DD, 0x2C94, 0x2F8C, 0x05D5, 0xC5C4, 0xC5C4, 0x05D5,
    0x89AC, 0x1084, 0x78D6, 0x17C6, 0x1084, 0x75B5, 0xDEFF, 0xFEFF, 0x7CF7, 0x5CEF, 0x5CEF, 0x7CF7,
    0x5CF7, 0x7CF7, 0x7CF7, 0x1AE7, 0xD6BD, 0x1084, 0x9DF7, 0x75B5, 0xEF7B, 0x1084, 0x1084, 0x1084,
    0x1084, 0x1084, 0x1084, 0x1084, 0x1084, 0x1084, 0x1084, 0x1084, 0x1084, 0x1084, 0x1084, 0x1084,
    0x1084, 0x1084, 0x1084, 0x1084, 0x1084, 0x1084, 0x1084, 0x1084, 0x1084, 0x1084, 0x1084, 0x1084,
    0x1084, 0x1084, 0x1084, 0x1084, 0x1084, 0x1084, 0x1084, 0x1084, 0x1084, 0x1084, 0x1084, 0x1084,
    0x1084, 0x2421, 0xE318, 0xEB5A, 0x1084, 0xCF7B, 0xE318, 0xE318, 0x1084, 0xCF7B, 0xAA52, 0xAA52,
    0xAA52, 0xAA52, 0xAA52, 0x1084, 0xCF7B, 0xE318, 0x694A, 0x1084, 0x6D6B, 0xE318, 0x6D6B, 0x1084,
    0xE318, 0xE739, 0x1084, 0xEB5A, 0xE318, 0x1084, 0xCF7B, 0xE318, 0x6D6B, 0xCF7B, 0xE318, 0x2842,
    0x1084, 0x1084, 0xCF7B, 0x1084, 0x1084, 0xE318, 0xAA52, 0x1084, 0x1084, 0x1084, 0x1084, 0x1084,
    0x1084, 0x1084, 0x1084, 0x1084, 0x1084, 0x1084, 0x1084, 0x1084, 0x1084, 0x1084, 0x1084, 0x1084,
    0x1084, 0x1084, 0x1084, 0x1084, 0x1084, 0x1084, 0x1084, 0x1084, 0x1084, 0x1084, 0x1084, 0x1084,
    0x1084, 0x1084, 0x1084, 0x1084, 0x1084, 0x1084, 0x1084, 0x1084, 0x1084, 0x1084, 0x1084, 0x1084,
    0x1084, 0x1084, 0x1084, 0x1084, 0x1084, 0x1084, 0x1084, 0x1084, 0x1084, 0x1084, 0x1084, 0x1084,
    0x1084, 0x1084, 0x1084, 0x1084, 0x1084, 0x1084, 0x1084, 0x1084, 0x1084, 0x1084, 0x1084, 0x1084,
    0x1084, 0x1084, 0x1084, 0xE8DD, 0x28EE, 0xD29C, 0xF39C, 0xF29C, 0xF07B, 0x2ABD, 0xA6FE, 0xE6E5,
    0xC5DD, 0x26EE, 0x65A4, 0xE220, 0x2521, 0x293A, 0xAB4A, 0xCC52, 0x2D5B, 0x6F63, 0xAF6B, 0x1074,
    0x527C, 0x7284, 0xD48C, 0xF48C, 0x3595, 0x569D, 0x769D, 0xB7A5, 0xB7A5, 0xD7AD, 0xF8AD, 0xF8B5,
    0xF8AD, 0xF7B5, 0xF8B5, 0xF8AD, 0xD7B5, 0xD7AD, 0x96A5, 0x96A5, 0x96A5, 0x18B6, 0x59B6, 0x894A,
    0x4429, 0x4B63, 0x8629, 0x6331, 0x85D5, 0xE5E5, 0xE5E5, 0xE5E5, 0xC5E5, 0x46F6, 0x6B9C, 0x5284,
    0x54AD, 0xF39C, 0xF29C, 0xF49C, 0xCCB4, 0x24DD, 0x4D94, 0x2D8C, 0x25D5, 0xC5C4, 0xC5C4, 0xC5C4,
    0x06CD, 0x2D8C, 0x9294, 0x74B5, 0x3084, 0x5CEF, 0x9DF7, 0x5CEF, 0x5CF7, 0x5CF7, 0x7CF7, 0x5CF7,
    0x7CF7, 0x9DF7, 0xFAE6, 0xFAE6, 0x54AD, 0x718C, 0xFFFF, 0xB6BD, 0x1084, 0x1084, 0x1084, 0x1084,
    0x1084, 0x1084, 0x1084, 0x1084, 0x1084, 0x1084, 0x1084, 0x1084, 0x1084, 0x1084, 0x1084, 0x1084,
    0x1084, 0x1084, 0x1084, 0x1084, 0x1084, 0x1084, 0x1084, 0x1084, 0x1084, 0x1084, 0x1084, 0x1084,
    0x1084, 0x1084, 0x1084, 0x1084, 0x1084, 0x1084, 0x1084, 0x1084, 0x1084, 0x1084, 0x1084, 0x1084,
    0x1084, 0x1084, 0x6529, 0xE318, 0xE318, 0xE318, 0xE318, 0x6D6B, 0x1084, 0x1084, 0x1084, 0x1084,
    0x1084, 0x1084, 0x1084, 0x1084, 0x1084, 0x2842, 0xE318, 0xE318, 0xE318, 0xE318, 0x6D6B, 0x1084,
    0x694A, 0xE318, 0xE318, 0xE318, 0xE318, 0x1084, 0xCF7B, 0xE318, 0x6D6B, 0x1084, 0x694A, 0xE318,
    0xE318, 0xE318, 0x2421, 0x1084, 0x1084, 0x6529, 0xE318, 0xE318, 0x2421, 0x1084, 0x1084, 0x1084,
    0x1084, 0x1084, 0x1084, 0x1084, 0x1084, 0x1084, 0x1084, 0x1084, 0x1084, 0x1084, 0x1084, 0x1084,
    0x1084, 0x1084, 0x1084, 0x1084, 0x1084, 0x1084, 0x1084, 0x1084, 0x1084, 0x1084, 0x1084, 0x1084,
    0x1084, 0x1084, 0x1084, 0x1084, 0x1084, 0x1084, 0x1084, 0x1084, 0x1084, 0x1084, 0x1084, 0x1084,
    0x1084, 0x1084, 0x1084, 0x1084, 0x1084, 0x1084, 0x1084, 0x1084, 0x1084, 0x1084, 0x1084, 0x1084,
    0x1084, 0x1084, 0x1084, 0x1084, 0x1084, 0x1084, 0x1084, 0x1084, 0x1084, 0x1084, 0x1084, 0x1084,
    0x1084, 0x3084, 0x1084, 0xE8DD, 0x47EE, 0xD29C, 0xD29C, 0x34AD, 0x718C, 0x1084, 0x69C5, 0x66F6,
    0x66F6, 0x26F6, 0x86FE, 0x06EE, 0x04A4, 0x4383, 0xE372, 0xA26A, 0x625A, 0x2252, 0xE149, 0xA241,
    0x8239, 0x4231, 0x4231, 0x0229, 0x0321, 0x0321, 0xE320, 0x2321, 0x2421, 0x4521, 0x6629, 0xA729,
    0xE831, 0x293A, 0x6A42, 0xAB4A, 0xEC52, 0x4E5B, 0x8F63, 0xF073, 0x3174, 0x4D63, 0x0419, 0xA210,
    0x2842, 0x2519, 0x2229, 0x85AC, 0xE5E5, 0xC5E5, 0xE5E5, 0xE5E5, 0xC5E5, 0x46F6, 0x2C8C, 0x728C,
    0x54AD, 0xD39C, 0xF39C, 0xF49C, 0xCBB4, 0x24DD, 0x0E8C, 0x4D94, 0x25D5, 0xC5C4, 0xC5C4, 0xC5C4,
    0xE5CC, 0xC6C4, 0xEF7B, 0x1084, 0x718C, 0x5CEF, 0x7CF7, 0x7CF7, 0x7CF7, 0x7CF7, 0x7CF7, 0x7CF7,
    0x5CEF, 0xFAE6, 0x58D6, 0x1AEF, 0xD29C, 0x54AD, 0xFFFF, 0x55AD, 0x1084, 0x1084, 0x1084, 0x1084,
    0x1084, 0x1084, 0x1084, 0x1084, 0x1084, 0x1084, 0x1084, 0x1084, 0x1084, 0x1084, 0x1084, 0x1084,
    0x1084, 0x1084, 0x1084, 0x1084, 0x1084, 0x1084, 0x1084, 0x1084, 0x1084, 0x1084, 0x1084, 0x1084,
    0x1084, 0x1084, 0x1084, 0x1084, 0x1084, 0x1084, 0x1084, 0x1084, 0x1084, 0x1084, 0x1084, 0x1084,
    0x1084, 0x1084, 0x1084, 0x1084, 0x2421, 0xE318, 0x6D6B, 0x1084, 0x1084, 0x1084, 0x1084, 0x1084,
    0x1084, 0x1084, 0x1084, 0x1084, 0x1084, 0x1084, 0x1084, 0x6D6B, 0xCF7B, 0xE318, 0x6D6B, 0x1084,
    0x1084, 0x1084, 0xCF7B, 0xCF7B, 0x1084, 0x1084, 0x1084, 0x1084, 0x1084, 0x1084, 0x1084, 0x1084,
    0x6D6B, 0xCF7B, 0x1084, 0x1084, 0x1084, 0x1084, 0xCF7B, 0xCF7B, 0x1084, 0x1084, 0x1084, 0x1084,
    0x1084, 0x1084, 0x1084, 0x1084, 0x1084, 0x1084, 0x1084, 0x1084, 0x1084, 0x1084, 0x1084, 0x1084,
    0x1084, 0x1084, 0x1084, 0x1084, 0x1084, 0x1084, 0x1084, 0x1084, 0x1084, 0x1084, 0x1084, 0x1084,
    0x1084, 0x1084, 0x1084, 0x1084, 0x1084, 0x1084, 0x1084, 0x1084, 0x1084, 0x1084, 0x1084, 0x1084,
    0x1084, 0x1084, 0x1084, 0x1084, 0x1084, 0x1084, 0x1084, 0x1084, 0x1084, 0x1084, 0x1084, 0x1084,
    0x1084, 0x1084, 0x1084, 0x1084, 0x1084, 0x1084, 0x1084, 0x1084, 0x1084, 0x1084, 0x1084, 0xEF7B,
    0x1084, 0x3084, 0x1084, 0xC8D5, 0x66F6, 0xF2A4, 0xD39C, 0xF2A4, 0x13A5, 0x7194, 0x1084, 0x8D9C,
    0xEBAC, 0x2ABD, 0x49BD, 0x48C5, 0xA8D5, 0x27C5, 0x27C5, 0x27CD, 0x06C5, 0x26CD, 0x46CD, 0x66D5,
    0x66D5, 0x66D5, 0x66D5, 0x46D5, 0x26CD, 0x26CD, 0xE5C4, 0xC5BC, 0xA5B4, 0x65AC, 0x24A4, 0xE49B,
    0xA48B, 0x4383, 0x037B, 0xC26A, 0x6262, 0x225A, 0xE149, 0xA241, 0x6139, 0x4131, 0x6331, 0x6431,
    0x8331, 0x8462, 0xA5B4, 0xA5DD, 0xC5E5, 0xC5E5, 0xC5E5, 0xC5DD, 0x25F6, 0xC7DD, 0xEF7B, 0xB29C,
    0x34A5, 0xD39C, 0xF29C, 0xD39C, 0xCBB4, 0x04D5, 0xCE7B, 0x4C9C, 0x25DD, 0xC5C4, 0xC5C4, 0xC5C4,
    0xE5CC, 0xA6BC, 0x0F84, 0x3084, 0x1084, 0x58CE, 0x1AEF, 0xDAE6, 0x3BEF, 0x3BEF, 0xDAE6, 0x78D6,
    0x78D6, 0x58D6, 0x98DE, 0x37CE, 0xF39C, 0x78D6, 0x1AEF, 0xB294, 0x1084, 0x1084, 0x1084, 0x1084,
    0x1084, 0x1084, 0x1084, 0x1084, 0x1084, 0x1084, 0x1084, 0x1084, 0x1084, 0x1084, 0x1084, 0x1084,
    0x1084, 0x1084, 0x1084, 0x1084, 0x1084, 0x1084, 0x1084, 0x1084, 0x1084, 0x1084, 0x1084, 0x1084,
    0x1084, 0x1084, 0x1084, 0x1084, 0x1084, 0x1084, 0x1084, 0x1084, 0x1084, 0x1084, 0x1084, 0x1084,
    0x1084, 0x1084, 0x1084, 0x1084, 0x1084, 0x2421, 0xE318, 0xE318, 0x1084, 0x1084, 0x1084, 0x1084,
    0x1084, 0x1084, 0x1084, 0x1084, 0x1084, 0x1084, 0x1084, 0x1084, 0xCF7B, 0xE318, 0x6D6B, 0x1084,
    0x1084, 0x1084, 0x1084, 0x1084, 0x1084, 0x1084, 0x1084, 0x1084, 0x1084, 0x1084, 0x1084, 0x1084,
    0x1084, 0x1084, 0x1084, 0x1084, 0x1084, 0x1084, 0x1084, 0x1084, 0x1084, 0x1084, 0x1084, 0x1084,
    0x1084, 0x1084, 0x1084, 0x1084, 0x1084, 0x1084, 0x1084, 0x1084, 0x1084, 0x1084, 0x1084, 0x1084,
    0x1084, 0x1084, 0x1084, 0x1084, 0x1084, 0x1084, 0x1084, 0x1084, 0x1084, 0x1084, 0x1084, 0x1084,
    0x1084, 0x1084, 0x1084, 0x1084, 0x1084, 0x1084, 0x1084, 0x1084, 0x1084, 0x1084, 0x1084, 0x1084,
    0x1084, 0x1084, 0x1084, 0x1084, 0x1084, 0x1084, 0x1084, 0x1084, 0x1084, 0x1084, 0x1084, 0x1084,
    0x1084, 0x1084, 0x1084, 0x1084, 0x1084, 0x1084, 0x1084, 0x1084, 0x1084, 0x1084, 0x1084, 0xEF7B,
    0x1084, 0x1084, 0x1084, 0x4ABD, 0xA6FE, 0x8BC5, 0xD494, 0xD394, 0xD39C, 0x14A5, 0xB294, 0x5284,
    0xF07B, 0x1084, 0xF07B, 0xD07B, 0x1084, 0x1084, 0x1084, 0x1084, 0xCE7B, 0xEF83, 0x0F84, 0xEE83,
    0x2E8C, 0x0D8C, 0x0C8C, 0x4C94, 0x2B94, 0x6C9C, 0x6B9C, 0x6A9C, 0xAAAC, 0xAAAC, 0xA9AC, 0xEAB4,
    0xC8B4, 0xC7B4, 0x08C5, 0x07C5, 0x48CD, 0x27CD, 0x46CD, 0x66D5, 0x46CD, 0x66D5, 0x46CD, 0x46CD,
    0xA6DD, 0x26EE, 0x46F6, 0x66F6, 0x66F6, 0x46F6, 0x66F6, 0x66F6, 0xE7E5, 0x6D94, 0x3184, 0x34A5,
    0xD39C, 0xF39C, 0xF29C, 0xD39C, 0xC9BC, 0xE5CC, 0xEF7B, 0x4A9C, 0x25D5, 0xC5C4, 0xC5C4, 0xC5C4,
    0xE5CC, 0xA7BC, 0xEF7B, 0x508C, 0x1084, 0xB294, 0xD9E6, 0xD6BD, 0xD29C, 0xD39C, 0x7194, 0x9194,
    0x98D6, 0x78D6, 0x98DE, 0x37CE, 0x37CE, 0xFAE6, 0xF6C5, 0x1084, 0x3084, 0x1084, 0x1084, 0x1084,
    0x1084, 0x1084, 0x1084, 0x1084, 0x1084, 0x1084, 0x1084, 0x1084, 0x1084, 0x1084, 0x1084, 0x1084,
    0x1084, 0x1084, 0x1084, 0x1084, 0x1084, 0x1084, 0x1084, 0x1084, 0x1084, 0x1084, 0x1084, 0x1084,
    0x1084, 0x1084, 0x1084, 0x1084, 0x1084, 0x1084, 0x1084, 0x1084, 0x1084, 0x1084, 0x1084, 0x1084,
    0x1084, 0x1084, 0x1084, 0x1084, 0x1084, 0x1084, 0x1084, 0x6D6B, 0x1084, 0x1084, 0x1084, 0x1084,
    0x1084, 0x1084, 0x1084, 0x1084, 0x1084, 0x1084, 0x1084, 0x1084, 0x1084, 0xEB5A, 0x1084, 0x1084,
    0x1084, 0x1084, 0x1084, 0x1084, 0x1084, 0x1084, 0x1084, 0x1084, 0x1084, 0x1084, 0x1084, 0x1084,
    0x1084, 0x1084, 0x1084, 0x1084, 0x1084, 0x1084, 0x1084, 0x1084, 0x1084, 0x1084, 0x1084, 0x1084,
    0x1084, 0x1084, 0x1084, 0x1084, 0x1084, 0x1084, 0x1084, 0x1084, 0x1084, 0x1084, 0x1084, 0x1084,
    0x1084, 0x1084, 0x1084, 0x1084, 0x1084, 0x1084, 0x1084, 0x1084, 0x1084, 0x1084, 0x1084, 0x1084,
    0x1084, 0x1084, 0x1084, 0x1084, 0x1084, 0x1084, 0x1084, 0x1084, 0x1084, 0x1084, 0x1084, 0x1084,
    0x1084, 0x1084, 0x1084, 0x1084, 0x1084, 0x1084, 0x1084, 0x1084, 0x1084, 0x1084, 0x1084, 0x1084,
    0x1084, 0x1084, 0x1084, 0x1084, 0x1084, 0x1084, 0x1084, 0x1084, 0x1084, 0x1084, 0x1084, 0x1084,
    0x1084, 0x1084, 0x1084, 0x4E8C, 0x27EE, 0x85FE, 0xC9D5, 0x4EB5, 0x10AD, 0x10A5, 0x52AD, 0x32A5,
    0x1084, 0x3084, 0x13A5, 0xD29C, 0xD39C, 0x9294, 0x9394, 0x9394, 0x738C, 0x938C, 0x728C, 0x738C,
    0x5384, 0x3284, 0x5384, 0x3284, 0x327C, 0x3284, 0xF17B, 0x117C, 0x117C, 0xF07B, 0x107C, 0xF07B,
    0xF07B, 0xD07B, 0x1084, 0x1084, 0x1084, 0x1084, 0x0F84, 0x0F84, 0x0F84, 0x2E8C, 0x4E8C, 0x2C8C,
    0x6C94, 0xAD9C, 0x6C9C, 0xCCA4, 0xABA4, 0xCAAC, 0xCBAC, 0x8D9C, 0x0F84, 0x3184, 0xF3A4, 0xF39C,
    0xD39C, 0xF29C, 0xD39C, 0xF39C, 0x27CD, 0xC5C4, 0xF07B, 0x49A4, 0x25D5, 0xC5C4, 0xC5C4, 0xC5C4,
    0x05D5, 0x88B4, 0xEF7B, 0x1084, 0x3084, 0x1084, 0x508C, 0x518C, 0x1084, 0x1084, 0x1084, 0x1084,
    0x17CE, 0x5BF7, 0x99DE, 0x78D6, 0xB9DE, 0xB9DE, 0x9294, 0x1084, 0x1084, 0x1084, 0x1084, 0x1084,
    0x1084, 0x1084, 0x1084, 0x1084, 0x1084, 0x1084, 0x1084, 0x1084, 0x1084, 0x1084, 0x1084, 0x1084,
    0x1084, 0x1084, 0x1084, 0x1084, 0x1084, 0x1084, 0x1084, 0x1084, 0x1084, 0x1084, 0x1084, 0x1084,
    0x1084, 0x1084, 0x1084, 0x1084, 0x1084, 0x1084, 0x1084, 0x1084, 0x1084, 0x1084, 0x1084, 0x1084,
    0x1084, 0x1084, 0x1084, 0x1084, 0x1084, 0x1084, 0x1084, 0x1084, 0x1084, 0x1084, 0x1084, 0x1084,
    0x1084, 0x1084, 0x1084, 0x1084, 0x1084, 0x1084, 0x1084, 0x1084, 0x1084, 0x1084, 0x1084, 0x1084,
    0x1084, 0x1084, 0x1084, 0x1084, 0x1084, 0x1084, 0x1084, 0x1084, 0x1084, 0x1084, 0x1084, 0x1084,
    0x1084, 0x1084, 0x1084, 0x1084, 0x1084, 0x1084, 0x1084, 0x1084, 0x1084, 0x1084, 0x1084, 0x1084,
    0x1084, 0x1084, 0x1084, 0x1084, 0x1084, 0x1084, 0x1084, 0x1084, 0x1084, 0x1084, 0x1084, 0x1084,
    0x1084, 0x1084, 0x1084, 0x1084, 0x1084, 0x1084, 0x1084, 0x1084, 0x1084, 0x1084, 0x1084, 0x1084,
    0x1084, 0x1084, 0x1084, 0x1084, 0x1084, 0x1084, 0x1084, 0x1084, 0x1084, 0x1084, 0x1084, 0x1084,
    0x1084, 0x1084, 0x1084, 0x1084, 0x1084, 0x1084, 0x1084, 0x1084, 0x1084, 0x1084, 0x1084, 0x1084,
    0x1084, 0x1084, 0x1084, 0x1084, 0x1084, 0x1084, 0x1084, 0x1084, 0x1084, 0x1084, 0x1084, 0x1084,
    0x1084, 0x1084, 0x1084, 0x1084, 0x6E94, 0xC8D5, 0x46EE, 0x45F6, 0x66F6, 0x66F6, 0xC7FE, 0xA9CD,
    0x1084, 0x0BB5, 0xE9FE, 0x69EE, 0x6AEE, 0x6AEE, 0x6AEE, 0x4BE6, 0x4CE6, 0x4DDE, 0x2DDE, 0x0DD6,
    0xEED5, 0xEFD5, 0xCFCD, 0xB0C5, 0x90BD, 0x70BD, 0x71B5, 0x31AD, 0x11A5, 0xF1A4, 0xF2A4, 0xD19C,
    0xD29C, 0xD39C, 0xB294, 0xB394, 0xB394, 0x938C, 0x938C, 0x728C, 0x5284, 0x538C, 0x3284, 0x3284,
    0x3384, 0x127C, 0x3284, 0x127C, 0xF17B, 0x1084, 0xF07B, 0x5284, 0x9294, 0x13A5, 0xF3A4, 0xD29C,
    0xD29C, 0xD39C, 0xB494, 0x6CC5, 0x64DD, 0xA8BC, 0x1084, 0xA9B4, 0x05D5, 0xC5C4, 0xC5C4, 0xC5C4,
    0x25D5, 0x6AA4, 0x1084, 0x3084, 0x1084, 0x3084, 0x1084, 0x1084, 0xCF7B, 0x8E73, 0xCE7B, 0x1084,
    0xB294, 0x74AD, 0x95B5, 0x1AEF, 0x99DE, 0xD29C, 0x1084, 0x3084, 0xEF7B, 0x1084, 0x1084, 0x1084,
    0x1084, 0x1084, 0x1084, 0x1084, 0x1084, 0x1084, 0x1084, 0x1084, 0x1084, 0x1084, 0x1084, 0x1084,
    0x1084, 0x1084, 0x1084, 0x1084, 0x1084, 0x1084, 0x1084, 0x1084, 0x1084, 0x1084, 0x1084, 0x1084,
    0x1084, 0x1084, 0x1084, 0x1084, 0x1084, 0x1084, 0x1084, 0x1084, 0x1084, 0x1084, 0x1084, 0x1084,
    0x1084, 0x1084, 0x1084, 0x1084, 0x1084, 0x1084, 0x1084, 0x1084, 0x1084, 0x1084, 0x1084, 0x1084,
    0x1084, 0x1084, 0x1084, 0x1084, 0x1084, 0x1084, 0x1084, 0x1084, 0x1084, 0x1084, 0x1084, 0x1084,
    0x1084, 0x1084, 0x1084, 0x1084, 0x1084, 0x1084, 0x1084, 0x1084, 0x1084, 0x1084, 0x1084, 0x1084,
    0x1084, 0x1084, 0x1084, 0x1084, 0x1084, 0x1084, 0x1084, 0x1084, 0x1084, 0x1084, 0x1084, 0x1084,
    0x1084, 0x1084, 0x1084, 0x1084, 0x1084, 0x1084, 0x1084, 0x1084, 0x1084, 0x1084, 0x1084, 0x1084,
    0x1084, 0x1084, 0x1084, 0x1084, 0x1084, 0x1084, 0x1084, 0x1084, 0x1084, 0x1084, 0x1084, 0x1084,
    0x1084, 0x1084, 0x1084, 0x1084, 0x1084, 0x1084, 0x1084, 0x1084, 0x1084, 0x1084, 0x1084, 0x1084,
    0x1084, 0x1084, 0x1084, 0x1084, 0x1084, 0x1084, 0x1084, 0x1084, 0x1084, 0x1084, 0x1084, 0x1084,
    0x1084, 0x1084, 0x1084, 0x1084, 0x1084, 0x1084, 0x1084, 0x1084, 0x1084, 0x1084, 0x1084, 0x1084,
    0x1084, 0xEF7B, 0x1084, 0x3084, 0xF07B, 0xEF7B, 0x4F8C, 0x2E8C, 0x8E94, 0x8E9C, 0xCDA4, 0x8E94,
    0x1084, 0x8C9C, 0x4BBD, 0x0AB5, 0x4ABD, 0x6AC5, 0x48C5, 0xC9D5, 0xA8D5, 0xE8DD, 0xE7DD, 0xE6DD,
    0x06E6, 0x26EE, 0x26EE, 0x46EE, 0x45EE, 0x66F6, 0x86F6, 0x86FE, 0x87F6, 0x87FE, 0xA7FE, 0x87FE,
    0x88F6, 0x89F6, 0x69F6, 0x69EE, 0x6AEE, 0x6BEE, 0x4BE6, 0x2CDE, 0x0DDE, 0x0DD6, 0xEED5, 0xCECD,
    0xCFC5, 0xAFC5, 0x70BD, 0xB1C5, 0x10AD, 0x0F84, 0x909C, 0xB4BD, 0x32AD, 0xF29C, 0xD29C, 0xD39C,
    0xD39C, 0xD29C, 0x6CC5, 0xC5E5, 0x66DD, 0x4D94, 0xEF7B, 0xC6C4, 0xE5CC, 0xC5C4, 0xC5C4, 0xE5CC,
    0x06CD, 0x0E8C, 0x1084, 0x3084, 0x1084, 0x1084, 0x1084, 0x3084, 0x4D6B, 0xCB5A, 0x8E73, 0xAE73,
    0x1084, 0x718C, 0xB6BD, 0x95B5, 0x518C, 0x1084, 0x518C, 0x1084, 0x1084, 0x1084, 0x1084, 0x1084,
    0x1084, 0x1084, 0x1084, 0x1084, 0x1084, 0x1084, 0x1084, 0x1084, 0x1084, 0x1084, 0x1084, 0x1084,
    0x1084, 0x1084, 0x1084, 0x1084, 0x1084, 0x1084, 0x1084, 0x1084, 0x1084, 0x1084, 0x1084, 0x1084,
    0x1084, 0x1084, 0x1084, 0x1084, 0x1084, 0x1084, 0x1084, 0x1084, 0x1084, 0x1084, 0x1084, 0x1084,
    0x1084, 0x1084, 0x1084, 0x1084, 0x1084, 0x1084, 0x1084, 0x1084, 0x1084, 0x1084, 0x1084, 0x1084,
    0x1084, 0x1084, 0x1084, 0x1084, 0x1084, 0x1084, 0x1084, 0x1084, 0x1084, 0x1084, 0x1084, 0x1084,
    0x1084, 0x1084, 0x1084, 0x1084, 0x1084, 0x1084, 0x1084, 0x1084, 0x1084, 0x1084, 0x1084, 0x1084,
    0x1084, 0x1084, 0x1084, 0x1084, 0x1084, 0x1084, 0x1084, 0x1084, 0x1084, 0x1084, 0x1084, 0x1084,
    0x1084, 0x1084, 0x1084, 0x1084, 0x1084, 0x1084, 0x1084, 0x1084, 0x1084, 0x1084, 0x1084, 0x1084,
    0x1084, 0x1084, 0x1084, 0x1084, 0x1084, 0x1084, 0x1084, 0x1084, 0x1084, 0x1084, 0x1084, 0x1084,
    0x1084, 0x1084, 0x1084, 0x1084, 0x1084, 0x1084, 0x1084, 0x1084, 0x1084, 0x1084, 0x1084, 0x1084,
    0x1084, 0x1084, 0x1084, 0x1084, 0x1084, 0x1084, 0x1084, 0x1084, 0x1084, 0x1084, 0x1084, 0x1084,
    0x1084, 0x1084, 0x1084, 0x1084, 0x1084, 0x1084, 0x1084, 0x1084, 0x1084, 0x1084, 0x1084, 0x1084,
    0x1084, 0x1084, 0x1084, 0x1084, 0x3084, 0x518C, 0x1084, 0x1084, 0x1084, 0xF07B, 0x1084, 0x1084,
    0x1084, 0x1084, 0x1084, 0x1084, 0x1084, 0x1084, 0x1084, 0x1084, 0x1084, 0x1084, 0x1084, 0x1084,
    0x1084, 0x1084, 0xEF7B, 0x2F84, 0xCD7B, 0x0C84, 0x6D94, 0x6C94, 0xCDA4, 0x6A9C, 0xAAA4, 0x0BB5,
    0x0AB5, 0x6BC5, 0x29BD, 0x48C5, 0x88CD, 0xA7D5, 0xE8DD, 0xE7DD, 0xE6E5, 0x26E6, 0x05E6, 0x26EE,
    0x26EE, 0x25EE, 0x45EE, 0xC6FE, 0x68C5, 0x1084, 0x89CD, 0xC6FE, 0x46EE, 0x67F6, 0x48F6, 0x48EE,
    0x48EE, 0x67F6, 0xA5FE, 0x26E6, 0xCCA4, 0x1084, 0x8AAC, 0x45DD, 0xC5CC, 0xE5CC, 0x25D5, 0x05D5,
    0x6C9C, 0x1084, 0x508C, 0x1084, 0x1084, 0xEF7B, 0x1084, 0x518C, 0x8E73, 0x8A52, 0x8E73, 0x6D6B,
    0x0F84, 0x3084, 0x1084, 0x1084, 0x1084, 0x3084, 0x1084, 0x1084, 0x1084, 0x1084, 0x1084, 0x1084,
    0x1084, 0x1084, 0x1084, 0x1084, 0x1084, 0x1084, 0x1084, 0x1084, 0x1084, 0x1084, 0x1084, 0x1084,
    0x1084, 0x1084, 0x1084, 0x1084, 0x1084, 0x1084, 0x1084, 0x1084, 0x1084, 0x1084, 0x1084, 0x1084,
    0x1084, 0x1084, 0x1084, 0x1084, 0x1084, 0x1084, 0x1084, 0x1084, 0x1084, 0x1084, 0x1084, 0x1084,
    0x1084, 0x1084, 0x1084, 0x1084, 0x1084, 0x1084, 0x1084, 0x1084, 0x1084, 0x1084, 0x1084, 0x1084,
    0x1084, 0x1084, 0x1084, 0x1084, 0x1084, 0x1084, 0x1084, 0x1084, 0x1084, 0x1084, 0x1084, 0x1084,
    0x1084, 0x1084, 0x1084, 0x1084, 0x1084, 0x1084, 0x1084, 0x1084, 0x1084, 0x1084, 0x1084, 0x1084,
    0x1084, 0x1084, 0x1084, 0x1084, 0x1084, 0x1084, 0x1084, 0x1084, 0x1084, 0x1084, 0x1084, 0x1084,
    0x1084, 0x1084, 0x1084, 0x1084, 0x1084, 0x1084, 0x1084, 0x1084, 0x1084, 0x1084, 0x1084, 0x1084,
    0x1084, 0x1084, 0x1084, 0x1084, 0x1084, 0x1084, 0x1084, 0x1084, 0x1084, 0x1084, 0x1084, 0x1084,
    0x1084, 0x1084, 0x1084, 0x1084, 0x1084, 0x1084, 0x1084, 0x1084, 0x1084, 0x1084, 0x1084, 0x1084,
    0x1084, 0x1084, 0x1084, 0x1084, 0x1084, 0x1084, 0x1084, 0x1084, 0x1084, 0x1084, 0x1084, 0x1084,
    0x1084, 0x1084, 0x1084, 0x1084, 0x1084, 0x1084, 0x1084, 0x1084, 0x1084, 0x1084, 0x1084, 0x1084,
    0x1084, 0x1084, 0x1084, 0x1084, 0x1084, 0x1084, 0x1084, 0x1084, 0x3084, 0x518C, 0x3084, 0x0F84,
    0x9294, 0xBADE, 0x99D6, 0xB9DE, 0x79D6, 0x78D6, 0x78D6, 0x17C6, 0x37C6, 0x17C6, 0xB6BD, 0xD6BD,
    0x75AD, 0x55AD, 0x34A5, 0xD39C, 0xF39C, 0x9294, 0x718C, 0x718C, 0x1184, 0x1084, 0xF07B, 0x1084,
    0x1084, 0x1084, 0x1084, 0x1084, 0x1084, 0x1084, 0x1084, 0x1084, 0x1084, 0x1084, 0xEF7B, 0xEF7B,
    0x0F84, 0xED83, 0x4D8C, 0x6D94, 0x4E8C, 0x1084, 0x6C94, 0xEBAC, 0xEBAC, 0xEAAC, 0x4BBD, 0x29B5,
    0x28BD, 0x29BD, 0x2BB5, 0x6F8C, 0x1084, 0x2D94, 0xC7C4, 0xA6BC, 0xC7C4, 0xC7BC, 0xA9B4, 0x2E94,
    0x1084, 0x308C, 0x1084, 0x1084, 0x1084, 0x1084, 0xEF7B, 0x3084, 0xEF7B, 0xAA52, 0x6D6B, 0x6D6B,
    0xEF7B, 0x3084, 0x518C, 0x1084, 0x1084, 0x1084, 0x1084, 0x1084, 0x1084, 0x1084, 0x1084, 0x1084,
    0x1084, 0x1084, 0x1084, 0x1084, 0x1084, 0x1084, 0x1084, 0x1084, 0x1084, 0x1084, 0x1084, 0x1084,
    0x1084, 0x1084, 0x1084, 0x1084, 0x1084, 0x1084, 0x1084, 0x1084, 0x1084, 0x1084, 0x1084, 0x1084,
    0x1084, 0x1084, 0x1084, 0x1084, 0x1084, 0x1084, 0x1084, 0x1084, 0x1084, 0x1084, 0x1084, 0x1084,
    0x1084, 0x1084, 0x1084, 0x1084, 0x1084, 0x1084, 0x1084, 0x1084, 0x1084, 0x1084, 0x1084, 0x1084,
    0x1084, 0x1084, 0x1084, 0x1084, 0x1084, 0x1084, 0x1084, 0x1084, 0x1084, 0x1084, 0x1084, 0x1084,
    0x1084, 0x1084, 0x1084, 0x1084, 0x1084, 0x1084, 0x1084, 0x1084, 0x1084, 0x1084, 0x1084, 0x1084,
    0x1084, 0x1084, 0x1084, 0x1084, 0x1084, 0x1084, 0x1084, 0x1084, 0x1084, 0x1084, 0x1084, 0x1084,
    0x1084, 0x1084, 0x1084, 0x1084, 0x1084, 0x1084, 0x1084, 0x1084, 0x1084, 0x1084, 0x1084, 0x1084,
    0x1084, 0x1084, 0x1084, 0x1084, 0x1084, 0x1084, 0x1084, 0x1084, 0x1084, 0x1084, 0x1084, 0x1084,
    0x1084, 0x1084, 0x1084, 0x1084, 0x1084, 0x1084, 0x1084, 0x1084, 0x1084, 0x1084, 0x1084, 0x1084,
    0x1084, 0x1084, 0x1084, 0x1084, 0x1084, 0x1084, 0x1084, 0x1084, 0x1084, 0x1084, 0x1084, 0x1084,
    0x1084, 0x1084, 0x1084, 0x1084, 0x1084, 0x1084, 0x1084, 0x1084, 0x1084, 0x1084, 0x1084, 0x1084,
    0x1084, 0x1084, 0x1084, 0x1084, 0xEF7B, 0x1084, 0x1084, 0x1084, 0x3084, 0xEF7B, 0x1084, 0x1084,
    0x1084, 0x1084, 0x1084, 0x3084, 0x518C, 0xB294, 0x9294, 0x13A5, 0x14A5, 0x34AD, 0x95B5, 0x75B5,
    0xF6BD, 0xF7C5, 0x17C6, 0x58CE, 0x58CE, 0x78D6, 0x99D6, 0x99D6, 0x99D6, 0xB9DE, 0xB9DE, 0x99D6,
    0x99D6, 0x78D6, 0x79D6, 0x58D6, 0x17C6, 0x38CE, 0xD6BD, 0xD6BD, 0xB6BD, 0x55AD, 0x75B5, 0x14A5,
    0xF39C, 0xD39C, 0x928C, 0x718C, 0x1084, 0xEF7B, 0x1084, 0xF07B, 0x1084, 0x1084, 0x1084, 0x1084,
    0x1084, 0x1084, 0x1084, 0x1084, 0x0F84, 0xEF83, 0xCF7B, 0x0F84, 0x1084, 0x0F84, 0x1084, 0x107C,
    0x308C, 0x1084, 0x1084, 0x1084, 0x1084, 0xEF7B, 0x1084, 0x3084, 0x1084, 0xEB5A, 0xCB5A, 0x6D6B,
    0xEF7B, 0x3084, 0x1084, 0x1084, 0x1084, 0x1084, 0x1084, 0x1084, 0x1084, 0x1084, 0x1084, 0x1084,
    0x1084, 0x1084, 0x1084, 0x1084, 0x1084, 0x1084, 0x1084, 0x1084, 0x1084, 0x1084, 0x1084, 0x1084,
    0x1084, 0x1084, 0x1084, 0x1084, 0x1084, 0x1084, 0x1084, 0x1084, 0x1084, 0x1084, 0x1084, 0x1084,
    0x1084, 0x1084, 0x1084, 0x1084, 0x1084, 0x1084, 0x1084, 0x1084, 0x1084, 0x1084, 0x1084, 0x1084,
    0x1084, 0x1084, 0x1084, 0x1084, 0x1084, 0x1084, 0x1084, 0x1084, 0x1084, 0x1084, 0x1084, 0x1084,
    0x1084, 0x1084, 0x1084, 0x1084, 0x1084, 0x1084, 0x1084, 0x1084, 0x1084, 0x1084, 0x1084, 0x1084,
    0x1084, 0x1084, 0x1084, 0x1084, 0x1084, 0x1084, 0x1084, 0x1084, 0x1084, 0x1084, 0x1084, 0x1084,
    0x1084, 0x1084, 0x1084, 0x1084, 0x1084, 0x1084, 0x1084, 0x1084, 0x1084, 0x1084, 0x1084, 0x1084,
    0x1084, 0x1084, 0x1084, 0x1084, 0x1084, 0x1084, 0x1084, 0x1084, 0x1084, 0x1084, 0x1084, 0x1084,
    0x1084, 0x1084, 0x1084, 0x1084, 0x1084, 0x1084, 0x1084, 0x1084, 0x1084, 0x1084, 0x1084, 0x1084,
    0x1084, 0x1084, 0x1084, 0x1084, 0x1084, 0x1084, 0x1084, 0x1084, 0x1084, 0x1084, 0x1084, 0x1084,
    0x1084, 0x1084, 0x1084, 0x1084, 0x1084, 0x1084, 0x1084, 0x1084, 0x1084, 0x1084, 0x1084, 0x1084,
    0x1084, 0x1084, 0x1084, 0x1084, 0x1084, 0x1084, 0x1084, 0x1084, 0x1084, 0x1084, 0x1084, 0x1084,
    0x1084, 0x1084, 0x1084, 0x1084, 0x1084, 0x1084, 0x1084, 0x3084, 0x1084, 0xB294, 0x58CE, 0xF7C5,
    0xB6B5, 0xB6B5, 0x34AD, 0x34A5, 0x14A5, 0xB294, 0xB294, 0x518C, 0x518C, 0x1084, 0x1084, 0x1084,
    0x1084, 0x1084, 0x1084, 0x1084, 0x1084, 0x1084, 0x1084, 0x1084, 0x1084, 0xEF7B, 0x1084, 0x3084,
    0x508C, 0x9294, 0x9194, 0xF39C, 0x13A5, 0x34AD, 0x95B5, 0x75B5, 0xF7C5, 0xD6BD, 0x38C6, 0x58CE,
    0x58CE, 0xB9DE, 0x58D6, 0x1BE7, 0xD29C, 0x1084, 0x718C, 0x7194, 0x508C, 0x1084, 0x3084, 0x3084,
    0x1084, 0x308C, 0x308C, 0x1084, 0x1084, 0x718C, 0x518C, 0x518C, 0x1084, 0x1084, 0x508C, 0x1084,
    0x1084, 0x1084, 0x1084, 0x1084, 0x1084, 0x1084, 0x1084, 0x1084, 0x3084, 0xEF7B, 0x6D6B, 0xCE73,
    0x1084, 0x3084, 0x1084, 0x1084, 0x1084, 0x1084, 0x1084, 0x1084, 0x1084, 0x1084, 0x1084, 0x1084,
    0x1084, 0x1084, 0x1084, 0x1084, 0x1084, 0x1084, 0x1084, 0x1084, 0x1084, 0x1084, 0x1084, 0x1084,
    0x1084, 0x1084, 0x1084, 0x1084, 0x1084, 0x1084, 0x1084, 0x1084, 0x1084, 0x1084, 0x1084, 0x1084,
    0x1084, 0x1084, 0x1084, 0x1084, 0x1084, 0x1084, 0x1084, 0x1084, 0x1084, 0x1084, 0x1084, 0x1084,
    0x1084, 0x1084, 0x1084, 0x1084, 0x1084, 0x1084, 0x1084, 0x1084, 0x1084, 0x1084, 0x1084, 0x1084,
    0x1084, 0x1084, 0x1084, 0x1084, 0x1084, 0x1084, 0x1084, 0x1084, 0x1084, 0x1084, 0x1084, 0x1084,
    0x1084, 0x1084, 0x1084, 0x1084, 0x1084, 0x1084, 0x1084, 0x1084, 0x1084, 0x1084, 0x1084, 0x1084,
    0x1084, 0x1084, 0x1084, 0x1084, 0x1084, 0x1084, 0x1084, 0x1084, 0x1084, 0x1084, 0x1084, 0x1084,
    0x1084, 0x1084, 0x1084, 0x1084, 0x1084, 0x1084, 0x1084, 0x1084, 0x1084, 0x1084, 0x1084, 0x1084,
    0x1084, 0x1084, 0x1084, 0x1084, 0x1084, 0x1084, 0x1084, 0x1084, 0x1084, 0x1084, 0x1084, 0x1084,
    0x1084, 0x1084, 0x1084, 0x1084, 0x1084, 0x1084, 0x1084, 0x1084, 0x1084, 0x1084, 0x1084, 0x1084,
    0x1084, 0x1084, 0x1084, 0x1084, 0x1084, 0x1084, 0x1084, 0x1084, 0x1084, 0x1084, 0x1084, 0x1084,
    0x1084, 0x1084, 0x1084, 0x1084, 0x1084, 0x1084, 0x1084, 0x1084, 0x1084, 0x1084, 0x1084, 0x1084,
    0x1084, 0x1084, 0x1084, 0x1084, 0x1084, 0xEF7B, 0x1084, 0x3084, 0xEF7B, 0xB9DE, 0xFFFF, 0xDEFF,
    0xDEFF, 0xDEFF, 0xFEFF, 0xDEFF, 0xDEFF, 0xDEFF, 0xDEFF, 0x9DF7, 0x7DF7, 0x5CEF, 0x3BEF, 0x3BEF,
    0xFAE6, 0xFBE6, 0x99D6, 0x99D6, 0x58CE, 0x37C6, 0x38C6, 0xB6BD, 0xB6BD, 0x75B5, 0x54AD, 0x54AD,
    0xD39C, 0xD39C, 0x9294, 0x518C, 0x518C, 0x1084, 0x1084, 0x1084, 0x1084, 0x1084, 0x1084, 0x1084,
    0x1084, 0x1084, 0x1084, 0x1084, 0x1084, 0x1084, 0x1084, 0xEF7B, 0x3084, 0x1084, 0x1084, 0x1084,
    0x1084, 0x1084, 0x1084, 0x1084, 0x1084, 0x1084, 0x1084, 0x1084, 0xEF83, 0xEF7B, 0x1084, 0x1084,
    0x1084, 0x1084, 0x1084, 0x1084, 0x1084, 0x1084, 0x1084, 0x1084, 0x518C, 0x3084, 0x1084, 0x1084,
    0x1084, 0x1084, 0x1084, 0x1084, 0x1084, 0x1084, 0x1084, 0x1084, 0x1084, 0x1084, 0x1084, 0x1084,
    0x1084, 0x1084, 0x1084, 0x1084, 0x1084, 0x1084, 0x1084, 0x1084, 0x1084, 0x1084, 0x1084, 0x1084,
    0x1084, 0x1084, 0x1084, 0x1084, 0x1084, 0x1084, 0x1084, 0x1084, 0x1084, 0x1084, 0x1084, 0x1084,
    0x1084, 0x1084, 0x1084, 0x1084, 0x1084, 0x1084, 0x1084, 0x1084, 0x1084, 0x1084, 0x1084, 0x1084,
    0x1084, 0x1084, 0x1084, 0x1084, 0x1084, 0x1084, 0x1084, 0x1084, 0x1084, 0x1084, 0x1084, 0x1084,
    0x1084, 0x1084, 0x1084, 0x1084, 0x1084, 0x1084, 0x1084, 0x1084, 0x1084, 0x1084, 0x1084, 0x1084,
    0x1084, 0x1084, 0x1084, 0x1084, 0x1084, 0x1084, 0x1084, 0x1084, 0x1084, 0x1084, 0x1084, 0x1084,
    0x1084, 0x1084, 0x1084, 0x1084, 0x1084, 0x1084, 0x1084, 0x1084, 0x1084, 0x1084, 0x1084, 0x1084,
    0x1084, 0x1084, 0x1084, 0x1084, 0x1084, 0x1084, 0x1084, 0x1084, 0x1084, 0x1084, 0x1084, 0x1084,
    0x1084, 0x1084, 0x1084, 0x1084, 0x1084, 0x1084, 0x1084, 0x1084, 0x1084, 0x1084, 0x1084, 0x1084,
    0x1084, 0x1084, 0x1084, 0x1084, 0x1084, 0x1084, 0x1084, 0x1084, 0x1084, 0x1084, 0x1084, 0x1084,
    0x1084, 0x1084, 0x1084, 0x1084, 0x1084, 0x1084, 0x1084, 0x1084, 0x1084, 0x1084, 0x1084, 0x1084,
    0x1084, 0x1084, 0x1084, 0x1084, 0x1084, 0x1084, 0x1084, 0x1084, 0x1084, 0x1084, 0x1084, 0x1084,
    0x1084, 0x1084, 0x1084, 0x1084, 0x1084, 0x1084, 0x1084, 0x1084, 0x1084, 0xFAE6, 0x7DF7, 0x5CEF,
    0xBDFF, 0xBDFF, 0x9DFF, 0x9DF7, 0x9DF7, 0x9DF7, 0x5CF7, 0x5CF7, 0x7CF7, 0x7DF7, 0x7DF7, 0x7CF7,
    0x9DF7, 0xBDFF, 0xBDFF, 0xBDFF, 0xBDFF, 0xBEFF, 0xDEFF, 0xFEFF, 0xFEFF, 0xDEFF, 0xDEFF, 0xFEFF,
    0xDEFF, 0xDEFF, 0xBDFF, 0x9DF7, 0x9DF7, 0x5CEF, 0x5CEF, 0x3BEF, 0xFBE6, 0xFBE6, 0x99D6, 0xB9DE,
    0x79D6, 0x38C6, 0x58CE, 0xD6BD, 0xF7BD, 0x96B5, 0x75AD, 0x518C, 0x1084, 0x3084, 0x1084, 0x1084,
    0x1084, 0xEF7B, 0x1084, 0x1084, 0x1084, 0x1084, 0x1084, 0x1084, 0x1084, 0x1084, 0xEF7B, 0x1084,
    0x1084, 0x1084, 0x1084, 0x1084, 0x1084, 0x1084, 0x1084, 0x1084, 0x1084, 0x1084, 0x3084, 0x1084,
    0xF083, 0x1084, 0x1084, 0x1084, 0x1084, 0x1084, 0x1084, 0x1084, 0x1084, 0x1084, 0x1084, 0x1084,
    0x1084, 0x1084, 0x1084, 0x1084, 0x1084, 0x1084, 0x1084, 0x1084, 0x1084, 0x1084, 0x1084, 0x1084,
    0x1084, 0x1084, 0x1084, 0x1084, 0x1084, 0x1084, 0x1084, 0x1084, 0x1084, 0x1084, 0x1084, 0x1084,
    0x1084, 0x1084, 0x1084, 0x1084, 0x1084, 0x1084, 0x1084, 0x1084, 0x1084, 0x1084, 0x1084, 0x1084,
    0x1084, 0x1084, 0x1084, 0x1084, 0x1084, 0x1084, 0x1084, 0x1084, 0x1084, 0x1084, 0x1084, 0x1084,
    0x1084, 0x1084, 0x1084, 0x1084, 0x1084, 0x1084, 0x1084, 0x1084, 0x1084, 0x1084, 0x1084, 0x1084,
    0x1084, 0x1084, 0x1084, 0x1084, 0x1084, 0x1084, 0x1084, 0x1084, 0x1084, 0x1084, 0x1084, 0x1084,
    0x1084, 0x1084, 0x1084, 0x1084, 0x1084, 0x1084, 0x1084, 0x1084, 0x1084, 0x1084, 0x1084, 0x1084,
    0x1084, 0x1084, 0x1084, 0x1084, 0x1084, 0x1084, 0x1084, 0x1084, 0x1084, 0x1084, 0x1084, 0x1084,
    0x1084, 0x1084, 0x1084, 0x1084, 0x1084, 0x1084, 0x1084, 0x1084, 0x1084, 0x1084, 0x1084, 0x1084,
    0x1084, 0x1084, 0x1084, 0x1084, 0x1084, 0x1084, 0x1084, 0x1084, 0x1084, 0x1084, 0x1084, 0x1084,
    0x1084, 0x1084, 0x1084, 0x1084, 0x1084, 0x1084, 0x1084, 0x1084, 0x1084, 0x1084, 0x1084, 0x1084,
    0x1084, 0x1084, 0x1084, 0x1084, 0x1084, 0x1084, 0x1084, 0x1084, 0x1084, 0x1084, 0x1084, 0x1084,
    0x1084, 0x1084, 0x1084, 0x1084, 0x1084, 0x1084, 0x1084, 0x1084, 0x1084, 0xFBE6, 0x9DFF, 0x3CEF,
    0x95B5, 0x75B5, 0xF7C5, 0x17C6, 0x99D6, 0xBADE, 0x3BEF, 0x7DF7, 0x3CEF, 0x3CEF, 0x7DF7, 0x9DF7,
    0x9DFF, 0x5CEF, 0x5CF7, 0xDEFF, 0xBEFF, 0xDEFF, 0x9DFF, 0x3BEF, 0x7CF7, 0xDEFF, 0xBDFF, 0xBDFF,
    0x9DFF, 0x9DF7, 0x9DF7, 0x5CF7, 0x7CF7, 0x9DF7, 0x9DF7, 0x7DF7, 0x9DF7, 0x9DFF, 0x9DFF, 0xBDFF,
    0xBDFF, 0xBDFF, 0xDEFF, 0xFEFF, 0xFEFF, 0xDEFF, 0xFFFF, 0xB9DE, 0x1084, 0x1084, 0x1084, 0x1084,
    0x1084, 0x1084, 0x1084, 0x1084, 0x1084, 0x1084, 0x1084, 0x1084, 0x1084, 0x1084, 0x1084, 0x1084,
    0x1084, 0x1084, 0x1084, 0x1084, 0x1084, 0x1084, 0x1084, 0x1084, 0x1084, 0x1084, 0x1084, 0x1084,
    0x1084, 0x1084, 0x1084, 0x1084, 0x1084, 0x1084, 0x1084, 0x1084, 0x1084, 0x1084, 0x1084, 0x1084,
    0x1084, 0x1084, 0x1084, 0x1084, 0x1084, 0x1084, 0x1084, 0x1084, 0x1084, 0x1084, 0x1084, 0x1084,
    0x1084, 0x1084, 0x1084, 0x1084, 0x1084, 0x1084, 0x1084, 0x1084, 0x1084, 0x1084, 0x1084, 0x1084,
    0x1084, 0x1084, 0x1084, 0x1084, 0x1084, 0x1084, 0x1084, 0x1084, 0x1084, 0x1084, 0x1084, 0x1084,
    0x1084, 0x1084, 0x1084, 0x1084, 0x1084, 0x1084, 0x1084, 0x1084, 0x1084, 0x1084, 0x1084, 0x1084,
    0x1084, 0x1084, 0x1084, 0x1084, 0x1084, 0x1084, 0x1084, 0x1084, 0x1084, 0x1084, 0x1084, 0x1084,
    0x1084, 0x1084, 0x1084, 0x1084, 0x1084, 0x1084, 0x1084, 0x1084, 0x1084, 0x1084, 0x1084, 0x1084,
    0x1084, 0x1084, 0x1084, 0x1084, 0x1084, 0x1084, 0x1084, 0x1084, 0x1084, 0x1084, 0x1084, 0x1084,
    0x1084, 0x1084, 0x1084, 0x1084, 0x1084, 0x1084, 0x1084, 0x1084, 0x1084, 0x1084, 0x1084, 0x1084,
    0x1084, 0x1084, 0x1084, 0x1084, 0x1084, 0x1084, 0x1084, 0x1084, 0x1084, 0x1084, 0x1084, 0x1084,
    0x1084, 0x1084, 0x1084, 0x1084, 0x1084, 0x1084, 0x1084, 0x1084, 0x1084, 0x1084, 0x1084, 0x1084,
    0x1084, 0x1084, 0x1084, 0x1084, 0x1084, 0x1084, 0x1084, 0x1084, 0x1084, 0x1084, 0x1084, 0x1084,
    0x1084, 0x1084, 0x1084, 0x1084, 0x1084, 0x1084, 0x1084, 0x1084, 0x1084, 0x1084, 0x1084, 0x1084,
    0x1084, 0x1084, 0x1084, 0x1084, 0x1084, 0x1084, 0x1084, 0x1084, 0x518C, 0x3BEF, 0xBDFF, 0x58CE,
    0x0000, 0x0000, 0x8110, 0xA210, 0xC218, 0x4108, 0xAE73, 0x13A5, 0x0321, 0xA631, 0x0742, 0xC639,
    0x718C, 0xBEFF, 0x5CEF, 0x718C, 0xEB5A, 0x4C6B, 0xD6BD, 0xDEFF, 0xB9DE, 0x34AD, 0xB5B5, 0xF6C5,
    0x17C6, 0x99D6, 0xDADE, 0x7CF7, 0x3BEF, 0x1BE7, 0x3CEF, 0x7CF7, 0x9DF7, 0x7CF7, 0xBDFF, 0xBEFF,
    0xBEFF, 0xDEFF, 0xBDFF, 0x3CEF, 0x5CEF, 0x5CEF, 0x9DF7, 0xDADE, 0x1084, 0x1084, 0x1084, 0x1084,
    0x1084, 0x1084, 0x1084, 0x1084, 0x1084, 0x1084, 0x1084, 0x1084, 0x1084, 0x1084, 0x1084, 0x1084,
    0x1084, 0x1084, 0x1084, 0x1084, 0x1084, 0x1084, 0x1084, 0x1084, 0x1084, 0x1084, 0x1084, 0xEF7B,
    0x1084, 0x1084, 0x1084, 0x1084, 0x1084, 0x1084, 0x1084, 0x1084, 0x1084, 0x1084, 0x1084, 0x1084,
    0x1084, 0x1084, 0x1084, 0x1084, 0x1084, 0x1084, 0x1084, 0x1084, 0x1084, 0x1084, 0x1084, 0x1084,
    0x1084, 0x1084, 0x1084, 0x1084, 0x1084, 0x1084, 0x1084, 0x1084, 0x1084, 0x1084, 0x1084, 0x1084,
    0x1084, 0x1084, 0x1084, 0x1084, 0x1084, 0x1084, 0x1084, 0x1084, 0x1084, 0x1084, 0x1084, 0x1084,
    0x1084, 0x1084, 0x1084, 0x1084, 0x1084, 0x1084, 0x1084, 0x1084, 0x1084, 0x1084, 0x1084, 0x1084,
    0x1084, 0x1084, 0x1084, 0x1084, 0x1084, 0x1084, 0x1084, 0x1084, 0x1084, 0x1084, 0x1084, 0x1084,
    0x1084, 0x1084, 0x1084, 0x1084, 0x1084, 0x1084, 0x1084, 0x1084, 0x1084, 0x1084, 0x1084, 0x1084,
    0x1084, 0x1084, 0x1084, 0x1084, 0x1084, 0x1084, 0x1084, 0x1084, 0x1084, 0x1084, 0x1084, 0x1084,
    0x1084, 0x1084, 0x1084, 0x1084, 0x1084, 0x1084, 0x1084, 0x1084, 0x1084, 0x1084, 0x1084, 0x1084,
    0x1084, 0x1084, 0x1084, 0x1084, 0x1084, 0x1084, 0x1084, 0x1084, 0x1084, 0x1084, 0x1084, 0x1084,
    0x1084, 0x1084, 0x1084, 0x1084, 0x1084, 0x1084, 0x1084, 0x1084, 0x1084, 0x1084, 0x1084, 0x1084,
    0x1084, 0x1084, 0x1084, 0x1084, 0x1084, 0x1084, 0x1084, 0x1084, 0x1084, 0x1084, 0x1084, 0x1084,
    0x1084, 0x1084, 0x1084, 0x1084, 0x1084, 0x1084, 0x1084, 0x1084, 0x1084, 0x1084, 0x1084, 0x1084,
    0x1084, 0x1084, 0x1084, 0x1084, 0x1084, 0x1084, 0x1084, 0x3084, 0x518C, 0x5CEF, 0x9DF7, 0xDAE6,
    0x6D73, 0x2C63, 0x6529, 0xC218, 0xA631, 0x2421, 0x508C, 0xCE7B, 0x0000, 0xE318, 0xE318, 0x2000,
    0xEB62, 0xFFFF, 0x0B63, 0x0000, 0x4008, 0x0000, 0x6108, 0xF7C5, 0x508C, 0x0000, 0x4008, 0xA210,
    0x8110, 0x8110, 0x0321, 0x17C6, 0xE739, 0x4429, 0x8531, 0xA631, 0xAA52, 0x5CEF, 0xAE73, 0x8952,
    0x2C63, 0x8D73, 0x95B5, 0x9DFF, 0x5CF7, 0x5CEF, 0xBDFF, 0x99D6, 0x1084, 0x3084, 0x1084, 0x1084,
    0x1084, 0x1084, 0x1084, 0x1084, 0x1084, 0x1084, 0x1084, 0x1084, 0x1084, 0x1084, 0x1084, 0x1084,
    0x1084, 0x1084, 0x1084, 0x1084, 0x1084, 0x1084, 0x1084, 0x1084, 0x1084, 0x1084, 0x1084, 0x1084,
    0x1084, 0x1084, 0x1084, 0x1084, 0x1084, 0x1084, 0x1084, 0x1084, 0x1084, 0x1084, 0x1084, 0x1084,
    0x1084, 0x1084, 0x1084, 0x1084, 0x1084, 0x1084, 0x1084, 0x1084, 0x1084, 0x1084, 0x1084, 0x1084,
    0x1084, 0x1084, 0x1084, 0x1084, 0x1084, 0x1084, 0x1084, 0x1084, 0x1084, 0x1084, 0x1084, 0x1084,
    0x1084, 0x1084, 0x1084, 0x1084, 0x1084, 0x1084, 0x1084, 0x1084, 0x1084, 0x1084, 0x1084, 0x1084,
    0x1084, 0x1084, 0x1084, 0x1084, 0x1084, 0x1084, 0x1084, 0x1084, 0x1084, 0x1084, 0x1084, 0x1084,
    0x1084, 0x1084, 0x1084, 0x1084, 0x1084, 0x1084, 0x1084, 0x1084, 0x1084, 0x1084, 0x1084, 0x1084,
    0x1084, 0x1084, 0x1084, 0x1084, 0x1084, 0x1084, 0x1084, 0x1084, 0x1084, 0x1084, 0x1084, 0x1084,
    0x1084, 0x1084, 0x1084, 0x1084, 0x1084, 0x1084, 0x1084, 0x1084, 0x1084, 0x1084, 0x1084, 0x1084,
    0x1084, 0x1084, 0x1084, 0x1084, 0x1084, 0x1084, 0x1084, 0x1084, 0x1084, 0x1084, 0x1084, 0x1084,
    0x1084, 0x1084, 0x1084, 0x1084, 0x1084, 0x1084, 0x1084, 0x1084, 0x1084, 0x1084, 0x1084, 0x1084,
    0x1084, 0x1084, 0x1084, 0x1084, 0x1084, 0x1084, 0x1084, 0x1084, 0x1084, 0x1084, 0x1084, 0x1084,
    0x1084, 0x1084, 0x1084, 0x1084, 0x1084, 0x1084, 0x1084, 0x1084, 0x1084, 0x1084, 0x1084, 0x1084,
    0x1084, 0x1084, 0x1084, 0x1084, 0x1084, 0x1084, 0x1084, 0x1084, 0x1084, 0x1084, 0x1084, 0x1084,
    0x1084, 0x1084, 0x1084, 0x1084, 0x1084, 0x1084, 0x1084, 0x1084, 0xB294, 0x9DF7, 0x5CF7, 0x7CF7,
    0xDEFF, 0xFFFF, 0x694A, 0x4008, 0x17C6, 0x9DF7, 0xDEFF, 0x6D73, 0x0000, 0xB29C, 0x3BEF, 0x58CE,
    0x5CEF, 0x99D6, 0x6108, 0xE741, 0x78CE, 0x9194, 0x0000, 0x284A, 0x58CE, 0xCE7B, 0xCA5A, 0xA210,
    0x8531, 0x694A, 0xCA5A, 0xD6BD, 0xA210, 0xC218, 0x4529, 0xC218, 0xE739, 0x1BE7, 0x2421, 0x4008,
    0x4008, 0x0000, 0x4000, 0x9194, 0xDEFF, 0x3CEF, 0xDEFF, 0x79CE, 0x1084, 0x518C, 0x1084, 0x1084,
    0x1084, 0x1084, 0x1084, 0x1084, 0x1084, 0x1084, 0x1084, 0x1084, 0x1084, 0x1084, 0x1084, 0x1084,
    0x1084, 0x1084, 0x1084, 0x1084, 0x1084, 0x1084, 0x1084, 0x1084, 0x1084, 0x1084, 0x1084, 0x1084,
    0x1084, 0x1084, 0x1084, 0x1084, 0x1084, 0x1084, 0x1084, 0x1084, 0x1084, 0x1084, 0x1084, 0x1084,
    0x1084, 0x1084, 0x1084, 0x1084, 0x1084, 0x1084, 0x1084, 0x1084, 0x1084, 0x1084, 0x1084, 0x1084,
    0x1084, 0x1084, 0x1084, 0x1084, 0x1084, 0x1084, 0x1084, 0x1084, 0x1084, 0x1084, 0x1084, 0x1084,
    0x1084, 0x1084, 0x1084, 0x1084, 0x1084, 0x1084, 0x1084, 0x1084, 0x1084, 0x1084, 0x1084, 0x1084,
    0x1084, 0x1084, 0x1084, 0x1084, 0x1084, 0x1084, 0x1084, 0x1084, 0x1084, 0x1084, 0x1084, 0x1084,
    0x1084, 0x1084, 0x1084, 0x1084, 0x1084, 0x1084, 0x1084, 0x1084, 0x1084, 0x1084, 0x1084, 0x1084,
    0x1084, 0x1084, 0x1084, 0x1084, 0x1084, 0x1084, 0x1084, 0x1084, 0x1084, 0x1084, 0x1084, 0x1084,
    0x1084, 0x1084, 0x1084, 0x1084, 0x1084, 0x1084, 0x1084, 0x1084, 0x1084, 0x1084, 0x1084, 0x1084,
    0x1084, 0x1084, 0x1084, 0x1084, 0x1084, 0x1084, 0x1084, 0x1084, 0x1084, 0x1084, 0x1084, 0x1084,
    0x1084, 0x1084, 0x1084, 0x1084, 0x1084, 0x1084, 0x1084, 0x1084, 0x1084, 0x1084, 0x1084, 0x1084,
    0x1084, 0x1084, 0x1084, 0x1084, 0x1084, 0x1084, 0x1084, 0x1084, 0x1084, 0x1084, 0x1084, 0x1084,
    0x1084, 0x1084, 0x1084, 0x1084, 0x1084, 0x1084, 0x1084, 0x1084, 0x1084, 0x1084, 0x1084, 0x1084,
    0x1084, 0x1084, 0x1084, 0x1084, 0x1084, 0x1084, 0x1084, 0x1084, 0x1084, 0x1084, 0x1084, 0x1084,
    0x1084, 0x1084, 0x1084, 0x1084, 0x1084, 0x1084, 0x1084, 0x1084, 0xB294, 0x9DFF, 0x5CF7, 0x5CF7,
    0x5CEF, 0x5CEF, 0xE739, 0xA210, 0x99D6, 0x9DF7, 0xBEFF, 0x0B63, 0x0000, 0xD6BD, 0xFFFF, 0xDEFF,
    0xFEFF, 0xD6BD, 0x2000, 0x0B63, 0xFFFF, 0xFFFF, 0x0F84, 0x508C, 0xBEFF, 0xFFFF, 0xD6BD, 0x0000,
    0x8D73, 0xFFFF, 0xDEFF, 0x17C6, 0x4008, 0x484A, 0x5CEF, 0xDADE, 0x3CEF, 0x1BE7, 0x2421, 0x6529,
    0x17C6, 0xD29C, 0xC318, 0x4429, 0x3BEF, 0x5CF7, 0xDEFF, 0x38CE, 0x1084, 0x308C, 0x1084, 0x1084,
    0x1084, 0x1084, 0x1084, 0x1084, 0x1084, 0x1084, 0x1084, 0x1084, 0x1084, 0x1084, 0x1084, 0x1084,
    0x1084, 0x1084, 0x1084, 0x1084, 0x1084, 0x1084, 0x1084, 0x1084, 0x1084, 0x1084, 0x1084, 0x1084,
    0x1084, 0x1084, 0x1084, 0x1084, 0x1084, 0x1084, 0x1084, 0x1084, 0x1084, 0x1084, 0x1084, 0x1084,
    0x1084, 0x1084, 0x1084, 0x1084, 0x1084, 0x1084, 0x1084, 0x1084, 0x1084, 0x1084, 0x1084, 0x1084,
    0x1084, 0x1084, 0x1084, 0x1084, 0x1084, 0x1084, 0x1084, 0x1084, 0x1084, 0x1084, 0x1084, 0x1084,
    0x1084, 0x1084, 0x1084, 0x1084, 0x1084, 0x1084, 0x1084, 0x1084, 0x1084, 0x1084, 0x1084, 0x1084,
    0x1084, 0x1084, 0x1084, 0x1084, 0x1084, 0x1084, 0x1084, 0x1084, 0x1084, 0x1084, 0x1084, 0x1084,
    0x1084, 0x1084, 0x1084, 0x1084, 0x1084, 0x1084, 0x1084, 0x1084, 0x1084, 0x1084, 0x1084, 0x1084,
    0x1084, 0x1084, 0x1084, 0x1084, 0x1084, 0x1084, 0x1084, 0x1084, 0x1084, 0x1084, 0x1084, 0x1084,
    0x1084, 0x1084, 0x1084, 0x1084, 0x1084, 0x1084, 0x1084, 0x1084, 0x1084, 0x1084, 0x1084, 0x1084,
    0x1084, 0x1084, 0x1084, 0x1084, 0x1084, 0x1084, 0x1084, 0x1084, 0x1084, 0x1084, 0x1084, 0x1084,
    0x1084, 0x1084, 0x1084, 0x1084, 0x1084, 0x1084, 0x1084, 0x1084, 0x1084, 0x1084, 0x1084, 0x1084,
    0x1084, 0x1084, 0x1084, 0x1084, 0x1084, 0x1084, 0x1084, 0x1084, 0x1084, 0x1084, 0x1084, 0x1084,
    0x1084, 0x1084, 0x1084, 0x1084, 0x1084, 0x1084, 0x1084, 0x1084, 0x1084, 0x1084, 0x1084, 0x1084,
    0x1084, 0x1084, 0x1084, 0x1084, 0x1084, 0x1084, 0x1084, 0x1084, 0x1084, 0x1084, 0x1084, 0x1084,
    0x1084, 0x1084, 0x1084, 0x1084, 0x1084, 0x1084, 0x1084, 0x1084, 0xB294, 0xBDFF, 0x5CF7, 0x5CF7,
    0x7CF7, 0x5CEF, 0x8631, 0xC318, 0xBADE, 0x7DF7, 0xBDFF, 0xAA52, 0x6108, 0x8952, 0x0C63, 0x8D73,
    0x5CEF, 0x1BE7, 0x4429, 0x4108, 0x0B63, 0xF7C5, 0xFFFF, 0xDEFF, 0x3BEF, 0xBDFF, 0xF3A4, 0x0000,
    0xEF7B, 0xBEFF, 0x9DFF, 0xB6BD, 0x2000, 0xCA5A, 0xFFFF, 0xDEFF, 0xDEFF, 0xBADE, 0xC218, 0xC639,
    0x9DFF, 0xFFFF, 0xAA5A, 0x8110, 0xB9D6, 0x9DF7, 0xDEFF, 0xF7C5, 0x1084, 0x518C, 0x1084, 0x1084,
    0x1084, 0x1084, 0x1084, 0x1084, 0x1084, 0x1084, 0x1084, 0x1084, 0x1084, 0x1084, 0x1084, 0x1084,
    0x1084, 0x1084, 0x1084, 0x1084, 0x1084, 0x1084, 0x1084, 0x1084, 0x1084, 0x1084, 0x1084, 0x1084,
    0x1084, 0x1084, 0x1084, 0x1084, 0x1084, 0x1084, 0x1084, 0x1084, 0x1084, 0x1084, 0x1084, 0x1084,
    0x1084, 0x1084, 0x1084, 0x1084, 0x1084, 0x1084, 0x1084, 0x1084, 0x1084, 0x1084, 0x1084, 0x1084,
    0x1084, 0x1084, 0x1084, 0x1084, 0x1084, 0x1084, 0x1084, 0x1084, 0x1084, 0x1084, 0x1084, 0x1084,
    0x1084, 0x1084, 0x1084, 0x1084, 0x1084, 0x1084, 0x1084, 0x1084, 0x1084, 0x1084, 0x1084, 0x1084,
    0x1084, 0x1084, 0x1084, 0x1084, 0x1084, 0x1084, 0x1084, 0x1084, 0x1084, 0x1084, 0x1084, 0x1084,
    0x1084, 0x1084, 0x1084, 0x1084, 0x1084, 0x1084, 0x1084, 0x1084, 0x1084, 0x1084, 0x1084, 0x1084,
    0x1084, 0x1084, 0x1084, 0x1084, 0x1084, 0x1084, 0x1084, 0x1084, 0x1084, 0x1084, 0x1084, 0x1084,
    0x1084, 0x1084, 0x1084, 0x1084, 0x1084, 0x1084, 0x1084, 0x1084, 0x1084, 0x1084, 0x1084, 0x1084,
    0x1084, 0x1084, 0x1084, 0x1084, 0x1084, 0x1084, 0x1084, 0x1084, 0x1084, 0x1084, 0x1084, 0x1084,
    0x1084, 0x1084, 0x1084, 0x1084, 0x1084, 0x1084, 0x1084, 0x1084, 0x1084, 0x1084, 0x1084, 0x1084,
    0x1084, 0x1084, 0x1084, 0x1084, 0x1084, 0x1084, 0x1084, 0x1084, 0x1084, 0x1084, 0x1084, 0x1084,
    0x1084, 0x1084, 0x1084, 0x1084, 0x1084, 0x1084, 0x1084, 0x1084, 0x1084, 0x1084, 0x1084, 0x1084,
    0x1084, 0x1084, 0x1084, 0x1084, 0x1084, 0x1084, 0x1084, 0x1084, 0x1084, 0x1084, 0x1084, 0x1084,
    0x1084, 0x1084, 0x1084, 0x1084, 0x1084, 0x1084, 0x1084, 0xEF7B, 0x14A5, 0xDEFF, 0x5CEF, 0x5CF7,
    0x7CF7, 0x1BE7, 0x4429, 0x2421, 0x1BE7, 0x7CF7, 0x9DF7, 0x484A, 0x8110, 0x6108, 0x2000, 0xA210,
    0xBADE, 0xDEFF, 0x95B5, 0x6529, 0x0000, 0x4008, 0x4C6B, 0x7CF7, 0x5CEF, 0xDEFF, 0xB194, 0x0000,
    0x7194, 0xDEFF, 0xBDFF, 0x34AD, 0x4008, 0x6529, 0xEB5A, 0xCA5A, 0x58CE, 0xB9DE, 0x6108, 0x2842,
    0x9DF7, 0xB9DE, 0x6529, 0x0321, 0xFBE6, 0x7CF7, 0xFEFF, 0xB6B5, 0x1084, 0x3084, 0x1084, 0xEF7B,
    0x1084, 0x1084, 0x1084, 0x1084, 0x1084, 0x1084, 0x1084, 0x1084, 0x1084, 0x1084, 0x1084, 0x1084,
    0x1084, 0x1084, 0x1084, 0x1084, 0x1084, 0x1084, 0x1084, 0x1084, 0x1084, 0x1084, 0x1084, 0x1084,
    0x1084, 0x1084, 0x1084, 0x1084, 0x1084, 0x1084, 0x1084, 0x1084, 0x1084, 0x1084, 0x1084, 0x1084,
    0x1084, 0x1084, 0x1084, 0x1084, 0x1084, 0x1084, 0x1084, 0x1084, 0x1084, 0x1084, 0x1084, 0x1084,
    0x1084, 0x1084, 0x1084, 0x1084, 0x1084, 0x1084, 0x1084, 0x1084, 0x1084, 0x1084, 0x1084, 0x1084,
    0x1084, 0x1084, 0x1084, 0x1084, 0x1084, 0x1084, 0x1084, 0x1084, 0x1084, 0x1084, 0x1084, 0x1084,
    0x1084, 0x1084, 0x1084, 0x1084, 0x1084, 0x1084, 0x1084, 0x1084, 0x1084, 0x1084, 0x1084, 0x1084,
    0x1084, 0x1084, 0x1084, 0x1084, 0x1084, 0x1084, 0x1084, 0x1084, 0x1084, 0x1084, 0x1084, 0x1084,
    0x1084, 0x1084, 0x1084, 0x1084, 0x1084, 0x1084, 0x1084, 0x1084, 0x1084, 0x1084, 0x1084, 0x1084,
    0x1084, 0x1084, 0x1084, 0x1084, 0x1084, 0x1084, 0x1084, 0x1084, 0x1084, 0x1084, 0x1084, 0x1084,
    0x1084, 0x1084, 0x1084, 0x1084, 0x1084, 0x1084, 0x1084, 0x1084, 0x1084, 0x1084, 0x1084, 0x1084,
    0x1084, 0x1084, 0x1084, 0x1084, 0x1084, 0x1084, 0x1084, 0x1084, 0x1084, 0x1084, 0x1084, 0x1084,
    0x1084, 0x1084, 0x1084, 0x1084, 0x1084, 0x1084, 0x1084, 0x1084, 0x1084, 0x1084, 0x1084, 0x1084,
    0x1084, 0x1084, 0x1084, 0x1084, 0x1084, 0x1084, 0x1084, 0x1084, 0x1084, 0x1084, 0x1084, 0x1084,
    0x1084, 0x1084, 0x1084, 0x1084, 0x1084, 0x1084, 0x1084, 0x1084, 0x1084, 0x1084, 0x1084, 0x1084,
    0x1084, 0x1084, 0x1084, 0x1084, 0x1084, 0x1084, 0x1084, 0xEF7B, 0x13A5, 0xDEFF, 0x5CEF, 0x5CF7,
    0x9DF7, 0xFAE6, 0xE318, 0x8531, 0x3CEF, 0x7CF7, 0x7CF7, 0xC739, 0xC210, 0x95B5, 0x38CE, 0x37CE,
    0x5CF7, 0xBDFF, 0xFFFF, 0x3BEF, 0xF3A4, 0xA631, 0x0000, 0xD29C, 0xBDFF, 0xDEFF, 0x3084, 0x0000,
    0xD29C, 0xDEFF, 0xBEFF, 0xD29C, 0x6108, 0xC218, 0x6108, 0x0000, 0x75B5, 0x79D6, 0x8110, 0x0321,
    0xE739, 0x4529, 0x0000, 0x4C6B, 0xBEFF, 0x3BEF, 0xFEFF, 0x55AD, 0x1084, 0x3084, 0x1084, 0xEF7B,
    0x1084, 0x1084, 0x1084, 0x1084, 0x1084, 0x1084, 0x1084, 0x1084, 0x1084, 0x1084, 0x1084, 0x1084,
    0x1084, 0x1084, 0x1084, 0x1084, 0x1084, 0x1084, 0x1084, 0x1084, 0x1084, 0x1084, 0x1084, 0x1084,
    0x1084, 0x1084, 0x1084, 0x1084, 0x1084, 0x1084, 0x1084, 0x1084, 0x1084, 0x1084, 0x1084, 0x1084,
    0x1084, 0x1084, 0x1084, 0x1084, 0x1084, 0x1084, 0x1084, 0x1084, 0x1084, 0x1084, 0x1084, 0x1084,
    0x1084, 0x1084, 0x1084, 0x1084, 0x1084, 0x1084, 0x1084, 0x1084, 0x1084, 0x1084, 0x1084, 0x1084,
    0x1084, 0x1084, 0x1084, 0x1084, 0x1084, 0x1084, 0x1084, 0x1084, 0x1084, 0x1084, 0x1084, 0x1084,
    0x1084, 0x1084, 0x1084, 0x1084, 0x1084, 0x1084, 0x1084, 0x1084, 0x1084, 0x1084, 0x1084, 0x1084,
    0x1084, 0x1084, 0x1084, 0x1084, 0x1084, 0x1084, 0x1084, 0x1084, 0x1084, 0x1084, 0x1084, 0x1084,
    0x1084, 0x1084, 0x1084, 0x1084, 0x1084, 0x1084, 0x1084, 0x1084, 0x1084, 0x1084, 0x1084, 0x1084,
    0x1084, 0x1084, 0x1084, 0x1084, 0x1084, 0x1084, 0x1084, 0x1084, 0x1084, 0x1084, 0x1084, 0x1084,
    0x1084, 0x1084, 0x1084, 0x1084, 0x1084, 0x1084, 0x1084, 0x1084, 0x1084, 0x1084, 0x1084, 0x1084,
    0x1084, 0x1084, 0x1084, 0x1084, 0x1084, 0x1084, 0x1084, 0x1084, 0x1084, 0x1084, 0x1084, 0x1084,
    0x1084, 0x1084, 0x1084, 0x1084, 0x1084, 0x1084, 0x1084, 0x1084, 0x1084, 0x1084, 0x1084, 0x1084,
    0x1084, 0x1084, 0x1084, 0x1084, 0x1084, 0x1084, 0x1084, 0x1084, 0x1084, 0x1084, 0x1084, 0x1084,
    0x1084, 0x1084, 0x1084, 0x1084, 0x1084, 0x1084, 0x1084, 0x1084, 0x1084, 0x1084, 0x1084, 0x1084,
    0x1084, 0x1084, 0x1084, 0x1084, 0xEF83, 0x1084, 0x3084, 0x1084, 0x75AD, 0xFEFF, 0x5CEF, 0x5CF7,
    0x9DF7, 0xB9DE, 0xC218, 0x0742, 0x7DF7, 0x7CF7, 0x3CEF, 0x8531, 0x2421, 0xBEFF, 0xFFFF, 0xFFFF,
    0xBDFF, 0x54AD, 0x308C, 0x7CF7, 0xFFFF, 0x38CE, 0x4000, 0xEB62, 0xBDFF, 0xDEFF, 0xAE73, 0x0000,
    0x34AD, 0xBDFF, 0xDEFF, 0x7194, 0x0000, 0xCE7B, 0x99D6, 0x17C6, 0x7DF7, 0x17C6, 0xA210, 0xC318,
    0x8210, 0x6108, 0x694A, 0x5CEF, 0x7CF7, 0x3CEF, 0xDEFF, 0x34AD, 0xEF7B, 0x3084, 0x1084, 0xEF7B,
    0x1084, 0x1084, 0x1084, 0x1084, 0x1084, 0x1084, 0x1084, 0x1084, 0x1084, 0x1084, 0x1084, 0x1084,
    0x1084, 0x1084, 0x1084, 0x1084, 0x1084, 0x1084, 0x1084, 0x1084, 0x1084, 0x1084, 0x1084, 0x1084,
    0x1084, 0x1084, 0x1084, 0x1084, 0x1084, 0x1084, 0x1084, 0x1084, 0x1084, 0x1084, 0x1084, 0x1084,
    0x1084, 0x1084, 0x1084, 0x1084, 0x1084, 0x1084, 0x1084, 0x1084, 0x1084, 0x1084, 0x1084, 0x1084,
    0x1084, 0x1084, 0x1084, 0x1084, 0x1084, 0x1084, 0x1084, 0x1084, 0x1084, 0x1084, 0x1084, 0x1084,
    0x1084, 0x1084, 0x1084, 0x1084, 0x1084, 0x1084, 0x1084, 0x1084, 0x1084, 0x1084, 0x1084, 0x1084,
    0x1084, 0x1084, 0x1084, 0x1084, 0x1084, 0x1084, 0x1084, 0x1084, 0x1084, 0x1084, 0x1084, 0x1084,
    0x1084, 0x1084, 0x1084, 0x1084, 0x1084, 0x1084, 0x1084, 0x1084, 0x1084, 0x1084, 0x1084, 0x1084,
    0x1084, 0x1084, 0x1084, 0x1084, 0x1084, 0x1084, 0x1084, 0x1084, 0x1084, 0x1084, 0x1084, 0x1084,
    0x1084, 0x1084, 0x1084, 0x1084, 0x1084, 0x1084, 0x1084, 0x1084, 0x1084, 0x1084, 0x1084, 0x1084,
    0x1084, 0x1084, 0x1084, 0x1084, 0x1084, 0x1084, 0x1084, 0x1084, 0x1084, 0x1084, 0x1084, 0x1084,
    0x1084, 0x1084, 0x1084, 0x1084, 0x1084, 0x1084, 0x1084, 0x1084, 0x1084, 0x1084, 0x1084, 0x1084,
    0x1084, 0x1084, 0x1084, 0x1084, 0x1084, 0x1084, 0x1084, 0x1084, 0x1084, 0x1084, 0x1084, 0x1084,
    0x1084, 0x1084, 0x1084, 0x1084, 0x1084, 0x1084, 0x1084, 0x1084, 0x1084, 0x1084, 0x1084, 0x1084,
    0x1084, 0x1084, 0x1084, 0x1084, 0x1084, 0x1084, 0x1084, 0x1084, 0x1084, 0x1084, 0x1084, 0x1084,
    0x1084, 0x1084, 0x1084, 0x1084, 0xEF7B, 0x1084, 0x3084, 0xEF7B, 0x75AD, 0xFEFF, 0x5CEF, 0x5CEF,
    0xBDFF, 0x38CE, 0x2000, 0x0742, 0x9DF7, 0x7CF7, 0xFBE6, 0x4429, 0x0321, 0x0F84, 0x718C, 0xD29C,
    0x7CF7, 0x8A52, 0x0000, 0x0F84, 0xBAD6, 0x0F84, 0x0000, 0x8D73, 0xDEFF, 0xBDFF, 0x4C6B, 0x0000,
    0x95B5, 0xBDFF, 0xDEFF, 0x308C, 0x0000, 0x54AD, 0xFFFF, 0xFEFF, 0xFFFF, 0xB6BD, 0x2000, 0x2C63,
    0x13A5, 0x2000, 0xAA52, 0xBDFF, 0x5CEF, 0x5CEF, 0xDEFF, 0xF39C, 0x1084, 0x1084, 0x1084, 0xEF7B,
    0x1084, 0x1084, 0x1084, 0x1084, 0x1084, 0x1084, 0x1084, 0x1084, 0x1084, 0x1084, 0x1084, 0x1084,
    0x1084, 0x1084, 0x1084, 0x1084, 0x1084, 0x1084, 0x1084, 0x1084, 0x1084, 0x1084, 0x1084, 0x1084,
    0x1084, 0x1084, 0x1084, 0x1084, 0x1084, 0x1084, 0x1084, 0x1084, 0x1084, 0x1084, 0x1084, 0x1084,
    0x1084, 0x1084, 0x1084, 0x1084, 0x1084, 0x1084, 0x1084, 0x1084, 0x1084, 0x1084, 0x1084, 0x1084,
    0x1084, 0x1084, 0x1084, 0x1084, 0x1084, 0x1084, 0x1084, 0x1084, 0x1084, 0x1084, 0x1084, 0x1084,
    0x1084, 0x1084, 0x1084, 0x1084, 0x1084, 0x1084, 0x1084, 0x1084, 0x1084, 0x1084, 0x1084, 0x1084,
    0x1084, 0x1084, 0x1084, 0x1084, 0x1084, 0x1084, 0x1084, 0x1084, 0x1084, 0x1084, 0x1084, 0x1084,
    0x1084, 0x1084, 0x1084, 0x1084, 0x1084, 0x1084, 0x1084, 0x1084, 0x1084, 0x1084, 0x1084, 0x1084,
    0x1084, 0x1084, 0x1084, 0x1084, 0x1084, 0x1084, 0x1084, 0x1084, 0x1084, 0x1084, 0x1084, 0x1084,
    0x1084, 0x1084, 0x1084, 0x1084, 0x1084, 0x1084, 0x1084, 0x1084, 0x1084, 0x1084, 0x1084, 0x1084,
    0x1084, 0x1084, 0x1084, 0x1084, 0x1084, 0x1084, 0x1084, 0x1084, 0x1084, 0x1084, 0x1084, 0x1084,
    0x1084, 0x1084, 0x1084, 0x1084, 0x1084, 0x1084, 0x1084, 0x1084, 0x1084, 0x1084, 0x1084, 0x1084,
    0x1084, 0x1084, 0x1084, 0x1084, 0x1084, 0x1084, 0x1084, 0x1084, 0x1084, 0x1084, 0x1084, 0x1084,
    0x1084, 0x1084, 0x1084, 0x1084, 0x1084, 0x1084, 0x1084, 0x1084, 0x1084, 0x1084, 0x1084, 0x1084,
    0x1084, 0x1084, 0x1084, 0x1084, 0x1084, 0x1084, 0x1084, 0x1084, 0x1084, 0x1084, 0x1084, 0x1084,
    0x1084, 0x1084, 0x1084, 0x1084, 0xEF7B, 0x1084, 0x3084, 0xEF7B, 0xB6BD, 0xFEFF, 0x5CEF, 0x5CEF,
    0x9DF7, 0xB9DE, 0xC639, 0xAE7B, 0xBDFF, 0x7CF7, 0x1BE7, 0x2421, 0x2000, 0x0000, 0x0000, 0x0000,
    0xF6BD, 0x37CE, 0xC210, 0x0000, 0x6108, 0x0000, 0xC218, 0x58CE, 0x9DF7, 0xBDFF, 0xCA5A, 0x0000,
    0xD6BD, 0xBDFF, 0xDEFF, 0x8D73, 0x4008, 0xEB5A, 0x308C, 0x3084, 0x58CE, 0x95B5, 0x0000, 0x6D6B,
    0xBDF7, 0x4429, 0x6108, 0xF7C5, 0xBDFF, 0x5CEF, 0xBDFF, 0xD39C, 0xEF7B, 0x3084, 0x1084, 0x1084,
    0x1084, 0x1084, 0x1084, 0x1084, 0x1084, 0x1084, 0x1084, 0x1084, 0x1084, 0x1084, 0x1084, 0x1084,
    0x1084, 0x1084, 0x1084, 0x1084, 0x1084, 0x1084, 0x1084, 0x1084, 0x1084, 0x1084, 0x1084, 0x1084,
    0x1084, 0x1084, 0x1084, 0x1084, 0x1084, 0x1084, 0x1084, 0x1084, 0x1084, 0x1084, 0x1084, 0x1084,
    0x1084, 0x1084, 0x1084, 0x1084, 0x1084, 0x1084, 0x1084, 0x1084, 0x1084, 0x1084, 0x1084, 0x1084,
    0x1084, 0x1084, 0x1084, 0x1084, 0x1084, 0x1084, 0x1084, 0x1084, 0x1084, 0x1084, 0x1084, 0x1084,
    0x1084, 0x1084, 0x1084, 0x1084, 0x1084, 0x1084, 0x1084, 0x1084, 0x1084, 0x1084, 0x1084, 0x1084,
    0x1084, 0x1084, 0x1084, 0x1084, 0x1084, 0x1084, 0x1084, 0x1084, 0x1084, 0x1084, 0x1084, 0x1084,
    0x1084, 0x1084, 0x1084, 0x1084, 0x1084, 0x1084, 0x1084, 0x1084, 0x1084, 0x1084, 0x1084, 0x1084,
    0x1084, 0x1084, 0x1084, 0x1084, 0x1084, 0x1084, 0x1084, 0x1084, 0x1084, 0x1084, 0x1084, 0x1084,
    0x1084, 0x1084, 0x1084, 0x1084, 0x1084, 0x1084, 0x1084, 0x1084, 0x1084, 0x1084, 0x1084, 0x1084,
    0x1084, 0x1084, 0x1084, 0x1084, 0x1084, 0x1084, 0x1084, 0x1084, 0x1084, 0x1084, 0x1084, 0x1084,
    0x1084, 0x1084, 0x1084, 0x1084, 0x1084, 0x1084, 0x1084, 0x1084, 0x1084, 0x1084, 0x1084, 0x1084,
    0x1084, 0x1084, 0x1084, 0x1084, 0x1084, 0x1084, 0x1084, 0x1084, 0x1084, 0x1084, 0x1084, 0x1084,
    0x1084, 0x1084, 0x1084, 0x1084, 0x1084, 0x1084, 0x1084, 0x1084, 0x1084, 0x1084, 0x1084, 0x1084,
    0x1084, 0x1084, 0x1084, 0x1084, 0x1084, 0x1084, 0x1084, 0x1084, 0x1084, 0x1084, 0x1084, 0x1084,
    0x1084, 0x1084, 0x1084, 0x1084, 0xEF7B, 0x1084, 0x1084, 0xEF7B, 0xF7BD, 0xDEFF, 0x5CEF, 0x5CEF,
    0x5CEF, 0x7CF7, 0x7DF7, 0x7CF7, 0x5CF7, 0x5CF7, 0x7CF7, 0x17C6, 0xF3A4, 0x13A5, 0x7194, 0x7194,
    0xFBE6, 0xBEFF, 0x38CE, 0x8D73, 0xAA52, 0x2C6B, 0x17C6, 0xBDFF, 0x3CEF, 0xDEFF, 0x8D73, 0xC210,
    0x58CE, 0x9DF7, 0xDEFF, 0xCE7B, 0x0000, 0x4000, 0x0000, 0x0000, 0xEB5A, 0x95B5, 0x0000, 0x4C6B,
    0xFFFF, 0xEF7B, 0x0000, 0x0B63, 0xDEFF, 0x3CEF, 0x7DF7, 0x9294, 0x1084, 0x1084, 0x1084, 0x1084,
    0x1084, 0x1084, 0x1084, 0x1084, 0x1084, 0x1084, 0x1084, 0x1084, 0x1084, 0x1084, 0x1084, 0x1084,
    0x1084, 0x1084, 0x1084, 0x1084, 0x1084, 0x1084, 0x1084, 0x1084, 0x1084, 0x1084, 0x1084, 0x1084,
    0x1084, 0x1084, 0x1084, 0x1084, 0x1084, 0x1084, 0x1084, 0x1084, 0x1084, 0x1084, 0x1084, 0x1084,
    0x1084, 0x1084, 0x1084, 0x1084, 0x1084, 0x1084, 0x1084, 0x1084, 0x1084, 0x1084, 0x1084, 0x1084,
    0x1084, 0x1084, 0x1084, 0x1084, 0x1084, 0x1084, 0x1084, 0x1084, 0x1084, 0x1084, 0x1084, 0x1084,
    0x1084, 0x1084, 0x1084, 0x1084, 0x1084, 0x1084, 0x1084, 0x1084, 0x1084, 0x1084, 0x1084, 0x1084,
    0x1084, 0x1084, 0x1084, 0x1084, 0x1084, 0x1084, 0x1084, 0x1084, 0x1084, 0x1084, 0x1084, 0x1084,
    0x1084, 0x1084, 0x1084, 0x1084, 0x1084, 0x1084, 0x1084, 0x1084, 0x1084, 0x1084, 0x1084, 0x1084,
    0x1084, 0x1084, 0x1084, 0x1084, 0x1084, 0x1084, 0x1084, 0x1084, 0x1084, 0x1084, 0x1084, 0x1084,
    0x1084, 0x1084, 0x1084, 0x1084, 0x1084, 0x1084, 0x1084, 0x1084, 0x1084, 0x1084, 0x1084, 0x1084,
    0x1084, 0x1084, 0x1084, 0x1084, 0x1084, 0x1084, 0x1084, 0x1084, 0x1084, 0x1084, 0x1084, 0x1084,
    0x1084, 0x1084, 0x1084, 0x1084, 0x1084, 0x1084, 0x1084, 0x1084, 0x1084, 0x1084, 0x1084, 0x1084,
    0x1084, 0x1084, 0x1084, 0x1084, 0x1084, 0x1084, 0x1084, 0x1084, 0x1084, 0x1084, 0x1084, 0x1084,
    0x1084, 0x1084, 0x1084, 0x1084, 0x1084, 0x1084, 0x1084, 0x1084, 0x1084, 0x1084, 0x1084, 0x1084,
    0x1084, 0x1084, 0x1084, 0x1084, 0x1084, 0x1084, 0x1084, 0x1084, 0x1084, 0x1084, 0x1084, 0x1084,
    0x1084, 0x1084, 0x1084, 0x1084, 0xEF7B, 0x1084, 0x3084, 0x1084, 0xB6B5, 0xFFFF, 0xBDFF, 0xDEFF,
    0xBDFF, 0xBDFF, 0x9DFF, 0x9DF7, 0x9DF7, 0x7CF7, 0x7CF7, 0xBDFF, 0xDEFF, 0xDEFF, 0xDEFF, 0xDEFF,
    0x5CF7, 0x3BEF, 0x9DF7, 0xBEFF, 0x9DFF, 0xBEFF, 0x9DF7, 0x5CEF, 0x5CF7, 0x5CF7, 0x3CEF, 0xDADE,
    0x7CF7, 0x5CF7, 0x7CF7, 0x1BE7, 0x75B5, 0x54AD, 0x13A5, 0x508C, 0x17C6, 0x99D6, 0x4C6B, 0xD6BD,
    0xBEFF, 0xDADE, 0x8952, 0x6D73, 0x9DF7, 0x7CF7, 0x3CEF, 0x518C, 0x1084, 0x1084, 0x1084, 0x1084,
    0x1084, 0x1084, 0x1084, 0x1084, 0x1084, 0x1084, 0x1084, 0x1084, 0x1084, 0x1084, 0x1084, 0x1084,
    0x1084, 0x1084, 0x1084, 0x1084, 0x1084, 0x1084, 0x1084, 0x1084, 0x1084, 0x1084, 0x1084, 0x1084,
    0x1084, 0x1084, 0x1084, 0x1084, 0x1084, 0x1084, 0x1084, 0x1084, 0x1084, 0x1084, 0x1084, 0x1084,
    0x1084, 0x1084, 0x1084, 0x1084, 0x1084, 0x1084, 0x1084, 0x1084, 0x1084, 0x1084, 0x1084, 0x1084,
    0x1084, 0x1084, 0x1084, 0x1084, 0x1084, 0x1084, 0x1084, 0x1084, 0x1084, 0x1084, 0x1084, 0x1084,
    0x1084, 0x1084, 0x1084, 0x1084, 0x1084, 0x1084, 0x1084, 0x1084, 0x1084, 0x1084, 0x1084, 0x1084,
    0x1084, 0x1084, 0x1084, 0x1084, 0x1084, 0x1084, 0x1084, 0x1084, 0x1084, 0x1084, 0x1084, 0x1084,
    0x1084, 0x1084, 0x1084, 0x1084, 0x1084, 0x1084, 0x1084, 0x1084, 0x1084, 0x1084, 0x1084, 0x1084,
    0x1084, 0x1084, 0x1084, 0x1084, 0x1084, 0x1084, 0x1084, 0x1084, 0x1084, 0x1084, 0x1084, 0x1084,
    0x1084, 0x1084, 0x1084, 0x1084, 0x1084, 0x1084, 0x1084, 0x1084, 0x1084, 0x1084, 0x1084, 0x1084,
    0x1084, 0x1084, 0x1084, 0x1084, 0x1084, 0x1084, 0x1084, 0x1084, 0x1084, 0x1084, 0x1084, 0x1084,
    0x1084, 0x1084, 0x1084, 0x1084, 0x1084, 0x1084, 0x1084, 0x1084, 0x1084, 0x1084, 0x1084, 0x1084,
    0x1084, 0x1084, 0x1084, 0x1084, 0x1084, 0x1084, 0x1084, 0x1084, 0x1084, 0x1084, 0x1084, 0x1084,
    0x1084, 0x1084, 0x1084, 0x1084, 0x1084, 0x1084, 0x1084, 0x1084, 0x1084, 0x1084, 0x1084, 0x1084,
    0x1084, 0x1084, 0x1084, 0x1084, 0x1084, 0x1084, 0x1084, 0x1084, 0x1084, 0x1084, 0x1084, 0x1084,
    0x1084, 0x1084, 0x1084, 0x1084, 0x1084, 0x1084, 0x3084, 0x3084, 0x3084, 0xB6B5, 0x38CE, 0x38CE,
    0x99D6, 0xB9DE, 0xDADE, 0x1BE7, 0xFBE6, 0x5CEF, 0x3CEF, 0x5CF7, 0x7CF7, 0x9DF7, 0xBDFF, 0xBDFF,
    0xDEFF, 0xFEFF, 0xDEFF, 0xDEFF, 0xDEFF, 0xBDFF, 0xBEFF, 0xDEFF, 0xBDFF, 0xBDFF, 0x9DFF, 0xBDFF,
    0x7CF7, 0x7CF7, 0x7CF7, 0x7CF7, 0xBEFF, 0xDEFF, 0xDEFF, 0xDEFF, 0x9DF7, 0x7CF7, 0xDEFF, 0x9DF7,
    0x5CEF, 0x7CF7, 0xBDFF, 0x9DF7, 0x5CEF, 0x7CF7, 0x3BEF, 0x518C, 0x1084, 0x1084, 0x1084, 0x1084,
    0x1084, 0x1084, 0x1084, 0x1084, 0x1084, 0x1084, 0x1084, 0x1084, 0x1084, 0x1084, 0x1084, 0x1084,
    0x1084, 0x1084, 0x1084, 0x1084, 0x1084, 0x1084, 0x1084, 0x1084, 0x1084, 0x1084, 0x1084, 0x1084,
    0x1084, 0x1084, 0x1084, 0x1084, 0x1084, 0x1084, 0x1084, 0x1084, 0x1084, 0x1084, 0x1084, 0x1084,
    0x1084, 0x1084, 0x1084, 0x1084, 0x1084, 0x1084, 0x1084, 0x1084, 0x1084, 0x1084, 0x1084, 0x1084,
    0x1084, 0x1084, 0x1084, 0x1084, 0x1084, 0x1084, 0x1084, 0x1084, 0x1084, 0x1084, 0x1084, 0x1084,
    0x1084, 0x1084, 0x1084, 0x1084, 0x1084, 0x1084, 0x1084, 0x1084, 0x1084, 0x1084, 0x1084, 0x1084,
    0x1084, 0x1084, 0x1084, 0x1084, 0x1084, 0x1084, 0x1084, 0x1084, 0x1084, 0x1084, 0x1084, 0x1084,
    0x1084, 0x1084, 0x1084, 0x1084, 0x1084, 0x1084, 0x1084, 0x1084, 0x1084, 0x1084, 0x1084, 0x1084,
    0x1084, 0x1084, 0x1084, 0x1084, 0x1084, 0x1084, 0x1084, 0x1084, 0x1084, 0x1084, 0x1084, 0x1084,
    0x1084, 0x1084, 0x1084, 0x1084, 0x1084, 0x1084, 0x1084, 0x1084, 0x1084, 0x1084, 0x1084, 0x1084,
    0x1084, 0x1084, 0x1084, 0x1084, 0x1084, 0x1084, 0x1084, 0x1084, 0x1084, 0x1084, 0x1084, 0x1084,
    0x1084, 0x1084, 0x1084, 0x1084, 0x1084, 0x1084, 0x1084, 0x1084, 0x1084, 0x1084, 0x1084, 0x1084,
    0x1084, 0x1084, 0x1084, 0x1084, 0x1084, 0x1084, 0x1084, 0x1084, 0x1084, 0x1084, 0x1084, 0x1084,
    0x1084, 0x1084, 0x1084, 0x1084, 0x1084, 0x1084, 0x1084, 0x1084, 0x1084, 0x1084, 0x1084, 0x1084,
    0x1084, 0x1084, 0x1084, 0x1084, 0x1084, 0x1084, 0x1084, 0x1084, 0x1084, 0x1084, 0x1084, 0x1084,
    0x1084, 0x1084, 0x1084, 0x1084, 0x1084, 0x1084, 0x1084, 0x3084, 0x1084, 0x1084, 0x1084, 0x1084,
    0x1084, 0x1084, 0x1084, 0x1084, 0x1084, 0x718C, 0x518C, 0x9294, 0xB294, 0x9294, 0xF3A4, 0xF39C,
    0x54AD, 0x75AD, 0x95B5, 0xD6BD, 0xD6BD, 0x58CE, 0x38C6, 0x79D6, 0x99D6, 0x99D6, 0xFBE6, 0xDAE6,
    0x3BEF, 0x3CEF, 0x5CEF, 0x7DF7, 0x7DF7, 0xBDFF, 0xBDFF, 0xBDFF, 0xDEFF, 0xDEFF, 0xDEFF, 0xDEFF,
    0xFEFF, 0xDEFF, 0xBDFF, 0xBDFF, 0x9DFF, 0xFEFF, 0xFAE6, 0x1084, 0x1084, 0x1084, 0x1084, 0x1084,
    0x1084, 0x1084, 0x1084, 0x1084, 0x1084, 0x1084, 0x1084, 0x1084, 0x1084, 0x1084, 0x1084, 0x1084,
    0x1084, 0x1084, 0x1084, 0x1084, 0x1084, 0x1084, 0x1084, 0x1084, 0x1084, 0x1084, 0x1084, 0x1084,
    0x1084, 0x1084, 0x1084, 0x1084, 0x1084, 0x1084, 0x1084, 0x1084, 0x1084, 0x1084, 0x1084, 0x1084,
    0x1084, 0x1084, 0x1084, 0x1084, 0x1084, 0x1084, 0x1084, 0x1084, 0x1084, 0x1084, 0x1084, 0x1084,
    0x1084, 0x1084, 0x1084, 0x1084, 0x1084, 0x1084, 0x1084, 0x1084, 0x1084, 0x1084, 0x1084, 0x1084,
    0x1084, 0x1084, 0x1084, 0x1084, 0x1084, 0x1084, 0x1084, 0x1084, 0x1084, 0x1084, 0x1084, 0x1084,
    0x1084, 0x1084, 0x1084, 0x1084, 0x1084, 0x1084, 0x1084, 0x1084, 0x1084, 0x1084, 0x1084, 0x1084,
    0x1084, 0x1084, 0x1084, 0x1084, 0x1084, 0x1084, 0x1084, 0x1084, 0x1084, 0x1084, 0x1084, 0x1084,
    0x1084, 0x1084, 0x1084, 0x1084, 0x1084, 0x1084, 0x1084, 0x1084, 0x1084, 0x1084, 0x1084, 0x1084,
    0x1084, 0x1084, 0x1084, 0x1084, 0x1084, 0x1084, 0x1084, 0x1084, 0x1084, 0x1084, 0x1084, 0x1084,
    0x1084, 0x1084, 0x1084, 0x1084, 0x1084, 0x1084, 0x1084, 0x1084, 0x1084, 0x1084, 0x1084, 0x1084,
    0x1084, 0x1084, 0x1084, 0x1084, 0x1084, 0x1084, 0x1084, 0x1084, 0x1084, 0x1084, 0x1084, 0x1084,
    0x1084, 0x1084, 0x1084, 0x1084, 0x1084, 0x1084, 0x1084, 0x1084, 0x1084, 0x1084, 0x1084, 0x1084,
    0x1084, 0x1084, 0x1084, 0x1084, 0x1084, 0x1084, 0x1084, 0x1084, 0x1084, 0x1084, 0x1084, 0x1084,
    0x1084, 0x1084, 0x1084, 0x1084, 0x1084, 0x1084, 0x1084, 0x1084, 0x1084, 0x1084, 0x1084, 0x1084,
    0x1084, 0x1084, 0x1084, 0x1084, 0x1084, 0x1084, 0x1084, 0x1084, 0x1084, 0x518C, 0x518C, 0x518C,
    0x1084, 0x508C, 0x1084, 0x1084, 0x3084, 0x1084, 0x1084, 0x1084, 0x1084, 0x1084, 0x1084, 0x1084,
    0x1084, 0x1084, 0x1084, 0x1084, 0x1084, 0x1084, 0x1084, 0x1084, 0x1084, 0xEF7B, 0x1084, 0x1084,
    0x518C, 0x518C, 0x718C, 0xB294, 0x9294, 0xF39C, 0xF39C, 0x34A5, 0x54AD, 0x55AD, 0xD6BD, 0xB6B5,
    0x17C6, 0x37C6, 0x79D6, 0x99D6, 0x99D6, 0xDADE, 0x13A5, 0x1084, 0x3084, 0x1084, 0x1084, 0x1084,
    0x1084, 0x1084, 0x1084, 0x1084, 0x1084, 0x1084, 0x1084, 0x1084, 0x1084, 0x1084, 0x1084, 0x1084,
    0x1084, 0x1084, 0x1084, 0x1084, 0x1084, 0x1084, 0x1084, 0x1084, 0x1084, 0x1084, 0x1084, 0x1084,
    0x1084, 0x1084, 0x1084, 0x1084, 0x1084, 0x1084, 0x1084, 0x1084, 0x1084, 0x1084, 0x1084, 0x1084,
    0x1084, 0x1084, 0x1084, 0x1084, 0x1084, 0x1084, 0x1084, 0x1084, 0x1084, 0x1084, 0x1084, 0x1084,
    0x1084, 0x1084, 0x1084, 0x1084, 0x1084, 0x1084, 0x1084, 0x1084, 0x1084, 0x1084, 0x1084, 0x1084,
    0x1084, 0x1084, 0x1084, 0x1084, 0x1084, 0x1084, 0x1084, 0x1084, 0x1084, 0x1084, 0x1084, 0x1084,
    0x1084, 0x1084, 0x1084, 0x1084, 0x1084, 0x1084, 0x1084, 0x1084, 0x1084, 0x1084, 0x1084, 0x1084,
    0x1084, 0x1084, 0x1084, 0x1084, 0x1084, 0x1084, 0x1084, 0x1084, 0x1084, 0x1084, 0x1084, 0x1084,
    0x1084, 0x1084, 0x1084, 0x1084, 0x1084, 0x1084, 0x1084, 0x1084, 0x1084, 0x1084, 0x1084, 0x1084,
    0x1084, 0x1084, 0x1084, 0x1084, 0x1084, 0x1084, 0x1084, 0x1084, 0x1084, 0x1084, 0x1084, 0x1084,
    0x1084, 0x1084, 0x1084, 0x1084, 0x1084, 0x1084, 0x1084, 0x1084, 0x1084, 0x1084, 0x1084, 0x1084,
    0x1084, 0x1084, 0x1084, 0x1084, 0x1084, 0x1084, 0x1084, 0x1084, 0x1084, 0x1084, 0x1084, 0x1084,
    0x1084, 0x1084, 0x1084, 0x1084, 0x1084, 0x1084, 0x1084, 0x1084, 0x1084, 0x1084, 0x1084, 0x1084,
    0x1084, 0x1084, 0x1084, 0x1084, 0x1084, 0x1084, 0x1084, 0x1084, 0x1084, 0x1084, 0x1084, 0x1084,
    0x1084, 0x1084, 0x1084, 0x1084, 0x1084, 0x1084, 0x1084, 0x1084, 0x1084, 0x1084, 0x1084, 0x1084,
    0x1084, 0x1084, 0x1084, 0x1084, 0x1084, 0x1084, 0x1084, 0x1084, 0x1084, 0x1084, 0x1084, 0x1084,
    0x1084, 0x1084, 0x1084, 0x1084, 0x3084, 0x1084, 0x1084, 0x1084, 0x1084, 0x1084, 0x518C, 0x3084,
    0x3084, 0x3084, 0x3084, 0x718C, 0x518C, 0x3084, 0x718C, 0x3084, 0x1084, 0x1084, 0x1084, 0x1084,
    0x1084, 0x1084, 0x1084, 0xEF7B, 0x1084, 0x1084, 0xCF7B, 0x1084, 0xEF7B, 0x1084, 0x1084, 0x1084,
    0x1084, 0x1084, 0x1084, 0x1084, 0xEF7B, 0x1084, 0x1084, 0x1084, 0x1084, 0x1084, 0x1084, 0x1084,
    0x1084, 0x1084, 0x1084, 0x1084, 0x1084, 0x1084, 0x1084, 0x1084, 0x1084, 0x1084, 0x1084, 0x1084,
    0x1084, 0x1084, 0x1084, 0x1084, 0x1084, 0x1084, 0x1084, 0x1084, 0x1084, 0x1084, 0x1084, 0x1084,
    0x1084, 0x1084, 0x1084, 0x1084, 0x1084, 0x1084, 0x1084, 0x1084, 0x1084, 0x1084, 0x1084, 0x1084,
    0x1084, 0x1084, 0x1084, 0x1084, 0x1084, 0x1084, 0x1084, 0x1084, 0x1084, 0x1084, 0x1084, 0x1084,
    0x1084, 0x1084, 0x1084, 0x1084, 0x1084, 0x1084, 0x1084, 0x1084, 0x1084, 0x1084, 0x1084, 0x1084,
    0x1084, 0x1084, 0x1084, 0x1084, 0x1084, 0x1084, 0x1084, 0x1084, 0x1084, 0x1084, 0x1084, 0x1084,
    0x1084, 0x1084, 0x1084, 0x1084, 0x1084, 0x1084, 0x1084, 0x1084, 0x1084, 0x1084, 0x1084, 0x1084,
    0x1084, 0x1084, 0x1084, 0x1084, 0x1084, 0x1084, 0x1084, 0x1084, 0x1084, 0x1084, 0x1084, 0x1084,
    0x1084, 0x1084, 0x1084, 0x1084, 0x1084, 0x1084, 0x1084, 0x1084, 0x1084, 0x1084, 0x1084, 0x1084,
    0x1084, 0x1084, 0x1084, 0x1084, 0x1084, 0x1084, 0x1084, 0x1084, 0x1084, 0x1084, 0x1084, 0x1084,
    0x1084, 0x1084, 0x1084, 0x1084, 0x1084, 0x1084, 0x1084, 0x1084, 0x1084, 0x1084, 0x1084, 0x1084,
    0x1084, 0x1084, 0x1084, 0x1084, 0x1084, 0x1084, 0x1084, 0x1084, 0x1084, 0x1084, 0x1084, 0x1084,
    0x1084, 0x1084, 0x1084, 0x1084, 0x1084, 0x1084, 0x1084, 0x1084, 0x1084, 0x1084, 0x1084, 0x1084,
    0x1084, 0x1084, 0x1084, 0x1084, 0x1084, 0x1084, 0x1084, 0x1084, 0x1084, 0x1084, 0x1084, 0x1084,
    0x1084, 0x1084, 0x1084, 0x1084, 0x1084, 0x1084, 0x1084, 0x1084, 0x1084, 0x1084, 0x1084, 0x1084,
    0x1084, 0x1084, 0x1084, 0x1084, 0x1084, 0x1084, 0x1084, 0x1084, 0x1084, 0x1084, 0xEF7B, 0xEF7B,
    0x1084, 0x1084, 0x1084, 0x1084, 0x1084, 0xEF7B, 0xEF7B, 0x1084, 0x1084, 0x1084, 0x3084, 0x1084,
    0x1084, 0x1084, 0x1084, 0x1084, 0x1084, 0x1084, 0x1084, 0x1084, 0x1084, 0xEF7B, 0x1084, 0x1084,
    0x1084, 0x1084, 0x1084, 0x1084, 0x1084, 0x1084, 0x3084, 0x3084, 0x518C, 0x718C, 0x1084, 0x1084,
    0x1084, 0x1084, 0x1084, 0x1084, 0x3084, 0x1084, 0x3084, 0x1084, 0x1084, 0x1084, 0x1084, 0x1084,
    0x1084, 0x1084, 0x1084, 0x1084, 0x1084, 0x1084, 0x1084, 0x1084, 0x1084, 0x1084, 0x1084, 0x1084,
    0x1084, 0x1084, 0x1084, 0x1084, 0x1084, 0x1084, 0x1084, 0x1084, 0x1084, 0x1084, 0x1084, 0x1084,
    0x1084, 0x1084, 0x1084, 0x1084, 0x1084, 0x1084, 0x1084, 0x1084, 0x1084, 0x1084, 0x1084, 0x1084,
    0x1084, 0x1084, 0x1084, 0x1084, 0x1084, 0x1084, 0x1084, 0x1084, 0x1084, 0x1084, 0x1084, 0x1084,
    0x1084, 0x1084, 0x1084, 0x1084, 0x1084, 0x1084, 0x1084, 0x1084, 0x1084, 0x1084, 0x1084, 0x1084,
    0x1084, 0x1084, 0x1084, 0x1084, 0x1084, 0x1084, 0x1084, 0x1084, 0x1084, 0x1084, 0x1084, 0x1084,
    0x1084, 0x1084, 0x1084, 0x1084, 0x1084, 0x1084, 0x1084, 0x1084, 0x1084, 0x1084, 0x1084, 0x1084,
    0x1084, 0x1084, 0x1084, 0x1084, 0x1084, 0x1084, 0x1084, 0x1084, 0x1084, 0x1084, 0x1084, 0x1084,
    0x1084, 0x1084, 0x1084, 0x1084, 0x1084, 0x1084, 0x1084, 0x1084, 0x1084, 0x1084, 0x1084, 0x1084,
    0x1084, 0x1084, 0x1084, 0x1084, 0x1084, 0x1084, 0x1084, 0x1084, 0x1084, 0x1084, 0x1084, 0x1084,
    0x1084, 0x1084, 0x1084, 0x1084, 0x1084, 0x1084, 0x1084, 0x1084, 0x1084, 0x1084, 0x1084, 0x1084,
    0x1084, 0x1084, 0x1084, 0x1084, 0x1084, 0x1084, 0x1084, 0x1084, 0x1084, 0x1084, 0x1084, 0x1084,
    0x1084, 0x1084, 0x1084, 0x1084, 0x1084, 0x1084, 0x1084, 0x1084, 0x1084, 0x1084, 0x1084, 0x1084,
    0x1084, 0x1084, 0x1084, 0x1084, 0x1084, 0x1084, 0x1084, 0x1084, 0x1084, 0x1084, 0x1084, 0x1084,
    0x1084, 0x1084, 0x1084, 0x1084, 0x1084, 0x1084, 0x1084, 0x1084, 0x1084, 0x1084, 0x1084, 0x1084,
    0x1084, 0x1084, 0x1084, 0x1084, 0x1084, 0x1084, 0x1084, 0x1084, 0x1084, 0x1084, 0x1084, 0x1084,
    0x1084, 0x1084, 0x1084, 0x1084, 0x1084, 0xCF7B, 0xCF7B, 0xCF7B, 0xEF7B, 0x1084, 0x1084, 0x1084,
    0x1084, 0x1084, 0x1084, 0x1084, 0x1084, 0xEF7B, 0x0F84, 0x1084, 0x1084, 0x1084, 0x1084, 0x1084,
    0x1084, 0x1084, 0x1084, 0x1084, 0x1084, 0x1084, 0x1084, 0x1084, 0x1084, 0x1084, 0x1084, 0x1084,
    0x1084, 0x1084, 0x1084, 0x1084, 0x1084, 0x1084, 0x1084, 0x1084, 0x1084, 0x1084, 0x1084, 0x1084,
    0x1084, 0x1084, 0x1084, 0x1084, 0x1084, 0x1084, 0x1084, 0x1084, 0x1084, 0x1084, 0x1084, 0x1084,
    0x1084, 0x1084, 0x1084, 0x1084, 0x1084, 0x1084, 0x1084, 0x1084, 0x1084, 0x1084, 0x1084, 0x1084,
    0x1084, 0x1084, 0x1084, 0x1084, 0x1084, 0x1084, 0x1084, 0x1084, 0x1084, 0x1084, 0x1084, 0x1084,
    0x1084, 0x1084, 0x1084, 0x1084, 0x1084, 0x1084, 0x1084, 0x1084, 0x1084, 0x1084, 0x1084, 0x1084,
    0x1084, 0x1084, 0x1084, 0x1084, 0x1084, 0x1084, 0x1084, 0x1084, 0x1084, 0x1084, 0x1084, 0x1084,
    0x1084, 0x1084, 0x1084, 0x1084, 0x1084, 0x1084, 0x1084, 0x1084, 0x1084, 0x1084, 0x1084, 0x1084,
    0x1084, 0x1084, 0x1084, 0x1084, 0x1084, 0x1084, 0x1084, 0x1084, 0x1084, 0x1084, 0x1084, 0x1084,
    0x1084, 0x1084, 0x1084, 0x1084, 0x1084, 0x1084, 0x1084, 0x1084, 0x1084, 0x1084, 0x1084, 0x1084,
    0x1084, 0x1084, 0x1084, 0x1084, 0x1084, 0x1084, 0x1084, 0x1084, 0x1084, 0x1084, 0x1084, 0x1084,
    0x1084, 0x1084, 0x1084, 0x1084, 0x1084, 0x1084, 0x1084, 0x1084, 0x1084, 0x1084, 0x1084, 0x1084,
    0x1084, 0x1084, 0x1084, 0x1084, 0x1084, 0x1084, 0x1084, 0x1084, 0x1084, 0x1084, 0x1084, 0x1084,
    0x1084, 0x1084, 0x1084, 0x1084, 0x1084, 0x1084, 0x1084, 0x1084, 0x1084, 0x1084, 0x1084, 0x1084,
    0x1084, 0x1084, 0x1084, 0x1084, 0x1084, 0x1084, 0x1084, 0x1084, 0x1084, 0x1084, 0x1084, 0x1084,
    0x1084, 0x1084, 0x1084, 0x1084, 0x1084, 0x1084, 0x1084, 0x1084, 0x1084, 0x1084, 0x1084, 0x1084,
    0x1084, 0x1084, 0x1084, 0x1084, 0x1084, 0x1084, 0x1084, 0x1084, 0x1084, 0x1084, 0x1084, 0x1084,
    0x1084, 0x1084, 0x1084, 0x1084, 0x1084, 0x1084, 0x1084, 0x1084, 0x1084, 0x1084, 0x1084, 0x1084,
    0x1084, 0x1084, 0x1084, 0x1084, 0x3084, 0xCF7B, 0xCF7B, 0xCF7B, 0xEF7B, 0x1084, 0x3084, 0x1084,
    0x1084, 0x1084, 0x1084, 0x1084, 0x1084, 0x1084, 0x1084, 0x1084, 0x1084, 0x1084, 0x1084, 0x1084,
    0x1084, 0x1084, 0x1084, 0x1084, 0x1084, 0x1084, 0xEF83, 0x1084, 0x1084, 0x1084, 0x3084, 0xEF7B,
    0xCF7B, 0xCF7B, 0xEF7B, 0x1084, 0x518C, 0x1084, 0x1084, 0x1084, 0x1084, 0x1084, 0x1084, 0x1084,
    0x1084, 0x1084, 0x1084, 0x1084, 0x1084, 0x1084, 0x1084, 0x1084, 0x1084, 0x1084, 0x1084, 0x1084,
    0x1084, 0x1084, 0x1084, 0x1084, 0x1084, 0x1084, 0x1084, 0x1084, 0x1084, 0x1084, 0x1084, 0x1084,
    0x1084, 0x1084, 0x1084, 0x1084, 0x1084, 0x1084, 0x1084, 0x1084, 0x1084, 0x1084, 0x1084, 0x1084,
    0x1084, 0x1084, 0x1084, 0x1084, 0x1084, 0x1084, 0x1084, 0x1084, 0x1084, 0x1084, 0x1084, 0x1084,
    0x1084, 0x1084, 0x1084, 0x1084, 0x1084, 0x1084, 0x1084, 0x1084, 0x1084, 0x1084, 0x1084, 0x1084,
    0x1084, 0x1084, 0x1084, 0x1084, 0x1084, 0x1084, 0x1084, 0x1084, 0x1084, 0x1084, 0x1084, 0x1084,
    0x1084, 0x1084, 0x1084, 0x1084, 0x1084, 0x1084, 0x1084, 0x1084, 0x1084, 0x1084, 0x1084, 0x1084,
    0x1084, 0x1084, 0x1084, 0x1084, 0x1084, 0x1084, 0x1084, 0x1084, 0x1084, 0x1084, 0x1084, 0x1084,
    0x1084, 0x1084, 0x1084, 0x1084, 0x1084, 0x1084, 0x1084, 0x1084, 0x1084, 0x1084, 0x1084, 0x1084,
    0x1084, 0x1084, 0x1084, 0x1084, 0x1084, 0x1084, 0x1084, 0x1084, 0x1084, 0x1084, 0x1084, 0x1084,
    0x1084, 0x1084, 0x1084, 0x1084, 0x1084, 0x1084, 0x1084, 0x1084, 0x1084, 0x1084, 0x1084, 0x1084,
    0x1084, 0x1084, 0x1084, 0x1084, 0x1084, 0x1084, 0x1084, 0x1084, 0x1084, 0x1084, 0x1084, 0x1084,
    0x1084, 0x1084, 0x1084, 0x1084, 0x1084, 0x1084, 0x1084, 0x1084, 0x1084, 0x1084, 0x1084, 0x1084,
    0x1084, 0x1084, 0x1084, 0x1084, 0x1084, 0x1084, 0x1084, 0x1084, 0x1084, 0x1084, 0x1084, 0x1084,
    0x1084, 0x1084, 0x1084, 0x1084, 0x1084, 0x1084, 0x1084, 0x1084, 0x1084, 0x1084, 0x1084, 0x1084,
    0x1084, 0x1084, 0x1084, 0x1084, 0x1084, 0x1084, 0x1084, 0x1084, 0x1084, 0x1084, 0x1084, 0x1084,
    0x1084, 0x1084, 0x1084, 0xEF7B, 0xEF7B, 0xCF7B, 0xAE73, 0xAE73, 0xEF7B, 0x1084, 0x1084, 0x1084,
    0xEF7B, 0x1084, 0x1084, 0x1084, 0x1084, 0x1084, 0x1084, 0x1084, 0x1084, 0x1084, 0x1084, 0x1084,
    0x1084, 0x1084, 0x1084, 0x1084, 0x1084, 0x1084, 0x1084, 0x1084, 0x1084, 0x1084, 0x1084, 0xEF7B,
    0x8E73, 0xAE73, 0xAE73, 0xEF7B, 0x3084, 0x1084, 0x1084, 0x1084, 0x1084, 0x1084, 0x1084, 0x1084,
    0x1084, 0x1084, 0x1084, 0x1084, 0x1084, 0x1084, 0x1084, 0x1084, 0x1084, 0x1084, 0x1084, 0x1084,
    0x1084, 0x1084, 0x1084, 0x1084, 0x1084, 0x1084, 0x1084, 0x1084, 0x1084, 0x1084, 0x1084, 0x1084,
    0x1084, 0x1084, 0x1084, 0x1084, 0x1084, 0x1084, 0x1084, 0x1084, 0x1084, 0x1084, 0x1084, 0x1084,
    0x1084, 0x1084, 0x1084, 0x1084, 0x1084, 0x1084, 0x1084, 0x1084, 0x1084, 0x1084, 0x1084, 0x1084,
    0x1084, 0x1084, 0x1084, 0x1084, 0x1084, 0x1084, 0x1084, 0x1084, 0x1084, 0x1084, 0x1084, 0x1084,
    0x1084, 0x1084, 0x1084, 0x1084, 0x1084, 0x1084, 0x1084, 0x1084, 0x1084, 0x1084, 0x1084, 0x1084,
    0x1084, 0x1084, 0x1084, 0x1084, 0x1084, 0x1084, 0x1084, 0x1084, 0x1084, 0x1084, 0x1084, 0x1084,
    0x1084, 0x1084, 0x1084, 0x1084, 0x1084, 0x1084, 0x1084, 0x1084, 0x1084, 0x1084, 0x1084, 0x1084,
    0x1084, 0x1084, 0x1084, 0x1084, 0x1084, 0x1084, 0x1084, 0x1084, 0x1084, 0x1084, 0x1084, 0x1084,
    0x1084, 0x1084, 0x1084, 0x1084, 0x1084, 0x1084, 0x1084, 0x1084, 0x1084, 0x1084, 0x1084, 0x1084,
    0x1084, 0x1084, 0x1084, 0x1084, 0x1084, 0x1084, 0x1084, 0x1084, 0x1084, 0x1084, 0x1084, 0x1084,
    0x1084, 0x1084, 0x1084, 0x1084, 0x1084, 0x1084, 0x1084, 0x1084, 0x1084, 0x1084, 0x1084, 0x1084,
    0x1084, 0x1084, 0x1084, 0x1084, 0x1084, 0x1084, 0x1084, 0x1084, 0x1084, 0x1084, 0x1084, 0x1084,
    0x1084, 0x1084, 0x1084, 0x1084, 0x1084, 0x1084, 0x1084, 0x1084, 0x1084, 0x1084, 0x1084, 0x1084,
    0x1084, 0x1084, 0x1084, 0x1084, 0x1084, 0x1084, 0x1084, 0x1084, 0x1084, 0x1084, 0x1084, 0x1084,
    0x1084, 0x1084, 0x1084, 0x1084, 0x1084, 0x1084, 0x1084, 0x1084, 0x1084, 0x1084, 0x1084, 0x1084,
    0x1084, 0x1084, 0x1084, 0x3084, 0x3084, 0xCF7B, 0xCF7B, 0xAE73, 0xCF7B, 0x1084, 0x1084, 0x1084,
    0x1084, 0x1084, 0x1084, 0x1084, 0x1084, 0x1084, 0x1084, 0x1084, 0x1084, 0x1084, 0x1084, 0x1084,
    0x1084, 0x1084, 0x1084, 0x1084, 0x1084, 0x1084, 0x1084, 0x1084, 0x1084, 0x1084, 0x1084, 0x1084,
    0xAE73, 0xAE73, 0xAE73, 0xEF7B, 0x1084, 0x1084, 0x1084, 0x1084, 0x1084, 0x1084, 0x1084, 0x1084,
    0x1084, 0x1084, 0x1084, 0x1084, 0x1084, 0x1084, 0x1084, 0x1084, 0x1084, 0x1084, 0x1084, 0x1084,
    0x1084, 0x1084, 0x1084, 0x1084, 0x1084, 0x1084, 0x1084, 0x1084, 0x1084, 0x1084, 0x1084, 0x1084,
    0x1084, 0x1084, 0x1084, 0x1084, 0x1084, 0x1084, 0x1084, 0x1084, 0x1084, 0x1084, 0x1084, 0x1084,
    0x1084, 0x1084, 0x1084, 0x1084, 0x1084, 0x1084, 0x1084, 0x1084, 0x1084, 0x1084, 0x1084, 0x1084,
    0x1084, 0x1084, 0x1084, 0x1084, 0x1084, 0x1084, 0x1084, 0x1084, 0x1084, 0x1084, 0x1084, 0x1084,
    0x1084, 0x1084, 0x1084, 0x1084, 0x1084, 0x1084, 0x1084, 0x1084, 0x1084, 0x1084, 0x1084, 0x1084,
    0x1084, 0x1084, 0x1084, 0x1084, 0x1084, 0x1084, 0x1084, 0x1084, 0x1084, 0x1084, 0x1084, 0x1084,
    0x1084, 0x1084, 0x1084, 0x1084, 0x1084, 0x1084, 0x1084, 0x1084, 0x1084, 0x1084, 0x1084, 0x1084,
    0x1084, 0x1084, 0x1084, 0x1084, 0x1084, 0x1084, 0x1084, 0x1084, 0x1084, 0x1084, 0x1084, 0x1084,
    0x1084, 0x1084, 0x1084, 0x1084, 0x1084, 0x1084, 0x1084, 0x1084, 0x1084, 0x1084, 0x1084, 0x1084,
    0x1084, 0x1084, 0x1084, 0x1084, 0x1084, 0x1084, 0x1084, 0x1084, 0x1084, 0x1084, 0x1084, 0x1084,
    0x1084, 0x1084, 0x1084, 0x1084, 0x1084, 0x1084, 0x1084, 0x1084, 0x1084, 0x1084, 0x1084, 0x1084,
    0x1084, 0x1084, 0x1084, 0x1084, 0x1084, 0x1084, 0x1084, 0x1084, 0x1084, 0x1084, 0x1084, 0x1084,
    0x1084, 0x1084, 0x1084, 0x1084, 0x1084, 0x1084, 0x1084, 0x1084, 0x1084, 0x1084, 0x1084, 0x1084,
    0x1084, 0x1084, 0x1084, 0x1084, 0x1084, 0x1084, 0x1084, 0x1084, 0x1084, 0x1084, 0x1084, 0x1084,
    0x1084, 0x1084, 0x1084, 0x1084, 0x1084, 0x1084, 0x1084, 0x1084, 0x1084, 0x1084, 0x1084, 0x1084,
    0x1084, 0x1084, 0x1084, 0x3084, 0x1084, 0xCF7B, 0xAE7B, 0xCF7B, 0xCF7B, 0x518C, 0x3084, 0x1084,
    0x1084, 0x1084, 0x1084, 0x1084, 0x1084, 0x1084, 0x1084, 0x1084, 0x1084, 0x1084, 0x1084, 0x1084,
    0x1084, 0x1084, 0x1084, 0x1084, 0x1084, 0x1084, 0x1084, 0x1084, 0x1084, 0x1084, 0x3084, 0x3084,
    0xCF7B, 0xCF7B, 0xCF7B, 0xEF7B, 0x1084, 0x1084, 0x1084, 0x1084, 0x1084, 0x1084, 0x1084, 0x1084,
    0x1084, 0x1084, 0x1084, 0x1084, 0x1084, 0x1084, 0x1084, 0x1084, 0x1084, 0x1084, 0x1084, 0x1084,
    0x1084, 0x1084, 0x1084, 0x1084, 0x1084, 0x1084, 0x1084, 0x1084, 0x1084, 0x1084, 0x1084, 0x1084,
    0x1084, 0x1084, 0x1084, 0x1084, 0x1084, 0x1084, 0x1084, 0x1084, 0x1084, 0x1084, 0x1084, 0x1084,
    0x1084, 0x1084, 0x1084, 0x1084, 0x1084, 0x1084, 0x1084, 0x1084, 0x1084, 0x1084, 0x1084, 0x1084,
    0x1084, 0x1084, 0x1084, 0x1084, 0x1084, 0x1084, 0x1084, 0x1084, 0x1084, 0x1084, 0x1084, 0x1084,
    0x1084, 0x1084, 0x1084, 0x1084, 0x1084, 0x1084, 0x1084, 0x1084, 0x1084, 0x1084, 0x1084, 0x1084,
    0x1084, 0x1084, 0x1084, 0x1084, 0x1084, 0x1084, 0x1084, 0x1084, 0x1084, 0x1084, 0x1084, 0x1084,
    0x1084, 0x1084, 0x1084, 0x1084, 0x1084, 0x1084, 0x1084, 0x1084, 0x1084, 0x1084, 0x1084, 0x1084,
    0x1084, 0x1084, 0x1084, 0x1084, 0x1084, 0x1084, 0x1084, 0x1084, 0x1084, 0x1084, 0x1084, 0x1084,
    0x1084, 0x1084, 0x1084, 0x1084, 0x1084, 0x1084, 0x1084, 0x1084, 0x1084, 0x1084, 0x1084, 0x1084,
    0x1084, 0x1084, 0x1084, 0x1084, 0x1084, 0x1084, 0x1084, 0x1084, 0x1084, 0x1084, 0x1084, 0x1084,
    0x1084, 0x1084, 0x1084, 0x1084, 0x1084, 0x1084, 0x1084, 0x1084, 0x1084, 0x1084, 0x1084, 0x1084,
    0x1084, 0x1084, 0x1084, 0x1084, 0x1084, 0x1084, 0x1084, 0x1084, 0x1084, 0x1084, 0x1084, 0x1084,
    0x1084, 0x1084, 0x1084, 0x1084, 0x1084, 0x1084, 0x1084, 0x1084, 0x1084, 0x1084, 0x1084, 0x1084,
    0x1084, 0x1084, 0x1084, 0x1084, 0x1084, 0x1084, 0x1084, 0x1084, 0x1084, 0x1084, 0x1084, 0x1084,
    0x1084, 0x1084, 0x1084, 0x1084, 0x1084, 0x1084, 0x1084, 0x1084, 0x1084, 0x1084, 0x1084, 0x1084,
    0x1084, 0x1084, 0x3084, 0xEF7B, 0x1084, 0xCF7B, 0xCF7B, 0xCF7B, 0xEF7B, 0x3084, 0x518C, 0x3084,
    0x1084, 0x1084, 0x1084, 0x1084, 0x1084, 0x1084, 0x1084, 0x1084, 0x1084, 0x1084, 0x1084, 0x1084,
    0x1084, 0x1084, 0x1084, 0x1084, 0x1084, 0x1084, 0x1084, 0x1084, 0x1084, 0x1084, 0x1084, 0x1084,
    0xEF7B, 0xAE73, 0xAE73, 0xCF7B, 0x1084, 0x3084, 0x1084, 0x1084, 0x1084, 0x1084, 0x1084, 0x1084,
    0x1084, 0x1084, 0x1084, 0x1084, 0x1084, 0x1084, 0x1084, 0x1084, 0x1084, 0x1084, 0x1084, 0x1084,
    0x1084, 0x1084, 0x1084, 0x1084, 0x1084, 0x1084, 0x1084, 0x1084, 0x1084, 0x1084, 0x1084, 0x1084,
    0x1084, 0x1084, 0x1084, 0x1084, 0x1084, 0x1084, 0x1084, 0x1084, 0x1084, 0x1084, 0x1084, 0x1084,
    0x1084, 0x1084, 0x1084, 0x1084, 0x1084, 0x1084, 0x1084, 0x1084, 0x1084, 0x1084, 0x1084, 0x1084,
    0x1084, 0x1084, 0x1084, 0x1084, 0x1084, 0x1084, 0x1084, 0x1084, 0x1084, 0x1084, 0x1084, 0x1084,
    0x1084, 0x1084, 0x1084, 0x1084, 0x1084, 0x1084, 0x1084, 0x1084, 0x1084, 0x1084, 0x1084, 0x1084,
    0x1084, 0x1084, 0x1084, 0x1084, 0x1084, 0x1084, 0x1084, 0x1084, 0x1084, 0x1084, 0x1084, 0x1084,
    0x1084, 0x1084, 0x1084, 0x1084, 0x1084, 0x1084, 0x1084, 0x1084, 0x1084, 0x1084, 0x1084, 0x1084,
    0x1084, 0x1084, 0x1084, 0x1084, 0x1084, 0x1084, 0x1084, 0x1084, 0x1084, 0x1084, 0x1084, 0x1084,
    0x1084, 0x1084, 0x1084, 0x1084, 0x1084, 0x1084, 0x1084, 0x1084, 0x1084, 0x1084, 0x1084, 0x1084,
    0x1084, 0x1084, 0x1084, 0x1084, 0x1084, 0x1084, 0x1084, 0x1084, 0x1084, 0x1084, 0x1084, 0x1084,
    0x1084, 0x1084, 0x1084, 0x1084, 0x1084, 0x1084, 0x1084, 0x1084, 0x1084, 0x1084, 0x1084, 0x1084,
    0x1084, 0x1084, 0x1084, 0x1084, 0x1084, 0x1084, 0x1084, 0x1084, 0x1084, 0x1084, 0x1084, 0x1084,
    0x1084, 0x1084, 0x1084, 0x1084, 0x1084, 0x1084, 0x1084, 0x1084, 0x1084, 0x1084, 0x1084, 0x1084,
    0x1084, 0x1084, 0x1084, 0x1084, 0x1084, 0x1084, 0x1084, 0x1084, 0x1084, 0x1084, 0x1084, 0x1084,
    0x1084, 0x1084, 0x1084, 0x1084, 0x1084, 0x1084, 0x1084, 0x1084, 0x1084, 0x1084, 0x1084, 0x1084,
    0x1084, 0x1084, 0x1084, 0xB294, 0x518C, 0xEF7B, 0xEF7B, 0xCF7B, 0xCF7B, 0xEF7B, 0x1084, 0x1084,
    0x3084, 0x1084, 0x1084, 0x1084, 0x1084, 0x1084, 0x1084, 0x1084, 0x1084, 0x1084, 0x1084, 0x1084,
    0x1084, 0x1084, 0x1084, 0x1084, 0x1084, 0x1084, 0x1084, 0x1084, 0x1084, 0x1084, 0x518C, 0x518C,
    0xEF7B, 0xAE73, 0xAE73, 0xCF7B, 0x1084, 0x3084, 0x518C, 0x518C, 0x3084, 0x1084, 0x1084, 0x1084,
    0x1084, 0x1084, 0x1084, 0x1084, 0x1084, 0x1084, 0x1084, 0x1084, 0x1084, 0x1084, 0x1084, 0x1084,
    0x1084, 0x1084, 0x1084, 0x1084, 0x1084, 0x1084, 0x1084, 0x1084, 0x1084, 0x1084, 0x1084, 0x1084,
    0x1084, 0x1084, 0x1084, 0x1084, 0x1084, 0x1084, 0x1084, 0x1084, 0x1084, 0x1084, 0x1084, 0x1084,
    0x1084, 0x1084, 0x1084, 0x1084, 0x1084, 0x1084, 0x1084, 0x1084, 0x1084, 0x1084, 0x1084, 0x1084,
    0x1084, 0x1084, 0x1084, 0x1084, 0x1084, 0x1084, 0x1084, 0x1084, 0x1084, 0x1084, 0x1084, 0x1084,
    0x1084, 0x1084, 0x1084, 0x1084, 0x1084, 0x1084, 0x1084, 0x1084, 0x1084, 0x1084, 0x1084, 0x1084,
    0x1084, 0x1084, 0x1084, 0x1084, 0x1084, 0x1084, 0x1084, 0x1084, 0x1084, 0x1084, 0x1084, 0x1084,
    0x1084, 0x1084, 0x1084, 0x1084, 0x1084, 0x1084, 0x1084, 0x1084, 0x1084, 0x1084, 0x1084, 0x1084,
    0x1084, 0x1084, 0x1084, 0x1084, 0x1084, 0x1084, 0x1084, 0x1084, 0x1084, 0x1084, 0x1084, 0x1084,
    0x1084, 0x1084, 0x1084, 0x1084, 0x1084, 0x1084, 0x1084, 0x1084, 0x1084, 0x1084, 0x1084, 0x1084,
    0x1084, 0x1084, 0x1084, 0x1084, 0x1084, 0x1084, 0x1084, 0x1084, 0x1084, 0x1084, 0x1084, 0x1084,
    0x1084, 0x1084, 0x1084, 0x1084, 0x1084, 0x1084, 0x1084, 0x1084, 0x1084, 0x1084, 0x1084, 0x1084,
    0x1084, 0x1084, 0x1084, 0x1084, 0x1084, 0x1084, 0x1084, 0x1084, 0x1084, 0x1084, 0x1084, 0x1084,
    0x1084, 0x1084, 0x1084, 0x1084, 0x1084, 0x1084, 0x1084, 0x1084, 0x1084, 0x1084, 0x1084, 0x1084,
    0x1084, 0x1084, 0x1084, 0x1084, 0x1084, 0x1084, 0x1084, 0x1084, 0x1084, 0x1084, 0x1084, 0x1084,
    0x1084, 0x1084, 0x1084, 0x1084, 0x1084, 0x1084, 0xEF7B, 0x1084, 0x1084, 0x1084, 0x1084, 0x1084,
    0x3084, 0x3084, 0x99D6, 0x5CEF, 0x13A5, 0xCF7B, 0xEF7B, 0xCF7B, 0xEF7B, 0x518C, 0xF6C5, 0x13A5,
    0x1084, 0x3084, 0x1084, 0x1084, 0x1084, 0x1084, 0x1084, 0x1084, 0x1084, 0x1084, 0x1084, 0x1084,
    0x1084, 0x1084, 0x1084, 0x1084, 0x1084, 0x1084, 0x1084, 0xEF7B, 0x1084, 0x3084, 0xEF7B, 0x1084,
    0x1084, 0x8E73, 0x8E73, 0xAE73, 0xEF7B, 0x3084, 0x508C, 0x1084, 0x3084, 0x1084, 0x1084, 0x1084,
    0x1084, 0x1084, 0x1084, 0x1084, 0x1084, 0x1084, 0x1084, 0x1084, 0x1084, 0x1084, 0x1084, 0x1084,
    0x1084, 0x1084, 0x1084, 0x1084, 0x1084, 0x1084, 0x1084, 0x1084, 0x1084, 0x1084, 0x1084, 0x1084,
    0x1084, 0x1084, 0x1084, 0x1084, 0x1084, 0x1084, 0x1084, 0x1084, 0x1084, 0x1084, 0x1084, 0x1084,
    0x1084, 0x1084, 0x1084, 0x1084, 0x1084, 0x1084, 0x1084, 0x1084, 0x1084, 0x1084, 0x1084, 0x1084,
    0x1084, 0x1084, 0x1084, 0x1084, 0x1084, 0x1084, 0x1084, 0x1084, 0x1084, 0x1084, 0x1084, 0x1084,
    0x1084, 0x1084, 0x1084, 0x1084, 0x1084, 0x1084, 0x1084, 0x1084, 0x1084, 0x1084, 0x1084, 0x1084,
    0x1084, 0x1084, 0x1084, 0x1084, 0x1084, 0x1084, 0x1084, 0x1084, 0x1084, 0x1084, 0x1084, 0x1084,
    0x1084, 0x1084, 0x1084, 0x1084, 0x1084, 0x1084, 0x1084, 0x1084, 0x1084, 0x1084, 0x1084, 0x1084,
    0x1084, 0x1084, 0x1084, 0x1084, 0x1084, 0x1084, 0x1084, 0x1084, 0x1084, 0x1084, 0x1084, 0x1084,
    0x1084, 0x1084, 0x1084, 0x1084, 0x1084, 0x1084, 0x1084, 0x1084, 0x1084, 0x1084, 0x1084, 0x1084,
    0x1084, 0x1084, 0x1084, 0x1084, 0x1084, 0x1084, 0x1084, 0x1084, 0x1084, 0x1084, 0x1084, 0x1084,
    0x1084, 0x1084, 0x1084, 0x1084, 0x1084, 0x1084, 0x1084, 0x1084, 0x1084, 0x1084, 0x1084, 0x1084,
    0x1084, 0x1084, 0x1084, 0x1084, 0x1084, 0x1084, 0x1084, 0x1084, 0x1084, 0x1084, 0x1084, 0x1084,
    0x1084, 0x1084, 0x1084, 0x1084, 0x1084, 0x1084, 0x1084, 0x1084, 0x1084, 0x1084, 0x1084, 0x1084,
    0x1084, 0x1084, 0x1084, 0x1084, 0x1084, 0x1084, 0x1084, 0x1084, 0x1084, 0x1084, 0x1084, 0x1084,
    0x1084, 0x1084, 0x1084, 0x1084, 0x1084, 0x1084, 0x1084, 0x1084, 0x1084, 0x1084, 0x1084, 0x3084,
    0xEF7B, 0x54AD, 0xFFFF, 0x99D6, 0x718C, 0x1084, 0x1084, 0x1084, 0x1084, 0xEF7B, 0x34A5, 0xFAE6,
    0x54AD, 0x1084, 0x1084, 0x1084, 0xEF7B, 0x1084, 0x1084, 0x1084, 0x1084, 0x1084, 0x1084, 0x1084,
    0x1084, 0x1084, 0x1084, 0x1084, 0x1084, 0x1084, 0xEF7B, 0x1084, 0x3084, 0x1084, 0xF3A4, 0xF7BD,
    0x1084, 0xCF7B, 0xCF7B, 0xAE73, 0xEF7B, 0x9194, 0x78D6, 0xB5BD, 0x3084, 0x3084, 0x1084, 0x1084,
    0x1084, 0x1084, 0x1084, 0x1084, 0x1084, 0x1084, 0x1084, 0x1084, 0x1084, 0x1084, 0x1084, 0x1084,
    0x1084, 0x1084, 0x1084, 0x1084, 0x1084, 0x1084, 0x1084, 0x1084, 0x1084, 0x1084, 0x1084, 0x1084,
    0x1084, 0x1084, 0x1084, 0x1084, 0x1084, 0x1084, 0x1084, 0x1084, 0x1084, 0x1084, 0x1084, 0x1084,
    0x1084, 0x1084, 0x1084, 0x1084, 0x1084, 0x1084, 0x1084, 0x1084, 0x1084, 0x1084, 0x1084, 0x1084,
    0x1084, 0x1084, 0x1084, 0x1084, 0x1084, 0x1084, 0x1084, 0x1084, 0x1084, 0x1084, 0x1084, 0x1084,
    0x1084, 0x1084, 0x1084, 0x1084, 0x1084, 0x1084, 0x1084, 0x1084, 0x1084, 0x1084, 0x1084, 0x1084,
    0x1084, 0x1084, 0x1084, 0x1084, 0x1084, 0x1084, 0x1084, 0x1084, 0x1084, 0x1084, 0x1084, 0x1084,
    0x1084, 0x1084, 0x1084, 0x1084, 0x1084, 0x1084, 0x1084, 0x1084, 0x1084, 0x1084, 0x1084, 0x1084,
    0x1084, 0x1084, 0x1084, 0x1084, 0x1084, 0x1084, 0x1084, 0x1084, 0x1084, 0x1084, 0x1084, 0x1084,
    0x1084, 0x1084, 0x1084, 0x1084, 0x1084, 0x1084, 0x1084, 0x1084, 0x1084, 0x1084, 0x1084, 0x1084,
    0x1084, 0x1084, 0x1084, 0x1084, 0x1084, 0x1084, 0x1084, 0x1084, 0x1084, 0x1084, 0x1084, 0x1084,
    0x1084, 0x1084, 0x1084, 0x1084, 0x1084, 0x1084, 0x1084, 0x1084, 0x1084, 0x1084, 0x1084, 0x1084,
    0x1084, 0x1084, 0x1084, 0x1084, 0x1084, 0x1084, 0x1084, 0x1084, 0x1084, 0x1084, 0x1084, 0x1084,
    0x1084, 0x1084, 0x1084, 0x1084, 0x1084, 0x1084, 0x1084, 0x1084, 0x1084, 0x1084, 0x1084, 0x1084,
    0x1084, 0x1084, 0x1084, 0x1084, 0x1084, 0x1084, 0x1084, 0x1084, 0x1084, 0x1084, 0x1084, 0x1084,
    0x1084, 0x1084, 0xEF7B, 0x1084, 0x1084, 0x1084, 0x3084, 0x518C, 0x518C, 0x718C, 0x3084, 0x518C,
    0x3084, 0xB294, 0xBDFF, 0xFFFF, 0x3BEF, 0x58CE, 0xB6BD, 0xB6B5, 0xF7C5, 0x58CE, 0x57CE, 0x1AEF,
    0xD6BD, 0x1084, 0x3084, 0x1084, 0xEF7B, 0x1084, 0x1084, 0x1084, 0x1084, 0x1084, 0x1084, 0x1084,
    0x1084, 0x1084, 0x1084, 0x1084, 0x1084, 0x1084, 0x1084, 0x1084, 0x1084, 0x518C, 0x9DF7, 0xBADE,
    0x3084, 0x1084, 0x1084, 0x1084, 0xEF7B, 0x9294, 0xD6BD, 0x7CFF, 0x13A5, 0xEF7B, 0x1084, 0x1084,
    0x1084, 0x1084, 0xEF7B, 0x1084, 0x1084, 0x1084, 0x1084, 0x1084, 0x1084, 0x1084, 0x1084, 0x1084,
    0x1084, 0x1084, 0x1084, 0x1084, 0x1084, 0x1084, 0x1084, 0x1084, 0x1084, 0x1084, 0x1084, 0x1084,
    0x1084, 0x1084, 0x1084, 0x1084, 0x1084, 0x1084, 0x1084, 0x1084, 0x1084, 0x1084, 0x1084, 0x1084,
    0x1084, 0x1084, 0x1084, 0x1084, 0x1084, 0x1084, 0x1084, 0x1084, 0x1084, 0x1084, 0x1084, 0x1084,
    0x1084, 0x1084, 0x1084, 0x1084, 0x1084, 0x1084, 0x1084, 0x1084, 0x1084, 0x1084, 0x1084, 0x1084,
    0x1084, 0x1084, 0x1084, 0x1084, 0x1084, 0x1084, 0x1084, 0x1084, 0x1084, 0x1084, 0x1084, 0x1084,
    0x1084, 0x1084, 0x1084, 0x1084, 0x1084, 0x1084, 0x1084, 0x1084, 0x1084, 0x1084, 0x1084, 0x1084,
    0x1084, 0x1084, 0x1084, 0x1084, 0x1084, 0x1084, 0x1084, 0x1084, 0x1084, 0x1084, 0x1084, 0x1084,
    0x1084, 0x1084, 0x1084, 0x1084, 0x1084, 0x1084, 0x1084, 0x1084, 0x1084, 0x1084, 0x1084, 0x1084,
    0x1084, 0x1084, 0x1084, 0x1084, 0x1084, 0x1084, 0x1084, 0x1084, 0x1084, 0x1084, 0x1084, 0x1084,
    0x1084, 0x1084, 0x1084, 0x1084, 0x1084, 0x1084, 0x1084, 0x1084, 0x1084, 0x1084, 0x1084, 0x1084,
    0x1084, 0x1084, 0x1084, 0x1084, 0x1084, 0x1084, 0x1084, 0x1084, 0x1084, 0x1084, 0x1084, 0x1084,
    0x1084, 0x1084, 0x1084, 0x1084, 0x1084, 0x1084, 0x1084, 0x1084, 0x1084, 0x1084, 0x1084, 0x1084,
    0x1084, 0x1084, 0x1084, 0x1084, 0x1084, 0x1084, 0x1084, 0x1084, 0x1084, 0x1084, 0x1084, 0x1084,
    0x1084, 0x1084, 0x1084, 0x1084, 0x1084, 0x1084, 0x1084, 0x1084, 0x1084, 0x1084, 0x1084, 0x1084,
    0x1084, 0x1084, 0x1084, 0x1084, 0x3084, 0x1084, 0x1084, 0x1084, 0x1084, 0x1084, 0x1084, 0xEF7B,
    0x508C, 0x1084, 0xB294, 0x99D6, 0xBDFF, 0xFFFF, 0xFFFF, 0xFFFF, 0xFFFF, 0x9CFF, 0x1BEF, 0x78D6,
    0x7194, 0x1084, 0x3084, 0x1084, 0xEF7B, 0x1084, 0x1084, 0x1084, 0x1084, 0x1084, 0x1084, 0x1084,
    0x1084, 0x1084, 0x1084, 0x1084, 0x1084, 0x1084, 0x1084, 0x1084, 0x1084, 0x3084, 0x1BE7, 0xFFFF,
    0xFAE6, 0x38CE, 0x38CE, 0x58CE, 0xDADE, 0x5CEF, 0xFAE6, 0xFAE6, 0xB294, 0x1084, 0x1084, 0x1084,
    0x1084, 0x1084, 0x1084, 0x1084, 0x1084, 0x1084, 0x1084, 0x1084, 0x1084, 0x1084, 0x1084, 0x1084,
    0x1084, 0x1084, 0x1084, 0x1084, 0x1084, 0x1084, 0x1084, 0x1084, 0x1084, 0x1084, 0x1084, 0x1084,
    0x1084, 0x1084, 0x1084, 0x1084, 0x1084, 0x1084, 0x1084, 0x1084, 0x1084, 0x1084, 0x1084, 0x1084,
    0x1084, 0x1084, 0x1084, 0x1084, 0x1084, 0x1084, 0x1084, 0x1084, 0x1084, 0x1084, 0x1084, 0x1084,
    0x1084, 0x1084, 0x1084, 0x1084, 0x1084, 0x1084, 0x1084, 0x1084, 0x1084, 0x1084, 0x1084, 0x1084,
    0x1084, 0x1084, 0x1084, 0x1084, 0x1084, 0x1084, 0x1084, 0x1084, 0x1084, 0x1084, 0x1084, 0x1084,
    0x1084, 0x1084, 0x1084, 0x1084, 0x1084, 0x1084, 0x1084, 0x1084, 0x1084, 0x1084, 0x1084, 0x1084,
    0x1084, 0x1084, 0x1084, 0x1084, 0x1084, 0x1084, 0x1084, 0x1084, 0x1084, 0x1084, 0x1084, 0x1084,
    0x1084, 0x1084, 0x1084, 0x1084, 0x1084, 0x1084, 0x1084, 0x1084, 0x1084, 0x1084, 0x1084, 0x1084,
    0x1084, 0x1084, 0x1084, 0x1084, 0x1084, 0x1084, 0x1084, 0x1084, 0x1084, 0x1084, 0x1084, 0x1084,
    0x1084, 0x1084, 0x1084, 0x1084, 0x1084, 0x1084, 0x1084, 0x1084, 0x1084, 0x1084, 0x1084, 0x1084,
    0x1084, 0x1084, 0x1084, 0x1084, 0x1084, 0x1084, 0x1084, 0x1084, 0x1084, 0x1084, 0x1084, 0x1084,
    0x1084, 0x1084, 0x1084, 0x1084, 0x1084, 0x1084, 0x1084, 0x1084, 0x1084, 0x1084, 0x1084, 0x1084,
    0x1084, 0x1084, 0x1084, 0x1084, 0x1084, 0x1084, 0x1084, 0x1084, 0x1084, 0x1084, 0x1084, 0x1084,
    0x1084, 0x1084, 0x1084, 0x1084, 0x1084, 0x1084, 0x1084, 0x1084, 0x1084, 0x1084, 0x1084, 0x1084,
    0x1084, 0x1084, 0x3084, 0x0F84, 0x1084, 0x9294, 0x75AD, 0x17C6, 0x38CE, 0x18C6, 0xB6B5, 0xF39C,
    0xEF7B, 0x1084, 0xD39C, 0x718C, 0xB29C, 0x17C6, 0xFAE6, 0xDAE6, 0x37CE, 0xB5BD, 0xF3A4, 0x3084,
    0x1084, 0x1084, 0x1084, 0x1084, 0x1084, 0x1084, 0x1084, 0x1084, 0x1084, 0x1084, 0x1084, 0x1084,
    0x1084, 0x1084, 0x1084, 0x1084, 0x1084, 0x1084, 0x1084, 0x1084, 0x1084, 0x1084, 0xB294, 0xDADE,
    0xFEFF, 0xFFFF, 0xFFFF, 0xDEFF, 0x9CF7, 0xFAE6, 0x58D6, 0x34A5, 0x1084, 0x308C, 0xEF7B, 0xEF7B,
    0xEF7B, 0x1084, 0x308C, 0x3084, 0x1084, 0x1084, 0x1084, 0x1084, 0x1084, 0x1084, 0x1084, 0x1084,
    0x1084, 0x1084, 0x1084, 0x1084, 0x1084, 0x1084, 0x1084, 0x1084, 0x1084, 0x1084, 0x1084, 0x1084,
    0x1084, 0x1084, 0x1084, 0x1084, 0x1084, 0x1084, 0x1084, 0x1084, 0x1084, 0x1084, 0x1084, 0x1084,
    0x1084, 0x1084, 0x1084, 0x1084, 0x1084, 0x1084, 0x1084, 0x1084, 0x1084, 0x1084, 0x1084, 0x1084,
    0x1084, 0x1084, 0x1084, 0x1084, 0x1084, 0x1084, 0x1084, 0x1084, 0x1084, 0x1084, 0x1084, 0x1084,
    0x1084, 0x1084, 0x1084, 0x1084, 0x1084, 0x1084, 0x1084, 0x1084, 0x1084, 0x1084, 0x1084, 0x1084,
    0x1084, 0x1084, 0x1084, 0x1084, 0x1084, 0x1084, 0x1084, 0x1084, 0x1084, 0x1084, 0x1084, 0x1084,
    0x1084, 0x1084, 0x1084, 0x1084, 0x1084, 0x1084, 0x1084, 0x1084, 0x1084, 0x1084, 0x1084, 0x1084,
    0x1084, 0x1084, 0x1084, 0x1084, 0x1084, 0x1084, 0x1084, 0x1084, 0x1084, 0x1084, 0x1084, 0x1084,
    0x1084, 0x1084, 0x1084, 0x1084, 0x1084, 0x1084, 0x1084, 0x1084, 0x1084, 0x1084, 0x1084, 0x1084,
    0x1084, 0x1084, 0x1084, 0x1084, 0x1084, 0x1084, 0x1084, 0x1084, 0x1084, 0x1084, 0x1084, 0x1084,
    0x1084, 0x1084, 0x1084, 0x1084, 0x1084, 0x1084, 0x1084, 0x1084, 0x1084, 0x1084, 0x1084, 0x1084,
    0x1084, 0x1084, 0x1084, 0x1084, 0x1084, 0x1084, 0x1084, 0x1084, 0x1084, 0x1084, 0x1084, 0x1084,
    0x1084, 0x1084, 0x1084, 0x1084, 0x1084, 0x1084, 0x1084, 0x1084, 0x1084, 0x1084, 0x1084, 0x1084,
    0x1084, 0x1084, 0x1084, 0x1084, 0x1084, 0x1084, 0x1084, 0x1084, 0x1084, 0x1084, 0x1084, 0x1084,
    0x1084, 0x3084, 0xEF7B, 0x518C, 0x58CE, 0x7CF7, 0xFEFF, 0xFEFF, 0xDEFF, 0xFEFF, 0xFEFF, 0xDEFF,
    0xFBDE, 0x34A5, 0x7194, 0x58CE, 0x99D6, 0x17C6, 0x99DE, 0x78D6, 0x95B5, 0x13A5, 0x13A5, 0x38CE,
    0x95B5, 0x1084, 0x1084, 0x1084, 0xEF7B, 0x1084, 0x1084, 0x1084, 0x1084, 0x1084, 0x1084, 0x1084,
    0x1084, 0x1084, 0x1084, 0x1084, 0x1084, 0x1084, 0x1084, 0x1084, 0x3084, 0x3084, 0x3084, 0x3084,
    0xD29C, 0x75B5, 0x37CE, 0xB9DE, 0x57D6, 0x95B5, 0xD29C, 0xEF7B, 0x1084, 0x1084, 0x718C, 0xB294,
    0x9194, 0x3084, 0x1084, 0xEF7B, 0x3084, 0x1084, 0x1084, 0xEF7B, 0x1084, 0x1084, 0x1084, 0x1084,
    0x1084, 0x1084, 0x1084, 0x1084, 0x1084, 0x1084, 0x1084, 0x1084, 0x1084, 0x1084, 0x1084, 0x1084,
    0x1084, 0x1084, 0x1084, 0x1084, 0x1084, 0x1084, 0x1084, 0x1084, 0x1084, 0x1084, 0x1084, 0x1084,
    0x1084, 0x1084, 0x1084, 0x1084, 0x1084, 0x1084, 0x1084, 0x1084, 0x1084, 0x1084, 0x1084, 0x1084,
    0x1084, 0x1084, 0x1084, 0x1084, 0x1084, 0x1084, 0x1084, 0x1084, 0x1084, 0x1084, 0x1084, 0x1084,
    0x1084, 0x1084, 0x1084, 0x1084, 0x1084, 0x1084, 0x1084, 0x1084, 0x1084, 0x1084, 0x1084, 0x1084,
    0x1084, 0x1084, 0x1084, 0x1084, 0x1084, 0x1084, 0x1084, 0x1084, 0x1084, 0x1084, 0x1084, 0x1084,
    0x1084, 0x1084, 0x1084, 0x1084, 0x1084, 0x1084, 0x1084, 0x1084, 0x1084, 0x1084, 0x1084, 0x1084,
    0x1084, 0x1084, 0x1084, 0x1084, 0x1084, 0x1084, 0x1084, 0x1084, 0x1084, 0x1084, 0x1084, 0x1084,
    0x1084, 0x1084, 0x1084, 0x1084, 0x1084, 0x1084, 0x1084, 0x1084, 0x1084, 0x1084, 0x1084, 0x1084,
    0x1084, 0x1084, 0x1084, 0x1084, 0x1084, 0x1084, 0x1084, 0x1084, 0x1084, 0x1084, 0x1084, 0x1084,
    0x1084, 0x1084, 0x1084, 0x1084, 0x1084, 0x1084, 0x1084, 0x1084, 0x1084, 0x1084, 0x1084, 0x1084,
    0x1084, 0x1084, 0x1084, 0x1084, 0x1084, 0x1084, 0x1084, 0x1084, 0x1084, 0x1084, 0x1084, 0x1084,
    0x1084, 0x1084, 0x1084, 0x1084, 0x1084, 0x1084, 0x1084, 0x1084, 0x1084, 0x1084, 0x1084, 0x1084,
    0x1084, 0x1084, 0x1084, 0x1084, 0x1084, 0x1084, 0x1084, 0x1084, 0x1084, 0x1084, 0xEF7B, 0x1084,
    0x508C, 0x1084, 0xD39C, 0x5CEF, 0xFEFF, 0x7CF7, 0x5CEF, 0x5CEF, 0x5CEF, 0x5CEF, 0x5CEF, 0x5CF7,
    0xBDFF, 0xFEFF, 0xD6BD, 0x1084, 0xDADE, 0xFFFF, 0x5CEF, 0x5CF7, 0x7CF7, 0x1AEF, 0xFAE6, 0xFAE6,
    0x37CE, 0x1084, 0x1084, 0x1084, 0x1084, 0x1084, 0x1084, 0x1084, 0x1084, 0x1084, 0x1084, 0x1084,
    0x1084, 0x1084, 0x1084, 0x1084, 0x1084, 0x1084, 0x1084, 0x1084, 0x3084, 0x1084, 0xF7C5, 0x1BE7,
    0x17C6, 0x37CE, 0x78D6, 0xB9DE, 0xFAE6, 0xF6C5, 0x718C, 0xB294, 0x17C6, 0xFBE6, 0x5CF7, 0x9DF7,
    0x5CF7, 0xFAE6, 0xF7C5, 0xF39C, 0x1084, 0x1084, 0x1084, 0x1084, 0x1084, 0x1084, 0x1084, 0x1084,
    0x1084, 0x1084, 0x1084, 0x1084, 0x1084, 0x1084, 0x1084, 0x1084, 0x1084, 0x1084, 0x1084, 0x1084,
    0x1084, 0x1084, 0x1084, 0x1084, 0x1084, 0x1084, 0x1084, 0x1084, 0x1084, 0x1084, 0x1084, 0x1084,
    0x1084, 0x1084, 0x1084, 0x1084, 0x1084, 0x1084, 0x1084, 0x1084, 0x1084, 0x1084, 0x1084, 0x1084,
    0x1084, 0x1084, 0x1084, 0x1084, 0x1084, 0x1084, 0x1084, 0x1084, 0x1084, 0x1084, 0x1084, 0x1084,
    0x1084, 0x1084, 0x1084, 0x1084, 0x1084, 0x1084, 0x1084, 0x1084, 0x1084, 0x1084, 0x1084, 0x1084,
    0x1084, 0x1084, 0x1084, 0x1084, 0x1084, 0x1084, 0x1084, 0x1084, 0x1084, 0x1084, 0x1084, 0x1084,
    0x1084, 0x1084, 0x1084, 0x1084, 0x1084, 0x1084, 0x1084, 0x1084, 0x1084, 0x1084, 0x1084, 0x1084,
    0x1084, 0x1084, 0x1084, 0x1084, 0x1084, 0x1084, 0x1084, 0x1084, 0x1084, 0x1084, 0x1084, 0x1084,
    0x1084, 0x1084, 0x1084, 0x1084, 0x1084, 0x1084, 0x1084, 0x1084, 0x1084, 0x1084, 0x1084, 0x1084,
    0x1084, 0x1084, 0x1084, 0x1084, 0x1084, 0x1084, 0x1084, 0x1084, 0x1084, 0x1084, 0x1084, 0x1084,
    0x1084, 0x1084, 0x1084, 0x1084, 0x1084, 0x1084, 0x1084, 0x1084, 0x1084, 0x1084, 0x1084, 0x1084,
    0x1084, 0x1084, 0x1084, 0x1084, 0x1084, 0x1084, 0x1084, 0x1084, 0x1084, 0x1084, 0x1084, 0x1084,
    0x1084, 0x1084, 0x1084, 0x1084, 0x1084, 0x1084, 0x1084, 0x1084, 0x1084, 0x1084, 0x1084, 0x1084,
    0x1084, 0x1084, 0x1084, 0x1084, 0x1084, 0x1084, 0x1084, 0x1084, 0x1084, 0x1084, 0x1084, 0x1084,
    0x1084, 0x718C, 0x7CF7, 0x9DFF, 0x3CEF, 0x7CF7, 0x7CF7, 0x7CF7, 0x7CF7, 0x7CF7, 0x5CF7, 0x7CF7,
    0x5CEF, 0x5CEF, 0xFEFF, 0xD6C5, 0x3084, 0x3CEF, 0x9DF7, 0x5CF7, 0x7DF7, 0xDADE, 0x57D6, 0x78D6,
    0x98DE, 0x718C, 0x1084, 0x1084, 0x1084, 0x1084, 0x1084, 0x1084, 0x1084, 0x1084, 0x1084, 0x1084,
    0x1084, 0x1084, 0x1084, 0x1084, 0x1084, 0x1084, 0x1084, 0x1084, 0x1084, 0x1084, 0xFBE6, 0xDEFF,
    0xBEFF, 0xDEFF, 0x7CF7, 0xDEFF, 0xFBE6, 0x518C, 0xD6BD, 0x9DF7, 0xFEFF, 0x9DFF, 0x7CF7, 0x7CF7,
    0x7CF7, 0x9DF7, 0x9DFF, 0x1AEF, 0xD6BD, 0x1084, 0xEF83, 0x1084, 0x1084, 0x1084, 0x1084, 0x1084,
    0x1084, 0x1084, 0x1084, 0x1084, 0x1084, 0x1084, 0x1084, 0x1084, 0x1084, 0x1084, 0x1084, 0x1084,
    0x1084, 0x1084, 0x1084, 0x1084, 0x1084, 0x1084, 0x1084, 0x1084, 0x1084, 0x1084, 0x1084, 0x1084,
    0x1084, 0x1084, 0x1084, 0x1084, 0x1084, 0x1084, 0x1084, 0x1084, 0x1084, 0x1084, 0x1084, 0x1084,
    0x1084, 0x1084, 0x1084, 0x1084, 0x1084, 0x1084, 0x1084, 0x1084, 0x1084, 0x1084, 0x1084, 0x1084,
    0x1084, 0x1084, 0x1084, 0x1084, 0x1084, 0x1084, 0x1084, 0x1084, 0x1084, 0x1084, 0x1084, 0x1084,
    0x1084, 0x1084, 0x1084, 0x1084, 0x1084, 0x1084, 0x1084, 0x1084, 0x1084, 0x1084, 0x1084, 0x1084,
    0x1084, 0x1084, 0x1084, 0x1084, 0x1084, 0x1084, 0x1084, 0x1084, 0x1084, 0x1084, 0x1084, 0x1084,
    0x1084, 0x1084, 0x1084, 0x1084, 0x1084, 0x1084, 0x1084, 0x1084, 0x1084, 0x1084, 0x1084, 0x1084,
    0x1084, 0x1084, 0x1084, 0x1084, 0x1084, 0x1084, 0x1084, 0x1084, 0x1084, 0x1084, 0x1084, 0x1084,
    0x1084, 0x1084, 0x1084, 0x1084, 0x1084, 0x1084, 0x1084, 0x1084, 0x1084, 0x1084, 0x1084, 0x1084,
    0x1084, 0x1084, 0x1084, 0x1084, 0x1084, 0x1084, 0x1084, 0x1084, 0x1084, 0x1084, 0x1084, 0x1084,
    0x1084, 0x1084, 0x1084, 0x1084, 0x1084, 0x1084, 0x1084, 0x1084, 0x1084, 0x1084, 0x1084, 0x1084,
    0x1084, 0x1084, 0x1084, 0x1084, 0x1084, 0x1084, 0x1084, 0x1084, 0x1084, 0x1084, 0x1084, 0x1084,
    0x1084, 0x1084, 0x1084, 0x1084, 0x1084, 0x1084, 0x1084, 0x1084, 0x1084, 0xEF7B, 0x1084, 0x3084,
    0xEF7B, 0x79D6, 0xDEFF, 0x5CEF, 0x7CF7, 0x5CF7, 0x7CF7, 0x5CF7, 0x5CF7, 0x5CF7, 0x5CF7, 0x7CF7,
    0x7CF7, 0x5CF7, 0x5CEF, 0xBDFF, 0x54AD, 0x95B5, 0xFEFF, 0x5CEF, 0x7DF7, 0xFAE6, 0x58D6, 0x78D6,
    0xB9DE, 0x9194, 0x3084, 0xD29C, 0xB29C, 0xD29C, 0xD29C, 0xB29C, 0xB29C, 0xB29C, 0xD29C, 0xD29C,
    0x9194, 0x9194, 0x9194, 0x9194, 0x7194, 0x3084, 0x518C, 0x508C, 0x1084, 0x718C, 0x5CEF, 0x5CF7,
    0x5CEF, 0x5CEF, 0x7DF7, 0x5CEF, 0x718C, 0x78CE, 0xFFFF, 0x7CF7, 0x5CEF, 0x5CEF, 0x5CF7, 0x5CF7,
    0x5CF7, 0x5CF7, 0x7CF7, 0x3BEF, 0x1AEF, 0xF6C5, 0x1084, 0x1084, 0x1084, 0x1084, 0x1084, 0x1084,
    0x1084, 0x1084, 0x1084, 0x1084, 0x1084, 0x1084, 0x1084, 0x1084, 0x1084, 0x1084, 0x1084, 0x1084,
    0x1084, 0x1084, 0x1084, 0x1084, 0x1084, 0x1084, 0x1084, 0x1084, 0x1084, 0x1084, 0x1084, 0x1084,
    0x1084, 0x1084, 0x1084, 0x1084, 0x1084, 0x1084, 0x1084, 0x1084, 0x1084, 0x1084, 0x1084, 0x1084,
    0x1084, 0x1084, 0x1084, 0x1084, 0x1084, 0x1084, 0x1084, 0x1084, 0x1084, 0x1084, 0x1084, 0x1084,
    0x1084, 0x1084, 0x1084, 0x1084, 0x1084, 0x1084, 0x1084, 0x1084, 0x1084, 0x1084, 0x1084, 0x1084,
    0x1084, 0x1084, 0x1084, 0x1084, 0x1084, 0x1084, 0x1084, 0x1084, 0x1084, 0x1084, 0x1084, 0x1084,
    0x1084, 0x1084, 0x1084, 0x1084, 0x1084, 0x1084, 0x1084, 0x1084, 0x1084, 0x1084, 0x1084, 0x1084,
    0x1084, 0x1084, 0x1084, 0x1084, 0x1084, 0x1084, 0x1084, 0x1084, 0x1084, 0x1084, 0x1084, 0x1084,
    0x1084, 0x1084, 0x1084, 0x1084, 0x1084, 0x1084, 0x1084, 0x1084, 0x1084, 0x1084, 0x1084, 0x1084,
    0x1084, 0x1084, 0x1084, 0x1084, 0x1084, 0x1084, 0x1084, 0x1084, 0x1084, 0x1084, 0x1084, 0x1084,
    0x1084, 0x1084, 0x1084, 0x1084, 0x1084, 0x1084, 0x1084, 0x1084, 0x1084, 0x1084, 0x1084, 0x1084,
    0x1084, 0x1084, 0x1084, 0x1084, 0x1084, 0x1084, 0x1084, 0x1084, 0x1084, 0x1084, 0x1084, 0x1084,
    0x1084, 0x1084, 0x1084, 0x1084, 0x1084, 0x1084, 0x1084, 0x1084, 0x1084, 0x1084, 0x1084, 0x1084,
    0x1084, 0x1084, 0x1084, 0x1084, 0x1084, 0x1084, 0x1084, 0x1084, 0x1084, 0x1084, 0x1084, 0x1084,
    0xB294, 0xBDFF, 0x5CF7, 0x5CF7, 0x7CF7, 0x7CF7, 0x5CF7, 0x5CF7, 0x5CF7, 0x5CF7, 0x5CF7, 0x7CF7,
    0x7CF7, 0x7CF7, 0x7CF7, 0x5CEF, 0x99DE, 0xF6C5, 0x7CF7, 0x7CF7, 0x7CF7, 0xB9DE, 0x57D6, 0x57D6,
    0xFAE6, 0xB294, 0x718C, 0xFAE6, 0x78D6, 0x98DE, 0x98DE, 0x98DE, 0x98DE, 0x98DE, 0x99DE, 0x98DE,
    0x58D6, 0x57D6, 0x78D6, 0x78D6, 0x37CE, 0xF6C5, 0x37CE, 0x58D6, 0x308C, 0xB294, 0x9DFF, 0x5CEF,
    0x7CF7, 0x5CF7, 0xDEFF, 0xB6B5, 0x38C6, 0xFFFF, 0x5CEF, 0x5CF7, 0x5CF7, 0x7CF7, 0x5CF7, 0x5CF7,
    0x7CF7, 0x7CF7, 0x7CF7, 0x7DF7, 0xFAE6, 0xFAEE, 0x54AD, 0x1084, 0x3084, 0x1084, 0x1084, 0x1084,
    0x1084, 0x1084, 0x1084, 0x1084, 0x1084, 0x1084, 0x1084, 0x1084, 0x1084, 0x1084, 0x1084, 0x1084,
    0x1084, 0x1084, 0x1084, 0x1084, 0x1084, 0x1084, 0x1084, 0x1084, 0x1084, 0x1084, 0x1084, 0x1084,
    0x1084, 0x1084, 0x1084, 0x1084, 0x1084, 0x1084, 0x1084, 0x1084, 0x1084, 0x1084, 0x1084, 0x1084,
    0x1084, 0x1084, 0x1084, 0x1084, 0x1084, 0x1084, 0x1084, 0x1084, 0x1084, 0x1084, 0x1084, 0x1084,
    0x1084, 0x1084, 0x1084, 0x1084, 0x1084, 0x1084, 0x1084, 0x1084, 0x1084, 0x1084, 0x1084, 0x1084,
    0x1084, 0x1084, 0x1084, 0x1084, 0x1084, 0x1084, 0x1084, 0x1084, 0x1084, 0x1084, 0x1084, 0x1084,
    0x1084, 0x1084, 0x1084, 0x1084, 0x1084, 0x1084, 0x1084, 0x1084, 0x1084, 0x1084, 0x1084, 0x1084,
    0x1084, 0x1084, 0x1084, 0x1084, 0x1084, 0x1084, 0x1084, 0x1084, 0x1084, 0x1084, 0x1084, 0x1084,
    0x1084, 0x1084, 0x1084, 0x1084, 0x1084, 0x1084, 0x1084, 0x1084, 0x1084, 0x1084, 0x1084, 0x1084,
    0x1084, 0x1084, 0x1084, 0x1084, 0x1084, 0x1084, 0x1084, 0x1084, 0x1084, 0x1084, 0x1084, 0x1084,
    0x1084, 0x1084, 0x1084, 0x1084, 0x1084, 0x1084, 0x1084, 0x1084, 0x1084, 0x1084, 0x1084, 0x1084,
    0x1084, 0x1084, 0x1084, 0x1084, 0x1084, 0x1084, 0x1084, 0x1084, 0x1084, 0x1084, 0x1084, 0x1084,
    0x1084, 0x1084, 0x1084, 0x1084, 0x1084, 0x1084, 0x1084, 0x1084, 0x1084, 0x1084, 0x1084, 0x1084,
    0x1084, 0x1084, 0x1084, 0x1084, 0x1084, 0x1084, 0x1084, 0x1084, 0x1084, 0x1084, 0x3084, 0xEF7B,
    0x95B5, 0xFEFF, 0x5CEF, 0x5CF7, 0x5CF7, 0x7CF7, 0x7CF7, 0x5CF7, 0x7CF7, 0x5CF7, 0x7CF7, 0x7CF7,
    0x7CF7, 0x7CF7, 0x7CF7, 0x7CF7, 0x99DE, 0x98DE, 0x1BEF, 0x3BEF, 0xB9DE, 0x58D6, 0xB9DE, 0x1AEF,
    0x17CE, 0x1084, 0x1084, 0xF6C5, 0x58D6, 0x37CE, 0x37CE, 0x37CE, 0x37CE, 0x37CE, 0x37CE, 0x37CE,
    0x37CE, 0x37CE, 0x37CE, 0x37CE, 0x37CE, 0x57D6, 0x57D6, 0x57D6, 0x3084, 0xB294, 0xFFFF, 0x5CEF,
    0x5CEF, 0x7CF7, 0x5CEF, 0xDADE, 0xBDFF, 0x5CEF, 0x7CF7, 0x7CF7, 0x7CF7, 0x7CF7, 0x5CF7, 0x5CF7,
    0x7CF7, 0x7CF7, 0x7CF7, 0x7CF7, 0x5CEF, 0x98DE, 0x78D6, 0x3084, 0x3084, 0x1084, 0x1084, 0x1084,
    0x1084, 0x1084, 0x1084, 0x1084, 0x1084, 0x1084, 0x1084, 0x1084, 0x1084, 0x1084, 0x1084, 0x1084,
    0x1084, 0x1084, 0x1084, 0x1084, 0x1084, 0x1084, 0x1084, 0x1084, 0x1084, 0x1084, 0x1084, 0x1084,
    0x1084, 0x1084, 0x1084, 0x1084, 0x1084, 0x1084, 0x1084, 0x1084, 0x1084, 0x1084, 0x1084, 0x1084,
    0x1084, 0x1084, 0x1084, 0x1084, 0x1084, 0x1084, 0x1084, 0x1084, 0x1084, 0x1084, 0x1084, 0x1084,
    0x1084, 0x1084, 0x1084, 0x1084, 0x1084, 0x1084, 0x1084, 0x1084, 0x1084, 0x1084, 0x1084, 0x1084,
    0x1084, 0x1084, 0x1084, 0x1084, 0x1084, 0x1084, 0x1084, 0x1084, 0x1084, 0x1084, 0x1084, 0x1084,
    0x1084, 0x1084, 0x1084, 0x1084, 0x1084, 0x1084, 0x1084, 0x1084, 0x1084, 0x1084, 0x1084, 0x1084,
    0x1084, 0x1084, 0x1084, 0x1084, 0x1084, 0x1084, 0x1084, 0x1084, 0x1084, 0x1084, 0x1084, 0x1084,
    0x1084, 0x1084, 0x1084, 0x1084, 0x1084, 0x1084, 0x1084, 0x1084, 0x1084, 0x1084, 0x1084, 0x1084,
    0x1084, 0x1084, 0x1084, 0x1084, 0x1084, 0x1084, 0x1084, 0x1084, 0x1084, 0x1084, 0x1084, 0x1084,
    0x1084, 0x1084, 0x1084, 0x1084, 0x1084, 0x1084, 0x1084, 0x1084, 0x1084, 0x1084, 0x1084, 0x1084,
    0x1084, 0x1084, 0x1084, 0x1084, 0x1084, 0x1084, 0x1084, 0x1084, 0x1084, 0x1084, 0x1084, 0x1084,
    0x1084, 0x1084, 0x1084, 0x1084, 0x1084, 0x1084, 0x1084, 0x1084, 0x1084, 0x1084, 0x1084, 0x1084,
    0x1084, 0x1084, 0x1084, 0x1084, 0x1084, 0x1084, 0x1084, 0x1084, 0x1084, 0x1084, 0x3084, 0x1084,
    0x55AD, 0xFFFF, 0xDEFF, 0x9DFF, 0x7CF7, 0x5CF7, 0x5CEF, 0x5CEF, 0x5CEF, 0x5CEF, 0x5CEF, 0x5CEF,
    0x5CEF, 0x5CEF, 0x5CEF, 0x5CEF, 0x98DE, 0x58D6, 0xB9DE, 0xD9E6, 0xFAE6, 0x98D6, 0xF6C5, 0xF39C,
    0x3084, 0xF39C, 0xEF7B, 0x95BD, 0x78D6, 0x37CE, 0x37CE, 0x37CE, 0x37CE, 0x37CE, 0x37CE, 0x37CE,
    0x37CE, 0x37CE, 0x37CE, 0x37CE, 0x37CE, 0x37CE, 0x78D6, 0xD6C5, 0x1084, 0x1084, 0xBADE, 0xFFFF,
    0xBDFF, 0x5CF7, 0x5CEF, 0x9DF7, 0x5CEF, 0x7CF7, 0x7CF7, 0x7CF7, 0x7CF7, 0x7CF7, 0x7CF7, 0x7CF7,
    0x7CF7, 0x7CF7, 0x7CF7, 0x5CF7, 0x7CF7, 0xB9DE, 0xD9E6, 0x13A5, 0x1084, 0xD29C, 0xD29C, 0x508C,
    0x1084, 0x1084, 0x1084, 0x1084, 0x1084, 0x1084, 0x1084, 0x1084, 0x1084, 0x1084, 0x1084, 0x1084,
    0x1084, 0x1084, 0x1084, 0x1084, 0x1084, 0x1084, 0x1084, 0x1084, 0x1084, 0x1084, 0x1084, 0x1084,
    0x1084, 0x1084, 0x1084, 0x1084, 0x1084, 0x1084, 0x1084, 0x1084, 0x1084, 0x1084, 0x1084, 0x1084,
    0x1084, 0x1084, 0x1084, 0x1084, 0x1084, 0x1084, 0x1084, 0x1084, 0x1084, 0x1084, 0x1084, 0x1084,
    0x1084, 0x1084, 0x1084, 0x1084, 0x1084, 0x1084, 0x1084, 0x1084, 0x1084, 0x1084, 0x1084, 0x1084,
    0x1084, 0x1084, 0x1084, 0x1084, 0x1084, 0x1084, 0x1084, 0x1084, 0x1084, 0x1084, 0x1084, 0x1084,
    0x1084, 0x1084, 0x1084, 0x1084, 0x1084, 0x1084, 0x1084, 0x1084, 0x1084, 0x1084, 0x1084, 0x1084,
    0x1084, 0x1084, 0x1084, 0x1084, 0x1084, 0x1084, 0x1084, 0x1084, 0x1084, 0x1084, 0x1084, 0x1084,
    0x1084, 0x1084, 0x1084, 0x1084, 0x1084, 0x1084, 0x1084, 0x1084, 0x1084, 0x1084, 0x1084, 0x1084,
    0x1084, 0x1084, 0x1084, 0x1084, 0x1084, 0x1084, 0x1084, 0x1084, 0x1084, 0x1084, 0x1084, 0x1084,
    0x1084, 0x1084, 0x1084, 0x1084, 0x1084, 0x1084, 0x1084, 0x1084, 0x1084, 0x1084, 0x1084, 0x1084,
    0x1084, 0x1084, 0x1084, 0x1084, 0x1084, 0x1084, 0x1084, 0x1084, 0x1084, 0x1084, 0x1084, 0x1084,
    0x1084, 0x1084, 0x1084, 0x1084, 0x1084, 0x1084, 0x1084, 0x1084, 0x1084, 0x1084, 0x1084, 0x1084,
    0x1084, 0x1084, 0x1084, 0x1084, 0x1084, 0x1084, 0x1084, 0x1084, 0x718C, 0x74B5, 0xB29C, 0x3084,
    0x1084, 0x13A5, 0x58CE, 0xFBE6, 0x5CF7, 0xDEFF, 0xFFFF, 0xFFFF, 0xFEFF, 0xFEFF, 0xFEFF, 0xFEFF,
    0xFEFF, 0xFFFF, 0xFFFF, 0xDEFF, 0xFAE6, 0x78D6, 0x37CE, 0xB6BD, 0x13A5, 0x518C, 0x3084, 0xF39C,
    0x98DE, 0xB5BD, 0x1084, 0xD6C5, 0x78D6, 0x37CE, 0x37CE, 0x37CE, 0x37CE, 0x37CE, 0x37CE, 0x37CE,
    0x37CE, 0x37CE, 0x37CE, 0x37CE, 0x37CE, 0x37CE, 0x98DE, 0xB5BD, 0x1084, 0x34A5, 0xEF7B, 0x34A5,
    0xBADE, 0xBDFF, 0xFFFF, 0xBDFF, 0x7CF7, 0x5CF7, 0x5CEF, 0x5CEF, 0x5CEF, 0x5CEF, 0x5CEF, 0x5CEF,
    0x5CEF, 0x5CEF, 0x5CEF, 0x5CEF, 0x7CF7, 0xB9DE, 0xFAEE, 0xB5BD, 0x1084, 0xD6BD, 0xD9E6, 0x17CE,
    0xD5C5, 0x34AD, 0x7194, 0x1084, 0x1084, 0x1084, 0x1084, 0x1084, 0x1084, 0x1084, 0x1084, 0x1084,
    0x1084, 0x1084, 0x1084, 0x1084, 0x1084, 0x1084, 0x1084, 0x1084, 0x1084, 0x1084, 0x1084, 0x1084,
    0x1084, 0x1084, 0x1084, 0x1084, 0x1084, 0x1084, 0x1084, 0x1084, 0x1084, 0x1084, 0x1084, 0x1084,
    0x1084, 0x1084, 0x1084, 0x1084, 0x1084, 0x1084, 0x1084, 0x1084, 0x1084, 0x1084, 0x1084, 0x1084,
    0x1084, 0x1084, 0x1084, 0x1084, 0x1084, 0x1084, 0x1084, 0x1084, 0x1084, 0x1084, 0x1084, 0x1084,
    0x1084, 0x1084, 0x1084, 0x1084, 0x1084, 0x1084, 0x1084, 0x1084, 0x1084, 0x1084, 0x1084, 0x1084,
    0x1084, 0x1084, 0x1084, 0x1084, 0x1084, 0x1084, 0x1084, 0x1084, 0x1084, 0x1084, 0x1084, 0x1084,
    0x1084, 0x1084, 0x1084, 0x1084, 0x1084, 0x1084, 0x1084, 0x1084, 0x1084, 0x1084, 0x1084, 0x1084,
    0x1084, 0x1084, 0x1084, 0x1084, 0x1084, 0x1084, 0x1084, 0x1084, 0x1084, 0x1084, 0x1084, 0x1084,
    0x1084, 0x1084, 0x1084, 0x1084, 0x1084, 0x1084, 0x1084, 0x1084, 0x1084, 0x1084, 0x1084, 0x1084,
    0x1084, 0x1084, 0x1084, 0x1084, 0x1084, 0x1084, 0x1084, 0x1084, 0x1084, 0x1084, 0x1084, 0x1084,
    0x1084, 0x1084, 0x1084, 0x1084, 0x1084, 0x1084, 0x1084, 0x1084, 0x1084, 0x1084, 0x1084, 0x1084,
    0x1084, 0x1084, 0x1084, 0x1084, 0x1084, 0x1084, 0x1084, 0x1084, 0x1084, 0x1084, 0x1084, 0x1084,
    0x1084, 0x1084, 0x1084, 0x1084, 0x1084, 0x1084, 0x3084, 0x74B5, 0x37D6, 0x3BEF, 0xB29C, 0x9294,
    0xFBE6, 0xF39C, 0x3084, 0xF07B, 0x3084, 0xB294, 0x14A5, 0x95B5, 0xD6BD, 0x38CE, 0x38CE, 0x58CE,
    0x17C6, 0xB6BD, 0x95B5, 0x13A5, 0x9294, 0x518C, 0x3084, 0x518C, 0xD39C, 0xB5BD, 0x99DE, 0x3BEF,
    0xB6BD, 0x1084, 0x718C, 0x58D6, 0x37CE, 0x37CE, 0x37CE, 0x37CE, 0x37CE, 0x37CE, 0x37CE, 0x37CE,
    0x37CE, 0x37CE, 0x37CE, 0x37CE, 0x37CE, 0x37CE, 0x78D6, 0xB6BD, 0x1084, 0x58CE, 0x3CE7, 0xF39C,
    0xEF7B, 0x9294, 0xB6BD, 0xDADE, 0x5CF7, 0xFEFF, 0xFFFF, 0xFEFF, 0xDEFF, 0xBDFF, 0xBDFF, 0xBDFF,
    0xBEFF, 0xDEFF, 0xFEFF, 0xFFFF, 0xFFFF, 0x1AEF, 0x78D6, 0xB29C, 0x1084, 0xF39C, 0x98DE, 0x17CE,
    0x78D6, 0x99DE, 0x57D6, 0xB5BD, 0x9194, 0x1084, 0x1084, 0x1084, 0x1084, 0x1084, 0x1084, 0x1084,
    0x1084, 0x1084, 0x1084, 0x1084, 0x1084, 0x1084, 0x1084, 0x1084, 0x1084, 0x1084, 0x1084, 0x1084,
    0x1084, 0x1084, 0x1084, 0x1084, 0x1084, 0x1084, 0x1084, 0x1084, 0x1084, 0x1084, 0x1084, 0x1084,
    0x1084, 0x1084, 0x1084, 0x1084, 0x1084, 0x1084, 0x1084, 0x1084, 0x1084, 0x1084, 0x1084, 0x1084,
    0x1084, 0x1084, 0x1084, 0x1084, 0x1084, 0x1084, 0x1084, 0x1084, 0x1084, 0x1084, 0x1084, 0x1084,
    0x1084, 0x1084, 0x1084, 0x1084, 0x1084, 0x1084, 0x1084, 0x1084, 0x1084, 0x1084, 0x1084, 0x1084,
    0x1084, 0x1084, 0x1084, 0x1084, 0x1084, 0x1084, 0x1084, 0x1084, 0x1084, 0x1084, 0x1084, 0x1084,
    0x1084, 0x1084, 0x1084, 0x1084, 0x1084, 0x1084, 0x1084, 0x1084, 0x1084, 0x1084, 0x1084, 0x1084,
    0x1084, 0x1084, 0x1084, 0x1084, 0x1084, 0x1084, 0x1084, 0x1084, 0x1084, 0x1084, 0x1084, 0x1084,
    0x1084, 0x1084, 0x1084, 0x1084, 0x1084, 0x1084, 0x1084, 0x1084, 0x1084, 0x1084, 0x1084, 0x1084,
    0x1084, 0x1084, 0x1084, 0x1084, 0x1084, 0x1084, 0x1084, 0x1084, 0x1084, 0x1084, 0x1084, 0x1084,
    0x1084, 0x1084, 0x1084, 0x1084, 0x1084, 0x1084, 0x1084, 0x1084, 0x1084, 0x1084, 0x1084, 0x1084,
    0x1084, 0x1084, 0x1084, 0x1084, 0x1084, 0x1084, 0x1084, 0x1084, 0x1084, 0x1084, 0x1084, 0x1084,
    0x1084, 0x1084, 0x1084, 0x1084, 0x1084, 0x1084, 0xD6C5, 0xB9DE, 0x17CE, 0xB9DE, 0xF3A4, 0x1084,
    0x1BE7, 0xFFFF, 0x9DF7, 0xDADE, 0x17C6, 0x54AD, 0xD39C, 0x9194, 0x3084, 0x5184, 0x1084, 0x3084,
    0x3084, 0x518C, 0x9294, 0xD29C, 0x34AD, 0xB5BD, 0x37CE, 0xFAE6, 0x5BF7, 0x78D6, 0x95B5, 0x718C,
    0x1084, 0x9294, 0x17CE, 0x58D6, 0x37CE, 0x37CE, 0x37CE, 0x37CE, 0x37CE, 0x37CE, 0x37CE, 0x37CE,
    0x37CE, 0x37CE, 0x37CE, 0x37CE, 0x37CE, 0x37CE, 0x37CE, 0x78D6, 0xB294, 0x1084, 0x38CE, 0xFFFF,
    0x3CEF, 0xB6B5, 0x718C, 0xEF7B, 0x3084, 0xD39C, 0x75B5, 0xF7C5, 0x79D6, 0x99D6, 0xDADE, 0xBADE,
    0x99D6, 0x99D6, 0x17C6, 0xB6B5, 0x14A5, 0x9194, 0x3084, 0xF3A4, 0x9194, 0x308C, 0x58D6, 0x37CE,
    0x37CE, 0x37CE, 0x37CE, 0x78D6, 0x78DE, 0xF3A4, 0x1084, 0x1084, 0x1084, 0x1084, 0x1084, 0x1084,
    0x1084, 0x1084, 0x1084, 0x1084, 0x1084, 0x1084, 0x1084, 0x1084, 0x1084, 0x1084, 0x1084, 0x1084,
    0x1084, 0x1084, 0x1084, 0x1084, 0x1084, 0x1084, 0x1084, 0x1084, 0x1084, 0x1084, 0x1084, 0x1084,
    0x1084, 0x1084, 0x1084, 0x1084, 0x1084, 0x1084, 0x1084, 0x1084, 0x1084, 0x1084, 0x1084, 0x1084,
    0x1084, 0x1084, 0x1084, 0x1084, 0x1084, 0x1084, 0x1084, 0x1084, 0x1084, 0x1084, 0x1084, 0x1084,
    0x1084, 0x1084, 0x1084, 0x1084, 0x1084, 0x1084, 0x1084, 0x1084, 0x1084, 0x1084, 0x1084, 0x1084,
    0x1084, 0x1084, 0x1084, 0x1084, 0x1084, 0x1084, 0x1084, 0x1084, 0x1084, 0x1084, 0x1084, 0x1084,
    0x1084, 0x1084, 0x1084, 0x1084, 0x1084, 0x1084, 0x1084, 0x1084, 0x1084, 0x1084, 0x1084, 0x1084,
    0x1084, 0x1084, 0x1084, 0x1084, 0x1084, 0x1084, 0x1084, 0x1084, 0x1084, 0x1084, 0x1084, 0x1084,
    0x1084, 0x1084, 0x1084, 0x1084, 0x1084, 0x1084, 0x1084, 0x1084, 0x1084, 0x1084, 0x1084, 0x1084,
    0x1084, 0x1084, 0x1084, 0x1084, 0x1084, 0x1084, 0x1084, 0x1084, 0x1084, 0x1084, 0x1084, 0x1084,
    0x1084, 0x1084, 0x1084, 0x1084, 0x1084, 0x1084, 0x1084, 0x1084, 0x1084, 0x1084, 0x1084, 0x1084,
    0x1084, 0x1084, 0x1084, 0x1084, 0x1084, 0x1084, 0x1084, 0x1084, 0x1084, 0x1084, 0x1084, 0x1084,
    0x1084, 0x1084, 0x1084, 0x1084, 0x1084, 0x3084, 0x17CE, 0x58D6, 0x17CE, 0x57D6, 0x17C6, 0x3084,
    0x107C, 0x75AD, 0xBAD6, 0x7CF7, 0xFFFF, 0xFFFF, 0xFFFF, 0xFFFF, 0xFFFF, 0xDEFF, 0xBEFF, 0xDEFF,
    0xFEFF, 0xFFFF, 0xDEFF, 0x7CF7, 0x5BF7, 0xB9DE, 0x37CE, 0x95B5, 0xD29C, 0xEF7B, 0x1084, 0x7194,
    0xB5BD, 0x78D6, 0x57D6, 0x37CE, 0x37CE, 0x37CE, 0x37CE, 0x37CE, 0x37CE, 0x37CE, 0x37CE, 0x37CE,
    0x37CE, 0x37CE, 0x37CE, 0x37CE, 0x37CE, 0x37CE, 0x37CE, 0x57D6, 0x57D6, 0xD39C, 0x1084, 0x9294,
    0x79D6, 0xFFFF, 0xFFFF, 0x1BE7, 0x17C6, 0x54AD, 0x9294, 0x3084, 0x1084, 0xCF7B, 0x107C, 0xEF7B,
    0xEF7B, 0x1084, 0x518C, 0x9294, 0x34A5, 0x95B5, 0x17CE, 0x9CFF, 0xB294, 0x508C, 0x78D6, 0x37CE,
    0x37CE, 0x37CE, 0x37CE, 0x16CE, 0x98DE, 0xF6C5, 0x1084, 0x1084, 0xEF7B, 0x1084, 0x1084, 0x1084,
    0x1084, 0x1084, 0x1084, 0x1084, 0x1084, 0x1084, 0x1084, 0x1084, 0x1084, 0x1084, 0x1084, 0x1084,
    0x1084, 0x1084, 0x1084, 0x1084, 0x1084, 0x1084, 0x1084, 0x1084, 0x1084, 0x1084, 0x1084, 0x1084,
    0x1084, 0x1084, 0x1084, 0x1084, 0x1084, 0x1084, 0x1084, 0x1084, 0x1084, 0x1084, 0x1084, 0x1084,
    0x1084, 0x1084, 0x1084, 0x1084, 0x1084, 0x1084, 0x1084, 0x1084, 0x1084, 0x1084, 0x1084, 0x1084,
    0x1084, 0x1084, 0x1084, 0x1084, 0x1084, 0x1084, 0x1084, 0x1084, 0x1084, 0x1084, 0x1084, 0x1084,
    0x1084, 0x1084, 0x1084, 0x1084, 0x1084, 0x1084, 0x1084, 0x1084, 0x1084, 0x1084, 0x1084, 0x1084,
    0x1084, 0x1084, 0x1084, 0x1084, 0x1084, 0x1084, 0x1084, 0x1084, 0x1084, 0x1084, 0x1084, 0x1084,
    0x1084, 0x1084, 0x1084, 0x1084, 0x1084, 0x1084, 0x1084, 0x1084, 0x1084, 0x1084, 0x1084, 0x1084,
    0x1084, 0x1084, 0x1084, 0x1084, 0x1084, 0x1084, 0x1084, 0x1084, 0x1084, 0x1084, 0x1084, 0x1084,
    0x1084, 0x1084, 0x1084, 0x1084, 0x1084, 0x1084, 0x1084, 0x1084, 0x1084, 0x1084, 0x1084, 0x1084,
    0x1084, 0x1084, 0x1084, 0x1084, 0x1084, 0x1084, 0x1084, 0x1084, 0x1084, 0x1084, 0x1084, 0x1084,
    0x1084, 0x1084, 0x1084, 0x1084, 0x1084, 0x1084, 0x1084, 0x1084, 0x1084, 0x1084, 0x1084, 0x1084,
    0x1084, 0x1084, 0x1084, 0x1084, 0x1084, 0x1084, 0x9194, 0x37CE, 0xB9DE, 0x57D6, 0x58D6, 0x16C6,
    0xD39C, 0x1084, 0x1084, 0x1084, 0xB294, 0x54AD, 0xB6B5, 0x17C6, 0x79D6, 0x99D6, 0x99D6, 0x99D6,
    0x58CE, 0xD6BD, 0x33A5, 0xF39C, 0x7194, 0x3084, 0x1084, 0x1084, 0x518C, 0x34A5, 0xF6C5, 0x78D6,
    0x98DE, 0x37CE, 0x37CE, 0x37CE, 0x37CE, 0x37CE, 0x37CE, 0x37CE, 0x37CE, 0x37CE, 0x37CE, 0x37CE,
    0x37CE, 0x37CE, 0x37CE, 0x37CE, 0x37CE, 0x37CE, 0x37CE, 0x37CE, 0x57D6, 0x98DE, 0xD6BD, 0x9194,
    0x1084, 0x518C, 0xB6B5, 0xFAE6, 0xFEFF, 0xFFFF, 0xFFFF, 0xFEFF, 0x5CEF, 0xFBE6, 0x1BE7, 0xFAE6,
    0x1BE7, 0x5CEF, 0xDEFF, 0xFFFF, 0xFFFF, 0x7CF7, 0x99DE, 0x54AD, 0x1084, 0x13A5, 0x98DE, 0x17CE,
    0x17CE, 0x37CE, 0x57D6, 0x78D6, 0x57D6, 0xB29C, 0x1084, 0x1084, 0x1084, 0x1084, 0x1084, 0x1084,
    0x1084, 0x1084, 0x1084, 0x1084, 0x1084, 0x1084, 0x1084, 0x1084, 0x1084, 0x1084, 0x1084, 0x1084,
    0x1084, 0x1084, 0x1084, 0x1084, 0x1084, 0x1084, 0x1084, 0x1084, 0x1084, 0x1084, 0x1084, 0x1084,
    0x1084, 0x1084, 0x1084, 0x1084, 0x1084, 0x1084, 0x1084, 0x1084, 0x1084, 0x1084, 0x1084, 0x1084,
    0x1084, 0x1084, 0x1084, 0x1084, 0x1084, 0x1084, 0x1084, 0x1084, 0x1084, 0x1084, 0x1084, 0x1084,
    0x1084, 0x1084, 0x1084, 0x1084, 0x1084, 0x1084, 0x1084, 0x1084, 0x1084, 0x1084, 0x1084, 0x1084,
    0x1084, 0x1084, 0x1084, 0x1084, 0x1084, 0x1084, 0x1084, 0x1084, 0x1084, 0x1084, 0x1084, 0x1084,
    0x1084, 0x1084, 0x1084, 0x1084, 0x1084, 0x1084, 0x1084, 0x1084, 0x1084, 0x1084, 0x1084, 0x1084,
    0x1084, 0x1084, 0x1084, 0x1084, 0x1084, 0x1084, 0x1084, 0x1084, 0x1084, 0x1084, 0x1084, 0x1084,
    0x1084, 0x1084, 0x1084, 0x1084, 0x1084, 0x1084, 0x1084, 0x1084, 0x1084, 0x1084, 0x1084, 0x1084,
    0x1084, 0x1084, 0x1084, 0x1084, 0x1084, 0x1084, 0x1084, 0x1084, 0x1084, 0x1084, 0x1084, 0x1084,
    0x1084, 0x1084, 0x1084, 0x1084, 0x1084, 0x1084, 0x1084, 0x1084, 0x1084, 0x1084, 0x1084, 0x1084,
    0x1084, 0x1084, 0x1084, 0x1084, 0x1084, 0x1084, 0x1084, 0x1084, 0x1084, 0x1084, 0x1084, 0x1084,
    0x1084, 0x1084, 0x1084, 0x1084, 0x1084, 0x1084, 0x1084, 0x3084, 0x34AD, 0xF6C5, 0x57D6, 0xD9E6,
    0xD9E6, 0x37CE, 0x95B5, 0xF3A4, 0x718C, 0x1084, 0x1084, 0x1084, 0x1084, 0x1084, 0x1084, 0x1084,
    0x1084, 0x1084, 0x1084, 0x518C, 0x9294, 0x13A5, 0x95B5, 0x16C6, 0x78D6, 0xB9DE, 0x78DE, 0x37CE,
    0x37CE, 0x37CE, 0x37CE, 0x37CE, 0x37CE, 0x37CE, 0x37CE, 0x37CE, 0x37CE, 0x37CE, 0x37CE, 0x37CE,
    0x37CE, 0x37CE, 0x37CE, 0x37CE, 0x37CE, 0x37CE, 0x37CE, 0x37CE, 0x37CE, 0x37CE, 0x98DE, 0x98DE,
    0xD6BD, 0xD29C, 0x1084, 0x1084, 0x518C, 0x13A5, 0xD6BD, 0x79CE, 0xDADE, 0x1BEF, 0x3BEF, 0x5CEF,
    0x3CEF, 0x3BEF, 0xDADE, 0x38CE, 0x75B5, 0xD29C, 0x1084, 0x1084, 0xD39C, 0x37CE, 0x37CE, 0x57D6,
    0x98DE, 0x98DE, 0x17CE, 0x34AD, 0x518C, 0x1084, 0x1084, 0x1084, 0x1084, 0x1084, 0x1084, 0x1084,
    0x1084, 0x1084, 0x1084, 0x1084, 0x1084, 0x1084, 0x1084, 0x1084, 0x1084, 0x1084, 0x1084, 0x1084,
    0x1084, 0x1084, 0x1084, 0x1084, 0x1084, 0x1084, 0x1084, 0x1084, 0x1084, 0x1084, 0x1084, 0x1084,
    0x1084, 0x1084, 0x1084, 0x1084, 0x1084, 0x1084, 0x1084, 0x1084, 0x1084, 0x1084, 0x1084, 0x1084,
    0x1084, 0x1084, 0x1084, 0x1084, 0x1084, 0x1084, 0x1084, 0x1084, 0x1084, 0x1084, 0x1084, 0x1084,
    0x1084, 0x1084, 0x1084, 0x1084, 0x1084, 0x1084, 0x1084, 0x1084, 0x1084, 0x1084, 0x1084, 0x1084,
    0x1084, 0x1084, 0x1084, 0x1084, 0x1084, 0x1084, 0x1084, 0x1084, 0x1084, 0x1084, 0x1084, 0x1084,
    0x1084, 0x1084, 0x1084, 0x1084, 0x1084, 0x1084, 0x1084, 0x1084, 0x1084, 0x1084, 0x1084, 0x1084,
    0x1084, 0x1084, 0x1084, 0x1084, 0x1084, 0x1084, 0x1084, 0x1084, 0x1084, 0x1084, 0x1084, 0x1084,
    0x1084, 0x1084, 0x1084, 0x1084, 0x1084, 0x1084, 0x1084, 0x1084, 0x1084, 0x1084, 0x1084, 0x1084,
    0x1084, 0x1084, 0x1084, 0x1084, 0x1084, 0x1084, 0x1084, 0x1084, 0x1084, 0x1084, 0x1084, 0x1084,
    0x1084, 0x1084, 0x1084, 0x1084, 0x1084, 0x1084, 0x1084, 0x1084, 0x1084, 0x1084, 0x1084, 0x1084,
    0x1084, 0x1084, 0x1084, 0x1084, 0x1084, 0x1084, 0x1084, 0x1084, 0x1084, 0x1084, 0x1084, 0x1084,
    0x1084, 0x1084, 0x1084, 0x1084, 0x1084, 0x1084, 0x1084, 0x1084, 0x1084, 0x1084, 0x9294, 0x34AD,
    0xB5BD, 0x37CE, 0xFAE6, 0x3BEF, 0xFAE6, 0x78D6, 0x17CE, 0xF6C5, 0xF6C5, 0xF6C5, 0xF6C5, 0xF6C5,
    0xF6C5, 0x17CE, 0x37CE, 0x78D6, 0xB9DE, 0xB9DE, 0x99DE, 0x78D6, 0x37CE, 0x37CE, 0x37CE, 0x37CE,
    0x37CE, 0x37CE, 0x37CE, 0x37CE, 0x37CE, 0x37CE, 0x37CE, 0x37CE, 0x37CE, 0x37CE, 0x37CE, 0x37CE,
    0x37CE, 0x37CE, 0x37CE, 0x37CE, 0x37CE, 0x37CE, 0x37CE, 0x37CE, 0x37CE, 0x37CE, 0x37CE, 0x37CE,
    0x98DE, 0xB9DE, 0x37CE, 0x95B5, 0xD29C, 0x308C, 0x1084, 0x1084, 0x1084, 0x1084, 0x1084, 0xEF7B,
    0x1084, 0x1084, 0x1084, 0x1084, 0x1084, 0x308C, 0x13A5, 0xF6C5, 0xDAE6, 0xB9DE, 0x78D6, 0x17CE,
    0x95BD, 0xD29C, 0x3084, 0x1084, 0x1084, 0x1084, 0x1084, 0x1084, 0x1084, 0x1084, 0x1084, 0x1084,
    0x1084, 0x1084, 0x1084, 0x1084, 0x1084, 0x1084, 0x1084, 0x1084, 0x1084, 0x1084, 0x1084, 0x1084,
    0x1084, 0x1084, 0x1084, 0x1084, 0x1084, 0x1084, 0x1084, 0x1084, 0x1084, 0x1084, 0x1084, 0x1084,
    0x1084, 0x1084, 0x1084, 0x1084, 0x1084, 0x1084, 0x1084, 0x1084, 0x1084, 0x1084, 0x1084, 0x1084,
    0x1084, 0x1084, 0x1084, 0x1084, 0x1084, 0x1084, 0x1084, 0x1084, 0x1084, 0x1084, 0x1084, 0x1084,
    0x1084, 0x1084, 0x1084, 0x1084, 0x1084, 0x1084, 0x1084, 0x1084, 0x1084, 0x1084, 0x1084, 0x1084,
    0x1084, 0x1084, 0x1084, 0x1084, 0x1084, 0x1084, 0x1084, 0x1084, 0x1084, 0x1084, 0x1084, 0x1084,
    0x1084, 0x1084, 0x1084, 0x1084, 0x1084, 0x1084, 0x1084, 0x1084, 0x1084, 0x1084, 0x1084, 0x1084,
    0x1084, 0x1084, 0x1084, 0x1084, 0x1084, 0x1084, 0x1084, 0x1084, 0x1084, 0x1084, 0x1084, 0x1084,
    0x1084, 0x1084, 0x1084, 0x1084, 0x1084, 0x1084, 0x1084, 0x1084, 0x1084, 0x1084, 0x1084, 0x1084,
    0x1084, 0x1084, 0x1084, 0x1084, 0x1084, 0x1084, 0x1084, 0x1084, 0x1084, 0x1084, 0x1084, 0x1084,
    0x1084, 0x1084, 0x1084, 0x1084, 0x1084, 0x1084, 0x1084, 0x1084, 0x1084, 0x1084, 0x1084, 0x1084,
    0x1084, 0x1084, 0x1084, 0x1084, 0x1084, 0x1084, 0x1084, 0x1084, 0x1084, 0x1084, 0x1084, 0x1084,
    0x1084, 0x1084, 0x1084, 0x1084, 0x1084, 0x1084, 0x1084, 0x1084, 0x1084, 0x1084, 0x1084, 0x1084,
    0x1084, 0x308C, 0x9294, 0x13A5, 0x74B5, 0xD6C5, 0x37CE, 0x98DE, 0xFAE6, 0xFAE6, 0xFAE6, 0xD9E6,
    0xB9DE, 0x98DE, 0x58D6, 0x37CE, 0x37CE, 0x37CE, 0x17CE, 0x37CE, 0x37CE, 0x37CE, 0x37CE, 0x37CE,
    0x37CE, 0x37CE, 0x37CE, 0x37CE, 0x37CE, 0x37CE, 0x37CE, 0x37CE, 0x37CE, 0x37CE, 0x37CE, 0x37CE,
    0x37CE, 0x37CE, 0x37CE, 0x37CE, 0x37CE, 0x37CE, 0x37CE, 0x37CE, 0x37CE, 0x37CE, 0x37CE, 0x37CE,
    0x37CE, 0x37CE, 0x37D6, 0x98DE, 0xB9DE, 0x78D6, 0x17CE, 0xD6BD, 0x95B5, 0x54AD, 0x13A5, 0x13A5,
    0x13A5, 0x74B5, 0xB5BD, 0xF6C5, 0x57CE, 0xB9DE, 0x98DE, 0xF6C5, 0x95BD, 0x33AD, 0xB294, 0x3084,
    0x1084, 0x1084, 0x1084, 0x1084, 0x1084, 0x1084, 0x1084, 0x1084, 0x1084, 0x1084, 0x1084, 0x1084,
    0x1084, 0x1084, 0x1084, 0x1084, 0x1084, 0x1084, 0x1084, 0x1084, 0x1084, 0x1084, 0x1084, 0x1084,
    0x1084, 0x1084, 0x1084, 0x1084, 0x1084, 0x1084, 0x1084, 0x1084, 0x1084, 0x1084, 0x1084, 0x1084,
    0x1084, 0x1084, 0x1084, 0x1084, 0x1084, 0x1084, 0x1084, 0x1084, 0x1084, 0x1084, 0x1084, 0x1084,
    0x1084, 0x1084, 0x1084, 0x1084, 0x1084, 0x1084, 0x1084, 0x1084, 0x1084, 0x1084, 0x1084, 0x1084,
    0x1084, 0x1084, 0x1084, 0x1084, 0x1084, 0x1084, 0x1084, 0x1084, 0x1084, 0x1084, 0x1084, 0x1084,
    0x1084, 0x1084, 0x1084, 0x1084, 0x1084, 0x1084, 0x1084, 0x1084, 0x1084, 0x1084, 0x1084, 0x1084,
    0x1084, 0x1084, 0x1084, 0x1084, 0x1084, 0x1084, 0x1084, 0x1084, 0x1084, 0x1084, 0x1084, 0x1084,
    0x1084, 0x1084, 0x1084, 0x1084, 0x1084, 0x1084, 0x1084, 0x1084, 0x1084, 0x1084, 0x1084, 0x1084,
    0x1084, 0x1084, 0x1084, 0x1084, 0x1084, 0x1084, 0x1084, 0x1084, 0x1084, 0x1084, 0x1084, 0x1084,
    0x1084, 0x1084, 0x1084, 0x1084, 0x1084, 0x1084, 0x1084, 0x1084, 0x1084, 0x1084, 0x1084, 0x1084,
    0x1084, 0x1084, 0x1084, 0x1084, 0x1084, 0x1084, 0x1084, 0x1084, 0x1084, 0x1084, 0x1084, 0x1084,
    0x1084, 0x1084, 0x1084, 0x1084, 0x1084, 0x1084, 0x1084, 0x1084, 0x1084, 0x1084, 0x1084, 0x1084,
    0x1084, 0x1084, 0x1084, 0x1084, 0x1084, 0x1084, 0x1084, 0x1084, 0x1084, 0x0F84, 0x1084, 0x1084,
    0x1084, 0x1084, 0x1084, 0x1084, 0x1084, 0x1084, 0x3084, 0x7194, 0xD29C, 0x13A5, 0x54AD, 0x95B5,
    0xD6C5, 0xF6C5, 0x17CE, 0x37CE, 0x58D6, 0x78D6, 0x78DE, 0x98DE, 0x98DE, 0x78DE, 0x98DE, 0x78D6,
    0x78D6, 0x58D6, 0x57D6, 0x57D6, 0x57D6, 0x57D6, 0x37CE, 0x37CE, 0x37CE, 0x37CE, 0x37CE, 0x37CE,
    0x57D6, 0x37CE, 0x37CE, 0x37CE, 0x37CE, 0x37CE, 0x37CE, 0x57D6, 0x57D6, 0x57D6, 0x57D6, 0x78D6,
    0x78D6, 0x58D6, 0x78D6, 0x78D6, 0x78D6, 0x98DE, 0xB9DE, 0xD9E6, 0xD9E6, 0xB9DE, 0x98DE, 0x37CE,
    0x17CE, 0xF6C5, 0xB5BD, 0x54AD, 0xF3A4, 0x9194, 0x508C, 0x1084, 0x1084, 0x1084, 0x1084, 0x1084,
    0x1084, 0x1084, 0x1084, 0x1084, 0x1084, 0x1084, 0x1084, 0x1084, 0x1084, 0x1084, 0x1084, 0x1084,
    0x1084, 0x1084, 0x1084, 0x1084, 0x1084, 0x1084, 0x1084, 0x1084, 0x1084, 0x1084, 0x1084, 0x1084,
    0x1084, 0x1084, 0x1084, 0x1084, 0x1084, 0x1084, 0x1084, 0x1084, 0x1084, 0x1084, 0x1084, 0x1084,
    0x1084, 0x1084, 0x1084, 0x1084, 0x1084, 0x1084, 0x1084, 0x1084, 0x1084, 0x1084, 0x1084, 0x1084,
    0x1084, 0x1084, 0x1084, 0x1084, 0x1084, 0x1084, 0x1084, 0x1084, 0x1084, 0x1084, 0x1084, 0x1084,
    0x1084, 0x1084, 0x1084, 0x1084, 0x1084, 0x1084, 0x1084, 0x1084, 0x1084, 0x1084, 0x1084, 0x1084,
    0x1084, 0x1084, 0x1084, 0x1084, 0x1084, 0x1084, 0x1084, 0x1084, 0x1084, 0x1084, 0x1084, 0x1084,
    0x1084, 0x1084, 0x1084, 0x1084, 0x1084, 0x1084, 0x1084, 0x1084, 0x1084, 0x1084, 0x1084, 0x1084,
    0x1084, 0x1084, 0x1084, 0x1084, 0x1084, 0x1084, 0x1084, 0x1084, 0x1084, 0x1084, 0x1084, 0x1084,
    0x1084, 0x1084, 0x1084, 0x1084, 0x1084, 0x1084, 0x1084, 0x1084, 0x1084, 0x1084, 0x1084, 0x1084,
    0x1084, 0x1084, 0x1084, 0x1084, 0x1084, 0x1084, 0x1084, 0x1084, 0x1084, 0x1084, 0x1084, 0x1084,
    0x1084, 0x1084, 0x1084, 0x1084, 0x1084, 0x1084, 0x1084, 0x1084, 0x1084, 0x1084, 0x1084, 0x1084,
    0x1084, 0x1084, 0x1084, 0x1084, 0x1084, 0x1084, 0x1084, 0x1084, 0x1084, 0x1084, 0x1084, 0x1084,
    0x1084, 0x1084, 0x1084, 0x1084, 0x1084, 0x1084, 0x1084, 0x1084, 0x1084, 0x1084, 0x1084, 0x1084,
    0x1084, 0x1084, 0x1084, 0x1084, 0x1084, 0x1084, 0x1084, 0x1084, 0x1084, 0x1084, 0x1084, 0x1084,
    0x1084, 0x3084, 0x518C, 0x7194, 0xB294, 0xD29C, 0xF3A4, 0x33AD, 0x34AD, 0x74B5, 0x74B5, 0xB5BD,
    0xB5BD, 0xD6C5, 0xF6C5, 0xF6C5, 0xF6C5, 0xD6C5, 0x37CE, 0x37CE, 0x37CE, 0x37CE, 0x37CE, 0x37CE,
    0x37CE, 0x37CE, 0x37CE, 0x37CE, 0x37CE, 0x37CE, 0x37CE, 0x17CE, 0xF6C5, 0xF6C5, 0xF6C5, 0xB5BD,
    0xD5BD, 0x75B5, 0x74B5, 0x74B5, 0x34AD, 0x13A5, 0xF3A4, 0xD29C, 0x9294, 0x718C, 0x518C, 0x3084,
    0x1084, 0x1084, 0x1084, 0x1084, 0x1084, 0x1084, 0x1084, 0x1084, 0x1084, 0x1084, 0x1084, 0x1084,
    0x1084, 0x1084, 0x1084, 0x1084, 0x1084, 0x1084, 0x1084, 0x1084, 0x1084, 0x1084, 0x1084, 0x1084,
    0x1084, 0x1084, 0x1084, 0x1084, 0x1084, 0x1084, 0x1084, 0x1084, 0x1084, 0x1084, 0x1084, 0x1084,
    0x1084, 0x1084, 0x1084, 0x1084, 0x1084, 0x1084, 0x1084, 0x1084, 0x1084, 0x1084, 0x1084, 0x1084,
    0x1084, 0x1084, 0x1084, 0x1084, 0x1084, 0x1084, 0x1084, 0x1084, 0x1084, 0x1084, 0x1084, 0x1084,
    0x1084, 0x1084, 0x1084, 0x1084, 0x1084, 0x1084, 0x1084, 0x1084, 0x1084, 0x1084, 0x1084, 0x1084,
    0x1084, 0x1084, 0x1084, 0x1084, 0x1084, 0x1084, 0x1084, 0x1084, 0x1084, 0x1084, 0x1084, 0x1084,
    0x1084, 0x1084, 0x1084, 0x1084, 0x1084, 0x1084, 0x1084, 0x1084, 0x1084, 0x1084, 0x1084, 0x1084,
    0x1084, 0x1084, 0x1084, 0x1084, 0x1084, 0x1084, 0x1084, 0x1084, 0x1084, 0x1084, 0x1084, 0x1084,
    0x1084, 0x1084, 0x1084, 0x1084, 0x1084, 0x1084, 0x1084, 0x1084, 0x1084, 0x1084, 0x1084, 0x1084,
    0x1084, 0x1084, 0x1084, 0x1084, 0x1084, 0x1084, 0x1084, 0x1084, 0x1084, 0x1084, 0x1084, 0x1084,
    0x1084, 0x1084, 0x1084, 0x1084, 0x1084, 0x1084, 0x1084, 0x1084, 0x1084, 0x1084, 0x1084, 0x1084,
    0x1084, 0x1084, 0x1084, 0x1084, 0x1084, 0x1084, 0x1084, 0x1084, 0x1084, 0x1084, 0x1084, 0x1084,
};
