/*
 * SF Compact Display digits, 43x65, Color R5G6B5.
 *
 * Taken unchanged from brownianClock by zeromem,
 * https://github.com/zeromem0/brownianClock -- itself built on the
 * MovingIcons example from LovyanGFX. The sketch carries its artwork in
 * the same file as its code; this is that artwork, in the form the rest
 * of this firmware's assets take.
 *
 * Stored big-endian, so whatever draws these has to be told
 * setSwapBytes(true), exactly as the sketch does.
 */
#pragma once

#include <stdint.h>

static const uint16_t image_data_sfc_43x65_f65_0[2795] = {
    0x0000, 0x0000, 0x0000, 0x0000, 0x0000, 0x0000, 0x0000, 0x0000, 0x0000, 0x0000, 0x0000, 0x0000,
    0x0000, 0x0000, 0x0000, 0x0000, 0x0000, 0x0000, 0x0000, 0x0000, 0x0000, 0x0000, 0x0000, 0x0000,
    0x0000, 0x0000, 0x0000, 0x0000, 0x0000, 0x0000, 0x0000, 0x0000, 0x0000, 0x0000, 0x0000, 0x0000,
    0x0000, 0x0000, 0x0000, 0x0000, 0x0000, 0x0000, 0x0000, 0x0000, 0x0000, 0x0000, 0x0000, 0x0000,
    0x0000, 0x0000, 0x0000, 0x0000, 0x0000, 0x0000, 0x0000, 0x0000, 0x0000, 0x0000, 0x0000, 0x0000,
    0x0000, 0x0000, 0x0000, 0x0000, 0x0000, 0x0000, 0x0000, 0x0000, 0x0000, 0x0000, 0x0000, 0x0000,
    0x0000, 0x0000, 0x0000, 0x0000, 0x0000, 0x0000, 0x0000, 0x0000, 0x0000, 0x0000, 0x0000, 0x0000,
    0x0000, 0x0000, 0x0000, 0x0000, 0x0000, 0x0000, 0x0000, 0x0000, 0x0000, 0x0000, 0x0000, 0x0000,
    0x0000, 0x0000, 0x0000, 0x0000, 0x0000, 0x0000, 0x0000, 0x0000, 0x0000, 0x0000, 0x0000, 0x0000,
    0x0000, 0x0000, 0x0000, 0x0000, 0x0000, 0x0000, 0x0000, 0x0000, 0x0000, 0x0000, 0x0000, 0x0000,
    0x0000, 0x0000, 0x0000, 0x0000, 0x0000, 0x0000, 0x0000, 0x0000, 0x0000, 0x0000, 0x0000, 0x0000,
    0x0000, 0x0000, 0x0000, 0x0000, 0x0000, 0x0000, 0x0000, 0x0000, 0x0000, 0x0000, 0x0000, 0x0000,
    0x0000, 0x0000, 0x632c, 0x9cd3, 0xbdd7, 0xc638, 0xce59, 0xce59, 0xc638, 0xb596, 0x9492, 0x528a,
    0x0000, 0x0000, 0x0000, 0x0000, 0x0000, 0x0000, 0x0000, 0x0000, 0x0000, 0x0000, 0x0000, 0x0000,
    0x0000, 0x0000, 0x0000, 0x0000, 0x0000, 0x0000, 0x0000, 0x0000, 0x0000, 0x0000, 0x0000, 0x0000,
    0x0000, 0x0000, 0x0000, 0x0000, 0x0000, 0x0000, 0x5aeb, 0xb5b6, 0xef5d, 0xffff, 0xffff, 0xffff,
    0xffff, 0xffff, 0xffff, 0xffff, 0xffff, 0xffff, 0xffdf, 0xdefb, 0xa534, 0x4228, 0x0000, 0x0000,
    0x0000, 0x0000, 0x0000, 0x0000, 0x0000, 0x0000, 0x0000, 0x0000, 0x0000, 0x0000, 0x0000, 0x0000,
    0x0000, 0x0000, 0x0000, 0x0000, 0x0000, 0x0000, 0x0000, 0x0000, 0x0000, 0x0000, 0x0000, 0x52aa,
    0xbdd7, 0xffdf, 0xffff, 0xffff, 0xffde, 0xff17, 0xfe31, 0xfdcd, 0xfdcd, 0xfdcd, 0xfdcd, 0xfe72,
    0xff39, 0xffff, 0xffff, 0xffff, 0xef7d, 0xa514, 0x39e7, 0x0000, 0x0000, 0x0000, 0x0000, 0x0000,
    0x0000, 0x0000, 0x0000, 0x0000, 0x0000, 0x0000, 0x0000, 0x0000, 0x0000, 0x0000, 0x0000, 0x0000,
    0x0000, 0x0000, 0x0000, 0x0000, 0x0000, 0x8430, 0xe73c, 0xffff, 0xffff, 0xfef6, 0xfd49, 0xfc40,
    0xfc40, 0xfc40, 0xfc40, 0xfc40, 0xfc40, 0xfc40, 0xfc40, 0xfc40, 0xfc82, 0xfdac, 0xff5a, 0xffff,
    0xffff, 0xd69a, 0x630c, 0x0000, 0x0000, 0x0000, 0x0000, 0x0000, 0x0000, 0x0000, 0x0000, 0x0000,
    0x0000, 0x0000, 0x0000, 0x0000, 0x0000, 0x0000, 0x0000, 0x0000, 0x0000, 0x0000, 0x2945, 0x94b2,
    0xf79e, 0xffff, 0xff59, 0xfd28, 0xfc40, 0xfc40, 0xfc40, 0xfc40, 0xfc40, 0xfc40, 0xfc40, 0xfc40,
    0xfc40, 0xfc40, 0xfc40, 0xfc40, 0xfc40, 0xfc40, 0xfdcc, 0xff9c, 0xffff, 0xe71c, 0x73ae, 0x0000,
    0x0000, 0x0000, 0x0000, 0x0000, 0x0000, 0x0000, 0x0000, 0x0000, 0x0000, 0x0000, 0x0000, 0x0000,
    0x0000, 0x0000, 0x0000, 0x0000, 0x0000, 0x9492, 0xf79e, 0xffff, 0xfeb4, 0xfc82, 0xfc40, 0xfc40,
    0xfc40, 0xfc40, 0xfc40, 0xfc40, 0xfc40, 0xfc40, 0xfc40, 0xfc40, 0xfc40, 0xfc40, 0xfc40, 0xfc40,
    0xfc40, 0xfc40, 0xfce5, 0xff38, 0xffff, 0xe71c, 0x738e, 0x0000, 0x0000, 0x0000, 0x0000, 0x0000,
    0x0000, 0x0000, 0x0000, 0x0000, 0x0000, 0x0000, 0x0000, 0x0000, 0x0000, 0x0000, 0x0000, 0x7bef,
    0xef7d, 0xffff, 0xfe72, 0xfc61, 0xfc40, 0xfc40, 0xfc40, 0xfc40, 0xfc40, 0xfc40, 0xfc40, 0xfc40,
    0xfc40, 0xfc40, 0xfc40, 0xfc40, 0xfc40, 0xfc40, 0xfc40, 0xfc40, 0xfc40, 0xfc40, 0xfcc4, 0xff38,
    0xffff, 0xd69a, 0x52aa, 0x0000, 0x0000, 0x0000, 0x0000, 0x0000, 0x0000, 0x0000, 0x0000, 0x0000,
    0x0000, 0x0000, 0x0000, 0x0000, 0x0000, 0x52aa, 0xd6ba, 0xffff, 0xfeb5, 0xfc62, 0xfc40, 0xfc40,
    0xfc40, 0xfc40, 0xfc40, 0xfc40, 0xfc40, 0xfc40, 0xfc40, 0xfc40, 0xfc40, 0xfc40, 0xfc40, 0xfc40,
    0xfc40, 0xfc40, 0xfc40, 0xfc40, 0xfc40, 0xfc40, 0xfce5, 0xff7b, 0xffdf, 0xb596, 0x39c7, 0x0000,
    0x0000, 0x0000, 0x0000, 0x0000, 0x0000, 0x0000, 0x0000, 0x0000, 0x0000, 0x0000, 0x0000, 0x3186,
    0xad75, 0xffdf, 0xff5a, 0xfcc5, 0xfc40, 0xfc40, 0xfc40, 0xfc40, 0xfc40, 0xfc40, 0xfc40, 0xfc40,
    0xfc61, 0xfce5, 0xfd8b, 0xfd69, 0xfcc4, 0xfc40, 0xfc40, 0xfc40, 0xfc40, 0xfc40, 0xfc40, 0xfc40,
    0xfc40, 0xfc40, 0xfd8b, 0xffde, 0xef7d, 0x8410, 0x0000, 0x0000, 0x0000, 0x0000, 0x0000, 0x0000,
    0x0000, 0x0000, 0x0000, 0x0000, 0x0000, 0x0000, 0x6b6d, 0xe73c, 0xffde, 0xfdac, 0xfc40, 0xfc40,
    0xfc40, 0xfc40, 0xfc40, 0xfc40, 0xfc40, 0xfc82, 0xfe30, 0xffbd, 0xffff, 0xffff, 0xffff, 0xffff,
    0xff7b, 0xfdac, 0xfc40, 0xfc40, 0xfc40, 0xfc40, 0xfc40, 0xfc40, 0xfc40, 0xfc61, 0xfe93, 0xffff,
    0xce59, 0x4228, 0x0000, 0x0000, 0x0000, 0x0000, 0x0000, 0x0000, 0x0000, 0x0000, 0x0000, 0x0000,
    0x3186, 0xb596, 0xffdf, 0xff17, 0xfc82, 0xfc40, 0xfc40, 0xfc40, 0xfc40, 0xfc40, 0xfc40, 0xfce5,
    0xff38, 0xffff, 0xffff, 0xef7d, 0xd69a, 0xd6ba, 0xf79e, 0xffff, 0xffff, 0xfe72, 0xfc61, 0xfc40,
    0xfc40, 0xfc40, 0xfc40, 0xfc40, 0xfc40, 0xfd27, 0xff9c, 0xf79e, 0x8430, 0x0000, 0x0000, 0x0000,
    0x0000, 0x0000, 0x0000, 0x0000, 0x0000, 0x0000, 0x0000, 0x630c, 0xdefb, 0xffde, 0xfd8b, 0xfc40,
    0xfc40, 0xfc40, 0xfc40, 0xfc40, 0xfc40, 0xfca3, 0xff17, 0xffff, 0xe73c, 0x8c51, 0x2945, 0x0000,
    0x0000, 0x39e7, 0xad55, 0xf7be, 0xffff, 0xfe51, 0xfc40, 0xfc40, 0xfc40, 0xfc40, 0xfc40, 0xfc40,
    0xfc61, 0xfe93, 0xffff, 0xbdf7, 0x39c7, 0x0000, 0x0000, 0x0000, 0x0000, 0x0000, 0x0000, 0x0000,
    0x0000, 0x0000, 0x94b2, 0xf7be, 0xff39, 0xfca3, 0xfc40, 0xfc40, 0xfc40, 0xfc40, 0xfc40, 0xfc40,
    0xfe51, 0xffff, 0xe71c, 0x738e, 0x0000, 0x0000, 0x0000, 0x0000, 0x0000, 0x0000, 0x9492, 0xf79e,
    0xffde, 0xfd8b, 0xfc40, 0xfc40, 0xfc40, 0xfc40, 0xfc40, 0xfc40, 0xfd49, 0xffbd, 0xe73c, 0x6b4d,
    0x0000, 0x0000, 0x0000, 0x0000, 0x0000, 0x0000, 0x0000, 0x0000, 0x39e7, 0xc618, 0xffff, 0xfe30,
    0xfc40, 0xfc40, 0xfc40, 0xfc40, 0xfc40, 0xfc40, 0xfce6, 0xff9b, 0xf79e, 0x8c71, 0x0000, 0x0000,
    0x0000, 0x0000, 0x0000, 0x0000, 0x0000, 0x39c7, 0xb596, 0xffff, 0xff17, 0xfc82, 0xfc40, 0xfc40,
    0xfc40, 0xfc40, 0xfc40, 0xfca3, 0xff38, 0xf7be, 0x9492, 0x0000, 0x0000, 0x0000, 0x0000, 0x0000,
    0x0000, 0x0000, 0x0000, 0x5aeb, 0xdefb, 0xffde, 0xfd49, 0xfc40, 0xfc40, 0xfc40, 0xfc40, 0xfc40,
    0xfc40, 0xfe51, 0xffff, 0xce59, 0x4228, 0x0000, 0x0000, 0x0000, 0x0000, 0x0000, 0x0000, 0x0000,
    0x0000, 0x6b6d, 0xe73c, 0xffde, 0xfd6a, 0xfc40, 0xfc40, 0xfc40, 0xfc40, 0xfc40, 0xfc40, 0xfe51,
    0xffff, 0xbdf7, 0x39c7, 0x0000, 0x0000, 0x0000, 0x0000, 0x0000, 0x0000, 0x0000, 0x8410, 0xf79e,
    0xff7a, 0xfcc4, 0xfc40, 0xfc40, 0xfc40, 0xfc40, 0xfc40, 0xfca3, 0xff39, 0xf7be, 0x9492, 0x0000,
    0x0000, 0x0000, 0x0000, 0x0000, 0x0000, 0x0000, 0x0000, 0x0000, 0x3186, 0xb5b6, 0xffff, 0xfe72,
    0xfc40, 0xfc40, 0xfc40, 0xfc40, 0xfc40, 0xfc40, 0xfd8a, 0xffde, 0xd6ba, 0x528a, 0x0000, 0x0000,
    0x0000, 0x0000, 0x0000, 0x0000, 0x0000, 0xa514, 0xffdf, 0xfed5, 0xfc61, 0xfc40, 0xfc40, 0xfc40,
    0xfc40, 0xfc40, 0xfd49, 0xffde, 0xe71c, 0x630c, 0x0000, 0x0000, 0x0000, 0x0000, 0x0000, 0x0000,
    0x0000, 0x0000, 0x0000, 0x0000, 0x8c51, 0xf7be, 0xff39, 0xfca3, 0xfc40, 0xfc40, 0xfc40, 0xfc40,
    0xfc40, 0xfd06, 0xff9c, 0xef5d, 0x6b6d, 0x0000, 0x0000, 0x0000, 0x0000, 0x0000, 0x0000, 0x3186,
    0xb5b6, 0xffff, 0xfe51, 0xfc40, 0xfc40, 0xfc40, 0xfc40, 0xfc40, 0xfc40, 0xfe0f, 0xffff, 0xc618,
    0x39e7, 0x0000, 0x0000, 0x0000, 0x0000, 0x0000, 0x0000, 0x0000, 0x0000, 0x0000, 0x0000, 0x632c,
    0xe71c, 0xffbd, 0xfd28, 0xfc40, 0xfc40, 0xfc40, 0xfc40, 0xfc40, 0xfca3, 0xff39, 0xf79e, 0x8430,
    0x0000, 0x0000, 0x0000, 0x0000, 0x0000, 0x0000, 0x4208, 0xce59, 0xffff, 0xfdcd, 0xfc40, 0xfc40,
    0xfc40, 0xfc40, 0xfc40, 0xfc61, 0xfe93, 0xffdf, 0xa534, 0x2945, 0x0000, 0x0000, 0x0000, 0x0000,
    0x0000, 0x0000, 0x0000, 0x0000, 0x0000, 0x0000, 0x4228, 0xce79, 0xffde, 0xfdac, 0xfc40, 0xfc40,
    0xfc40, 0xfc40, 0xfc40, 0xfc61, 0xfed5, 0xffdf, 0x9cd3, 0x0000, 0x0000, 0x0000, 0x0000, 0x0000,
    0x0000, 0x528a, 0xd6ba, 0xffde, 0xfd6a, 0xfc40, 0xfc40, 0xfc40, 0xfc40, 0xfc40, 0xfc82, 0xff17,
    0xf7be, 0x9492, 0x0000, 0x0000, 0x0000, 0x0000, 0x0000, 0x0000, 0x0000, 0x0000, 0x0000, 0x0000,
    0x0000, 0x39c7, 0xbdf7, 0xffff, 0xfe30, 0xfc40, 0xfc40, 0xfc40, 0xfc40, 0xfc40, 0xfc40, 0xfe72,
    0xffdf, 0xad75, 0x2945, 0x0000, 0x0000, 0x0000, 0x0000, 0x0000, 0x5acb, 0xdefb, 0xffbd, 0xfd28,
    0xfc40, 0xfc40, 0xfc40, 0xfc40, 0xfc40, 0xfca4, 0xff5a, 0xef7d, 0x7bcf, 0x0000, 0x0000, 0x0000,
    0x0000, 0x0000, 0x0000, 0x0000, 0x0000, 0x0000, 0x0000, 0x0000, 0x2945, 0xad55, 0xffdf, 0xfe93,
    0xfc61, 0xfc40, 0xfc40, 0xfc40, 0xfc40, 0xfc40, 0xfe30, 0xffff, 0xb5b6, 0x3186, 0x0000, 0x0000,
    0x0000, 0x0000, 0x0000, 0x632c, 0xe73c, 0xff9c, 0xfd06, 0xfc40, 0xfc40, 0xfc40, 0xfc40, 0xfc40,
    0xfcc5, 0xff7b, 0xef5d, 0x738e, 0x0000, 0x0000, 0x0000, 0x0000, 0x0000, 0x0000, 0x0000, 0x0000,
    0x0000, 0x0000, 0x0000, 0x0000, 0x9cf3, 0xffdf, 0xfeb5, 0xfc61, 0xfc40, 0xfc40, 0xfc40, 0xfc40,
    0xfc40, 0xfdee, 0xffff, 0xc618, 0x39e7, 0x0000, 0x0000, 0x0000, 0x0000, 0x0000, 0x6b4d, 0xe73c,
    0xff9c, 0xfce6, 0xfc40, 0xfc40, 0xfc40, 0xfc40, 0xfc40, 0xfce6, 0xff9c, 0xe73c, 0x6b4d, 0x0000,
    0x0000, 0x0000, 0x0000, 0x0000, 0x0000, 0x0000, 0x0000, 0x0000, 0x0000, 0x0000, 0x0000, 0x94b2,
    0xf7be, 0xfef6, 0xfc61, 0xfc40, 0xfc40, 0xfc40, 0xfc40, 0xfc40, 0xfdcd, 0xffff, 0xce59, 0x39e7,
    0x0000, 0x0000, 0x0000, 0x0000, 0x0000, 0x6b4d, 0xe73c, 0xff9c, 0xfce6, 0xfc40, 0xfc40, 0xfc40,
    0xfc40, 0xfc40, 0xfd06, 0xff9c, 0xe71c, 0x630c, 0x0000, 0x0000, 0x0000, 0x0000, 0x0000, 0x0000,
    0x0000, 0x0000, 0x0000, 0x0000, 0x0000, 0x0000, 0x9492, 0xf7be, 0xfef7, 0xfc82, 0xfc40, 0xfc40,
    0xfc40, 0xfc40, 0xfc40, 0xfdcd, 0xffff, 0xce59, 0x39e7, 0x0000, 0x0000, 0x0000, 0x0000, 0x0000,
    0x6b4d, 0xe73c, 0xff9c, 0xfce6, 0xfc40, 0xfc40, 0xfc40, 0xfc40, 0xfc40, 0xfd07, 0xffbd, 0xe71c,
    0x5aeb, 0x0000, 0x0000, 0x0000, 0x0000, 0x0000, 0x0000, 0x0000, 0x0000, 0x0000, 0x0000, 0x0000,
    0x0000, 0x8c71, 0xf7be, 0xff17, 0xfc82, 0xfc40, 0xfc40, 0xfc40, 0xfc40, 0xfc40, 0xfdcd, 0xffff,
    0xce59, 0x39e7, 0x0000, 0x0000, 0x0000, 0x0000, 0x0000, 0x6b4d, 0xe73c, 0xff9c, 0xfce6, 0xfc40,
    0xfc40, 0xfc40, 0xfc40, 0xfc40, 0xfd07, 0xffbd, 0xe71c, 0x5aeb, 0x0000, 0x0000, 0x0000, 0x0000,
    0x0000, 0x0000, 0x0000, 0x0000, 0x0000, 0x0000, 0x0000, 0x0000, 0x8c71, 0xf7be, 0xff17, 0xfc82,
    0xfc40, 0xfc40, 0xfc40, 0xfc40, 0xfc40, 0xfdcd, 0xffff, 0xce59, 0x39e7, 0x0000, 0x0000, 0x0000,
    0x0000, 0x0000, 0x6b4d, 0xe73c, 0xff9c, 0xfce6, 0xfc40, 0xfc40, 0xfc40, 0xfc40, 0xfc40, 0xfd07,
    0xffbd, 0xe71c, 0x5aeb, 0x0000, 0x0000, 0x0000, 0x0000, 0x0000, 0x0000, 0x0000, 0x0000, 0x0000,
    0x0000, 0x0000, 0x0000, 0x8c71, 0xf7be, 0xff17, 0xfc82, 0xfc40, 0xfc40, 0xfc40, 0xfc40, 0xfc40,
    0xfdcd, 0xffff, 0xce59, 0x39e7, 0x0000, 0x0000, 0x0000, 0x0000, 0x0000, 0x6b4d, 0xe73c, 0xff9c,
    0xfce6, 0xfc40, 0xfc40, 0xfc40, 0xfc40, 0xfc40, 0xfd07, 0xffbd, 0xe71c, 0x5aeb, 0x0000, 0x0000,
    0x0000, 0x0000, 0x0000, 0x0000, 0x0000, 0x0000, 0x0000, 0x0000, 0x0000, 0x0000, 0x8c71, 0xf7be,
    0xff17, 0xfc82, 0xfc40, 0xfc40, 0xfc40, 0xfc40, 0xfc40, 0xfdcd, 0xffff, 0xce59, 0x39e7, 0x0000,
    0x0000, 0x0000, 0x0000, 0x0000, 0x6b4d, 0xe73c, 0xff9c, 0xfce6, 0xfc40, 0xfc40, 0xfc40, 0xfc40,
    0xfc40, 0xfce6, 0xff9c, 0xe73c, 0x6b4d, 0x0000, 0x0000, 0x0000, 0x0000, 0x0000, 0x0000, 0x0000,
    0x0000, 0x0000, 0x0000, 0x0000, 0x0000, 0x94b2, 0xf7be, 0xfef6, 0xfc61, 0xfc40, 0xfc40, 0xfc40,
    0xfc40, 0xfc40, 0xfdcd, 0xffff, 0xce59, 0x39e7, 0x0000, 0x0000, 0x0000, 0x0000, 0x0000, 0x6b4d,
    0xe73c, 0xff9c, 0xfce6, 0xfc40, 0xfc40, 0xfc40, 0xfc40, 0xfc40, 0xfce5, 0xff9b, 0xef5d, 0x6b6d,
    0x0000, 0x0000, 0x0000, 0x0000, 0x0000, 0x0000, 0x0000, 0x0000, 0x0000, 0x0000, 0x0000, 0x0000,
    0x9cd3, 0xffdf, 0xfed5, 0xfc61, 0xfc40, 0xfc40, 0xfc40, 0xfc40, 0xfc40, 0xfdcd, 0xffff, 0xc638,
    0x39e7, 0x0000, 0x0000, 0x0000, 0x0000, 0x0000, 0x5aeb, 0xdefb, 0xffbd, 0xfd27, 0xfc40, 0xfc40,
    0xfc40, 0xfc40, 0xfc40, 0xfcc4, 0xff7b, 0xef7d, 0x73ae, 0x0000, 0x0000, 0x0000, 0x0000, 0x0000,
    0x0000, 0x0000, 0x0000, 0x0000, 0x0000, 0x0000, 0x0000, 0xa514, 0xffdf, 0xfeb4, 0xfc61, 0xfc40,
    0xfc40, 0xfc40, 0xfc40, 0xfc40, 0xfe0f, 0xffff, 0xbdf7, 0x39c7, 0x0000, 0x0000, 0x0000, 0x0000,
    0x0000, 0x528a, 0xd6ba, 0xffde, 0xfd69, 0xfc40, 0xfc40, 0xfc40, 0xfc40, 0xfc40, 0xfca3, 0xff39,
    0xf79e, 0x8430, 0x0000, 0x0000, 0x0000, 0x0000, 0x0000, 0x0000, 0x0000, 0x0000, 0x0000, 0x0000,
    0x0000, 0x3186, 0xb596, 0xffff, 0xfe51, 0xfc40, 0xfc40, 0xfc40, 0xfc40, 0xfc40, 0xfc40, 0xfe51,
    0xffdf, 0xb596, 0x3186, 0x0000, 0x0000, 0x0000, 0x0000, 0x0000, 0x4228, 0xce79, 0xffde, 0xfdac,
    0xfc40, 0xfc40, 0xfc40, 0xfc40, 0xfc40, 0xfc61, 0xfed5, 0xffdf, 0x9cf3, 0x0000, 0x0000, 0x0000,
    0x0000, 0x0000, 0x0000, 0x0000, 0x0000, 0x0000, 0x0000, 0x0000, 0x4208, 0xc638, 0xffff, 0xfded,
    0xfc40, 0xfc40, 0xfc40, 0xfc40, 0xfc40, 0xfc61, 0xfeb4, 0xffdf, 0xa514, 0x0000, 0x0000, 0x0000,
    0x0000, 0x0000, 0x0000, 0x39c7, 0xbdf7, 0xffff, 0xfe30, 0xfc40, 0xfc40, 0xfc40, 0xfc40, 0xfc40,
    0xfc40, 0xfe51, 0xffff, 0xb5b6, 0x3186, 0x0000, 0x0000, 0x0000, 0x0000, 0x0000, 0x0000, 0x0000,
    0x0000, 0x0000, 0x0000, 0x52aa, 0xdedb, 0xffde, 0xfd6a, 0xfc40, 0xfc40, 0xfc40, 0xfc40, 0xfc40,
    0xfc82, 0xff17, 0xf7be, 0x8c71, 0x0000, 0x0000, 0x0000, 0x0000, 0x0000, 0x0000, 0x2945, 0xad55,
    0xffdf, 0xfe94, 0xfc61, 0xfc40, 0xfc40, 0xfc40, 0xfc40, 0xfc40, 0xfdac, 0xffde, 0xd6ba, 0x528a,
    0x0000, 0x0000, 0x0000, 0x0000, 0x0000, 0x0000, 0x0000, 0x0000, 0x0000, 0x0000, 0x7bcf, 0xef7d,
    0xff9b, 0xfce5, 0xfc40, 0xfc40, 0xfc40, 0xfc40, 0xfc40, 0xfcc4, 0xff7b, 0xef7d, 0x7bcf, 0x0000,
    0x0000, 0x0000, 0x0000, 0x0000, 0x0000, 0x0000, 0x8c51, 0xf7be, 0xff39, 0xfca3, 0xfc40, 0xfc40,
    0xfc40, 0xfc40, 0xfc40, 0xfce5, 0xff9b, 0xef7d, 0x7bcf, 0x0000, 0x0000, 0x0000, 0x0000, 0x0000,
    0x0000, 0x0000, 0x0000, 0x0000, 0x2945, 0xa534, 0xffdf, 0xfed5, 0xfc61, 0xfc40, 0xfc40, 0xfc40,
    0xfc40, 0xfc40, 0xfd49, 0xffde, 0xdefb, 0x5aeb, 0x0000, 0x0000, 0x0000, 0x0000, 0x0000, 0x0000,
    0x0000, 0x6b6d, 0xef5d, 0xff9c, 0xfd07, 0xfc40, 0xfc40, 0xfc40, 0xfc40, 0xfc40, 0xfc62, 0xfef6,
    0xffdf, 0xb596, 0x3186, 0x0000, 0x0000, 0x0000, 0x0000, 0x0000, 0x0000, 0x0000, 0x0000, 0x52aa,
    0xd6ba, 0xffff, 0xfdee, 0xfc40, 0xfc40, 0xfc40, 0xfc40, 0xfc40, 0xfc40, 0xfdee, 0xffff, 0xc638,
    0x4208, 0x0000, 0x0000, 0x0000, 0x0000, 0x0000, 0x0000, 0x0000, 0x4228, 0xce79, 0xffff, 0xfded,
    0xfc40, 0xfc40, 0xfc40, 0xfc40, 0xfc40, 0xfc40, 0xfd8b, 0xffde, 0xe73c, 0x6b6d, 0x0000, 0x0000,
    0x0000, 0x0000, 0x0000, 0x0000, 0x0000, 0x0000, 0x94b2, 0xf7be, 0xff7a, 0xfcc5, 0xfc40, 0xfc40,
    0xfc40, 0xfc40, 0xfc40, 0xfc61, 0xfed5, 0xffdf, 0xa534, 0x2945, 0x0000, 0x0000, 0x0000, 0x0000,
    0x0000, 0x0000, 0x0000, 0x2945, 0xa534, 0xffdf, 0xfef6, 0xfc61, 0xfc40, 0xfc40, 0xfc40, 0xfc40,
    0xfc40, 0xfc82, 0xff17, 0xffff, 0xc638, 0x4228, 0x0000, 0x0000, 0x0000, 0x0000, 0x0000, 0x0000,
    0x6b6d, 0xe71c, 0xffff, 0xfe30, 0xfc40, 0xfc40, 0xfc40, 0xfc40, 0xfc40, 0xfc40, 0xfd06, 0xff9c,
    0xef7d, 0x7bcf, 0x0000, 0x0000, 0x0000, 0x0000, 0x0000, 0x0000, 0x0000, 0x0000, 0x0000, 0x738e,
    0xef5d, 0xffbd, 0xfd28, 0xfc40, 0xfc40, 0xfc40, 0xfc40, 0xfc40, 0xfc40, 0xfd28, 0xff9c, 0xffdf,
    0xbdf7, 0x4a69, 0x0000, 0x0000, 0x0000, 0x0000, 0x738e, 0xdedb, 0xffff, 0xff17, 0xfca3, 0xfc40,
    0xfc40, 0xfc40, 0xfc40, 0xfc40, 0xfc40, 0xfe0f, 0xffff, 0xce79, 0x4a49, 0x0000, 0x0000, 0x0000,
    0x0000, 0x0000, 0x0000, 0x0000, 0x0000, 0x0000, 0x4228, 0xc638, 0xffff, 0xfe93, 0xfc61, 0xfc40,
    0xfc40, 0xfc40, 0xfc40, 0xfc40, 0xfc40, 0xfdac, 0xffbd, 0xffff, 0xef5d, 0xbdd7, 0x9cd3, 0x9cf3,
    0xc638, 0xf7be, 0xffff, 0xff5a, 0xfce5, 0xfc40, 0xfc40, 0xfc40, 0xfc40, 0xfc40, 0xfc40, 0xfcc4,
    0xff5a, 0xffdf, 0x9cf3, 0x0000, 0x0000, 0x0000, 0x0000, 0x0000, 0x0000, 0x0000, 0x0000, 0x0000,
    0x0000, 0x0000, 0x8c51, 0xf79e, 0xff9c, 0xfd27, 0xfc40, 0xfc40, 0xfc40, 0xfc40, 0xfc40, 0xfc40,
    0xfc40, 0xfd48, 0xff7b, 0xffff, 0xffff, 0xffff, 0xffff, 0xffff, 0xffff, 0xfed6, 0xfca3, 0xfc40,
    0xfc40, 0xfc40, 0xfc40, 0xfc40, 0xfc40, 0xfc40, 0xfe0f, 0xffff, 0xdedb, 0x5aeb, 0x0000, 0x0000,
    0x0000, 0x0000, 0x0000, 0x0000, 0x0000, 0x0000, 0x0000, 0x0000, 0x0000, 0x4228, 0xc638, 0xffff,
    0xfed5, 0xfc82, 0xfc40, 0xfc40, 0xfc40, 0xfc40, 0xfc40, 0xfc40, 0xfc40, 0xfc40, 0xfd48, 0xfe51,
    0xfed5, 0xfed5, 0xfe0f, 0xfce6, 0xfc40, 0xfc40, 0xfc40, 0xfc40, 0xfc40, 0xfc40, 0xfc40, 0xfc40,
    0xfd06, 0xff7b, 0xffdf, 0x9cf3, 0x2945, 0x0000, 0x0000, 0x0000, 0x0000, 0x0000, 0x0000, 0x0000,
    0x0000, 0x0000, 0x0000, 0x0000, 0x0000, 0x7bcf, 0xef5d, 0xffde, 0xfdee, 0xfc40, 0xfc40, 0xfc40,
    0xfc40, 0xfc40, 0xfc40, 0xfc40, 0xfc40, 0xfc40, 0xfc40, 0xfc40, 0xfc40, 0xfc40, 0xfc40, 0xfc40,
    0xfc40, 0xfc40, 0xfc40, 0xfc40, 0xfc40, 0xfc40, 0xfc82, 0xfed6, 0xffff, 0xce79, 0x528a, 0x0000,
    0x0000, 0x0000, 0x0000, 0x0000, 0x0000, 0x0000, 0x0000, 0x0000, 0x0000, 0x0000, 0x0000, 0x0000,
    0x2945, 0xa534, 0xf7be, 0xffbd, 0xfd6a, 0xfc40, 0xfc40, 0xfc40, 0xfc40, 0xfc40, 0xfc40, 0xfc40,
    0xfc40, 0xfc40, 0xfc40, 0xfc40, 0xfc40, 0xfc40, 0xfc40, 0xfc40, 0xfc40, 0xfc40, 0xfc40, 0xfc40,
    0xfc61, 0xfe51, 0xffff, 0xef5d, 0x7bcf, 0x0000, 0x0000, 0x0000, 0x0000, 0x0000, 0x0000, 0x0000,
    0x0000, 0x0000, 0x0000, 0x0000, 0x0000, 0x0000, 0x0000, 0x0000, 0x4208, 0xbdd7, 0xffff, 0xffbd,
    0xfd8a, 0xfc40, 0xfc40, 0xfc40, 0xfc40, 0xfc40, 0xfc40, 0xfc40, 0xfc40, 0xfc40, 0xfc40, 0xfc40,
    0xfc40, 0xfc40, 0xfc40, 0xfc40, 0xfc40, 0xfc40, 0xfc61, 0xfe51, 0xffff, 0xf7be, 0x94b2, 0x0000,
    0x0000, 0x0000, 0x0000, 0x0000, 0x0000, 0x0000, 0x0000, 0x0000, 0x0000, 0x0000, 0x0000, 0x0000,
    0x0000, 0x0000, 0x0000, 0x0000, 0x4a49, 0xc618, 0xffff, 0xffde, 0xfe30, 0xfc61, 0xfc40, 0xfc40,
    0xfc40, 0xfc40, 0xfc40, 0xfc40, 0xfc40, 0xfc40, 0xfc40, 0xfc40, 0xfc40, 0xfc40, 0xfc40, 0xfc40,
    0xfcc4, 0xfef6, 0xffff, 0xf7be, 0x9cf3, 0x2945, 0x0000, 0x0000, 0x0000, 0x0000, 0x0000, 0x0000,
    0x0000, 0x0000, 0x0000, 0x0000, 0x0000, 0x0000, 0x0000, 0x0000, 0x0000, 0x0000, 0x0000, 0x0000,
    0x4228, 0xbdd7, 0xffdf, 0xffff, 0xff7a, 0xfd8b, 0xfc61, 0xfc40, 0xfc40, 0xfc40, 0xfc40, 0xfc40,
    0xfc40, 0xfc40, 0xfc40, 0xfc40, 0xfc40, 0xfca3, 0xfe30, 0xffbd, 0xffff, 0xef7d, 0x94b2, 0x2945,
    0x0000, 0x0000, 0x0000, 0x0000, 0x0000, 0x0000, 0x0000, 0x0000, 0x0000, 0x0000, 0x0000, 0x0000,
    0x0000, 0x0000, 0x0000, 0x0000, 0x0000, 0x0000, 0x0000, 0x0000, 0x2945, 0x9492, 0xef5d, 0xffff,
    0xffff, 0xffbd, 0xfe93, 0xfdab, 0xfce6, 0xfcc5, 0xfc61, 0xfc82, 0xfcc5, 0xfd27, 0xfdee, 0xfef7,
    0xffff, 0xffff, 0xffff, 0xd69a, 0x738e, 0x0000, 0x0000, 0x0000, 0x0000, 0x0000, 0x0000, 0x0000,
    0x0000, 0x0000, 0x0000, 0x0000, 0x0000, 0x0000, 0x0000, 0x0000, 0x0000, 0x0000, 0x0000, 0x0000,
    0x0000, 0x0000, 0x0000, 0x0000, 0x0000, 0x4a49, 0xa534, 0xe73c, 0xffff, 0xffff, 0xffff, 0xffff,
    0xffff, 0xffff, 0xffff, 0xffff, 0xffff, 0xffff, 0xffff, 0xffff, 0xdedb, 0x8c71, 0x3186, 0x0000,
    0x0000, 0x0000, 0x0000, 0x0000, 0x0000, 0x0000, 0x0000, 0x0000, 0x0000, 0x0000, 0x0000, 0x0000,
    0x0000, 0x0000, 0x0000, 0x0000, 0x0000, 0x0000, 0x0000, 0x0000, 0x0000, 0x0000, 0x0000, 0x0000,
    0x0000, 0x0000, 0x0000, 0x738e, 0xb596, 0xd69a, 0xef5d, 0xef5d, 0xffdf, 0xf7be, 0xef5d, 0xe73c,
    0xce59, 0xa534, 0x5aeb, 0x0000, 0x0000, 0x0000, 0x0000, 0x0000, 0x0000, 0x0000, 0x0000, 0x0000,
    0x0000, 0x0000, 0x0000, 0x0000, 0x0000, 0x0000, 0x0000, 0x0000, 0x0000, 0x0000, 0x0000, 0x0000,
    0x0000, 0x0000, 0x0000, 0x0000, 0x0000, 0x0000, 0x0000, 0x0000, 0x0000, 0x0000, 0x0000, 0x0000,
    0x0000, 0x0000, 0x0000, 0x0000, 0x0000, 0x0000, 0x0000, 0x0000, 0x0000, 0x0000, 0x0000, 0x0000,
    0x0000, 0x0000, 0x0000, 0x0000, 0x0000, 0x0000, 0x0000, 0x0000, 0x0000, 0x0000, 0x0000, 0x0000,
    0x0000, 0x0000, 0x0000, 0x0000, 0x0000, 0x0000, 0x0000, 0x0000, 0x0000, 0x0000, 0x0000, 0x0000,
    0x0000, 0x0000, 0x0000, 0x0000, 0x0000, 0x0000, 0x0000, 0x0000, 0x0000, 0x0000, 0x0000, 0x0000,
    0x0000, 0x0000, 0x0000, 0x0000, 0x0000, 0x0000, 0x0000, 0x0000, 0x0000, 0x0000, 0x0000, 0x0000,
    0x0000, 0x0000, 0x0000, 0x0000, 0x0000, 0x0000, 0x0000, 0x0000, 0x0000, 0x0000, 0x0000, 0x0000,
    0x0000, 0x0000, 0x0000, 0x0000, 0x0000, 0x0000, 0x0000, 0x0000, 0x0000, 0x0000, 0x0000, 0x0000,
    0x0000, 0x0000, 0x0000, 0x0000, 0x0000, 0x0000, 0x0000, 0x0000, 0x0000, 0x0000, 0x0000, 0x0000,
    0x0000, 0x0000, 0x0000, 0x0000, 0x0000, 0x0000, 0x0000, 0x0000, 0x0000, 0x0000, 0x0000, 0x0000,
    0x0000, 0x0000, 0x0000, 0x0000, 0x0000, 0x0000, 0x0000, 0x0000, 0x0000, 0x0000, 0x0000, 0x0000,
    0x0000, 0x0000, 0x0000, 0x0000, 0x0000, 0x0000, 0x0000, 0x0000, 0x0000, 0x0000, 0x0000, 0x0000,
    0x0000, 0x0000, 0x0000, 0x0000, 0x0000, 0x0000, 0x0000, 0x0000, 0x0000, 0x0000, 0x0000, 0x0000,
    0x0000, 0x0000, 0x0000, 0x0000, 0x0000, 0x0000, 0x0000, 0x0000, 0x0000, 0x0000, 0x0000, 0x0000,
    0x0000, 0x0000, 0x0000, 0x0000, 0x0000, 0x0000, 0x0000, 0x0000, 0x0000, 0x0000, 0x0000, 0x0000,
    0x0000, 0x0000, 0x0000, 0x0000, 0x0000, 0x0000, 0x0000, 0x0000, 0x0000, 0x0000, 0x0000, 0x0000,
    0x0000, 0x0000, 0x0000, 0x0000, 0x0000, 0x0000, 0x0000, 0x0000, 0x0000, 0x0000, 0x0000, 0x0000,
    0x0000, 0x0000, 0x0000, 0x0000, 0x0000, 0x0000, 0x0000, 0x0000, 0x0000, 0x0000, 0x0000, 0x0000,
    0x0000, 0x0000, 0x0000, 0x0000, 0x0000, 0x0000, 0x0000, 0x0000, 0x0000, 0x0000, 0x0000, 0x0000,
    0x0000, 0x0000, 0x0000, 0x0000, 0x0000, 0x0000, 0x0000, 0x0000, 0x0000, 0x0000, 0x0000, 0x0000,
    0x0000, 0x0000, 0x0000, 0x0000, 0x0000, 0x0000, 0x0000, 0x0000, 0x0000, 0x0000, 0x0000, 0x0000,
    0x0000, 0x0000, 0x0000, 0x0000, 0x0000, 0x0000, 0x0000, 0x0000, 0x0000, 0x0000, 0x0000, 0x0000,
    0x0000, 0x0000, 0x0000, 0x0000, 0x0000, 0x0000, 0x0000, 0x0000, 0x0000, 0x0000, 0x0000, 0x0000,
    0x0000, 0x0000, 0x0000, 0x0000, 0x0000, 0x0000, 0x0000, 0x0000, 0x0000, 0x0000, 0x0000, 0x0000,
    0x0000, 0x0000, 0x0000, 0x0000, 0x0000, 0x0000, 0x0000, 0x0000, 0x0000, 0x0000, 0x0000, 0x0000,
    0x0000, 0x0000, 0x0000, 0x0000, 0x0000, 0x0000, 0x0000, 0x0000, 0x0000, 0x0000, 0x0000, 0x0000,
    0x0000, 0x0000, 0x0000, 0x0000, 0x0000, 0x0000, 0x0000, 0x0000, 0x0000, 0x0000, 0x0000, 0x0000,
    0x0000, 0x0000, 0x0000, 0x0000, 0x0000, 0x0000, 0x0000, 0x0000, 0x0000, 0x0000, 0x0000, 0x0000,
    0x0000, 0x0000, 0x0000, 0x0000, 0x0000, 0x0000, 0x0000, 0x0000, 0x0000, 0x0000, 0x0000, 0x0000,
    0x0000, 0x0000, 0x0000, 0x0000, 0x0000, 0x0000, 0x0000, 0x0000, 0x0000, 0x0000, 0x0000, 0x0000,
    0x0000, 0x0000, 0x0000, 0x0000, 0x0000, 0x0000, 0x0000, 0x0000, 0x0000, 0x0000, 0x0000, 0x0000,
    0x0000, 0x0000, 0x0000, 0x0000, 0x0000, 0x0000, 0x0000, 0x0000, 0x0000, 0x0000, 0x0000, 0x0000,
    0x0000, 0x0000, 0x0000, 0x0000, 0x0000, 0x0000, 0x0000, 0x0000, 0x0000, 0x0000, 0x0000, 0x0000,
    0x0000, 0x0000, 0x0000, 0x0000, 0x0000, 0x0000, 0x0000, 0x0000, 0x0000, 0x0000, 0x0000, 0x0000,
    0x0000, 0x0000, 0x0000, 0x0000, 0x0000, 0x0000, 0x0000, 0x0000, 0x0000, 0x0000, 0x0000, 0x0000,
    0x0000, 0x0000, 0x0000, 0x0000, 0x0000, 0x0000, 0x0000, 0x0000, 0x0000, 0x0000, 0x0000, 0x0000,
    0x0000, 0x0000, 0x0000, 0x0000, 0x0000, 0x0000, 0x0000, 0x0000, 0x0000, 0x0000, 0x0000, 0x0000,
    0x0000, 0x0000, 0x0000, 0x0000, 0x0000, 0x0000, 0x0000, 0x0000, 0x0000, 0x0000, 0x0000, 0x0000,
    0x0000, 0x0000, 0x0000, 0x0000, 0x0000, 0x0000, 0x0000, 0x0000, 0x0000, 0x0000, 0x0000};

static const uint16_t image_data_sfc_43x65_f65_1[2795] = {
    0x0000, 0x0000, 0x0000, 0x0000, 0x0000, 0x0000, 0x0000, 0x0000, 0x0000, 0x0000, 0x0000, 0x0000,
    0x0000, 0x0000, 0x0000, 0x0000, 0x0000, 0x0000, 0x0000, 0x0000, 0x0000, 0x0000, 0x0000, 0x0000,
    0x0000, 0x0000, 0x0000, 0x0000, 0x0000, 0x0000, 0x0000, 0x0000, 0x0000, 0x0000, 0x0000, 0x0000,
    0x0000, 0x0000, 0x0000, 0x0000, 0x0000, 0x0000, 0x0000, 0x0000, 0x0000, 0x0000, 0x0000, 0x0000,
    0x0000, 0x0000, 0x0000, 0x0000, 0x0000, 0x0000, 0x0000, 0x0000, 0x0000, 0x0000, 0x0000, 0x0000,
    0x0000, 0x0000, 0x0000, 0x0000, 0x0000, 0x0000, 0x0000, 0x0000, 0x0000, 0x0000, 0x0000, 0x0000,
    0x0000, 0x0000, 0x0000, 0x0000, 0x0000, 0x0000, 0x0000, 0x0000, 0x0000, 0x0000, 0x0000, 0x0000,
    0x0000, 0x0000, 0x0000, 0x0000, 0x0000, 0x0000, 0x0000, 0x0000, 0x0000, 0x0000, 0x0000, 0x0000,
    0x0000, 0x0000, 0x0000, 0x0000, 0x0000, 0x0000, 0x0000, 0x0000, 0x0000, 0x0000, 0x0000, 0x0000,
    0x0000, 0x0000, 0x0000, 0x0000, 0x0000, 0x0000, 0x0000, 0x0000, 0x0000, 0x0000, 0x0000, 0x0000,
    0x0000, 0x0000, 0x0000, 0x0000, 0x0000, 0x0000, 0x0000, 0x0000, 0x0000, 0x0000, 0x0000, 0x0000,
    0x0000, 0x0000, 0x0000, 0x0000, 0x0000, 0x0000, 0x0000, 0x0000, 0x0000, 0x0000, 0x0000, 0x0000,
    0x0000, 0x0000, 0x0000, 0x0000, 0x0000, 0x0000, 0x0000, 0x0000, 0x0000, 0x0000, 0x0000, 0x0000,
    0x0000, 0x0000, 0x0000, 0x0000, 0x0000, 0x0000, 0x0000, 0x0000, 0x0000, 0x0000, 0x0000, 0x0000,
    0x0000, 0x0000, 0x0000, 0x0000, 0x0000, 0x0000, 0x0000, 0x0000, 0x0000, 0x0000, 0x0000, 0x0000,
    0x0000, 0x0000, 0x0000, 0x0000, 0x0000, 0x0000, 0x0000, 0x0000, 0x0000, 0x0000, 0x0000, 0x0000,
    0x5aeb, 0xb596, 0xc638, 0xce59, 0xce59, 0xce59, 0xce59, 0xce59, 0xce59, 0xb5b6, 0x5acb, 0x0000,
    0x0000, 0x0000, 0x0000, 0x0000, 0x0000, 0x0000, 0x0000, 0x0000, 0x0000, 0x0000, 0x0000, 0x0000,
    0x0000, 0x0000, 0x0000, 0x0000, 0x0000, 0x0000, 0x0000, 0x0000, 0x0000, 0x0000, 0x0000, 0x0000,
    0x0000, 0x0000, 0x0000, 0x0000, 0x0000, 0x4a69, 0xb596, 0xf7be, 0xffff, 0xffff, 0xffff, 0xffff,
    0xffff, 0xffff, 0xffff, 0xffff, 0xef5d, 0x738e, 0x0000, 0x0000, 0x0000, 0x0000, 0x0000, 0x0000,
    0x0000, 0x0000, 0x0000, 0x0000, 0x0000, 0x0000, 0x0000, 0x0000, 0x0000, 0x0000, 0x0000, 0x0000,
    0x0000, 0x0000, 0x0000, 0x0000, 0x0000, 0x0000, 0x0000, 0x0000, 0x0000, 0x0000, 0x39c7, 0x9cf3,
    0xef5d, 0xffff, 0xffff, 0xff17, 0xfdee, 0xfdcd, 0xfdcd, 0xfdcd, 0xfdcd, 0xfe31, 0xffbd, 0xef5d,
    0x738e, 0x0000, 0x0000, 0x0000, 0x0000, 0x0000, 0x0000, 0x0000, 0x0000, 0x0000, 0x0000, 0x0000,
    0x0000, 0x0000, 0x0000, 0x0000, 0x0000, 0x0000, 0x0000, 0x0000, 0x0000, 0x0000, 0x0000, 0x0000,
    0x0000, 0x0000, 0x0000, 0x0000, 0x7bef, 0xdedb, 0xffff, 0xffff, 0xff39, 0xfd49, 0xfc40, 0xfc40,
    0xfc40, 0xfc40, 0xfc40, 0xfc40, 0xfcc5, 0xff7b, 0xef5d, 0x738e, 0x0000, 0x0000, 0x0000, 0x0000,
    0x0000, 0x0000, 0x0000, 0x0000, 0x0000, 0x0000, 0x0000, 0x0000, 0x0000, 0x0000, 0x0000, 0x0000,
    0x0000, 0x0000, 0x0000, 0x0000, 0x0000, 0x0000, 0x0000, 0x0000, 0x0000, 0x528a, 0xbdf7, 0xffdf,
    0xffff, 0xffbc, 0xfdcd, 0xfc40, 0xfc40, 0xfc40, 0xfc40, 0xfc40, 0xfc40, 0xfc40, 0xfc40, 0xfcc5,
    0xff7b, 0xef5d, 0x738e, 0x0000, 0x0000, 0x0000, 0x0000, 0x0000, 0x0000, 0x0000, 0x0000, 0x0000,
    0x0000, 0x0000, 0x0000, 0x0000, 0x0000, 0x0000, 0x0000, 0x0000, 0x0000, 0x0000, 0x0000, 0x0000,
    0x0000, 0x0000, 0x2945, 0x8c71, 0xef5d, 0xffff, 0xffde, 0xfe72, 0xfc83, 0xfc40, 0xfc40, 0xfc40,
    0xfc40, 0xfc40, 0xfc40, 0xfc40, 0xfc40, 0xfc40, 0xfcc5, 0xff7b, 0xef5d, 0x738e, 0x0000, 0x0000,
    0x0000, 0x0000, 0x0000, 0x0000, 0x0000, 0x0000, 0x0000, 0x0000, 0x0000, 0x0000, 0x0000, 0x0000,
    0x0000, 0x0000, 0x0000, 0x0000, 0x0000, 0x0000, 0x0000, 0x0000, 0x528a, 0xbdf7, 0xffdf, 0xffff,
    0xff59, 0xfd27, 0xfc40, 0xfc40, 0xfc40, 0xfc40, 0xfc40, 0xfc40, 0xfc40, 0xfc40, 0xfc40, 0xfc40,
    0xfc40, 0xfcc5, 0xff7b, 0xef5d, 0x738e, 0x0000, 0x0000, 0x0000, 0x0000, 0x0000, 0x0000, 0x0000,
    0x0000, 0x0000, 0x0000, 0x0000, 0x0000, 0x0000, 0x0000, 0x0000, 0x0000, 0x0000, 0x0000, 0x0000,
    0x0000, 0x0000, 0x8410, 0xe71c, 0xffff, 0xffde, 0xfe30, 0xfc61, 0xfc40, 0xfc40, 0xfc40, 0xfc40,
    0xfc40, 0xfc40, 0xfc40, 0xfc40, 0xfc40, 0xfc40, 0xfc40, 0xfc40, 0xfcc5, 0xff7b, 0xef5d, 0x738e,
    0x0000, 0x0000, 0x0000, 0x0000, 0x0000, 0x0000, 0x0000, 0x0000, 0x0000, 0x0000, 0x0000, 0x0000,
    0x0000, 0x0000, 0x0000, 0x0000, 0x0000, 0x0000, 0x0000, 0x0000, 0x73ae, 0xef7d, 0xffff, 0xff5a,
    0xfd27, 0xfc40, 0xfc40, 0xfc40, 0xfc40, 0xfc40, 0xfc40, 0xfc40, 0xfc40, 0xfc40, 0xfc40, 0xfc40,
    0xfc40, 0xfc40, 0xfc40, 0xfcc5, 0xff7b, 0xef5d, 0x738e, 0x0000, 0x0000, 0x0000, 0x0000, 0x0000,
    0x0000, 0x0000, 0x0000, 0x0000, 0x0000, 0x0000, 0x0000, 0x0000, 0x0000, 0x0000, 0x0000, 0x0000,
    0x0000, 0x0000, 0x0000, 0x7bcf, 0xef7d, 0xff7b, 0xfcc5, 0xfc40, 0xfc40, 0xfc40, 0xfc40, 0xfc40,
    0xfc40, 0xfc40, 0xfc40, 0xfc40, 0xfc40, 0xfc40, 0xfc40, 0xfc40, 0xfc40, 0xfc40, 0xfcc5, 0xff7b,
    0xef5d, 0x738e, 0x0000, 0x0000, 0x0000, 0x0000, 0x0000, 0x0000, 0x0000, 0x0000, 0x0000, 0x0000,
    0x0000, 0x0000, 0x0000, 0x0000, 0x0000, 0x0000, 0x0000, 0x0000, 0x0000, 0x0000, 0x7bcf, 0xef7d,
    0xff5a, 0xfca4, 0xfc40, 0xfc40, 0xfc40, 0xfc40, 0xfc40, 0xfc40, 0xfc40, 0xfc40, 0xfd69, 0xfcc4,
    0xfc40, 0xfc40, 0xfc40, 0xfc40, 0xfc40, 0xfcc5, 0xff7b, 0xef5d, 0x738e, 0x0000, 0x0000, 0x0000,
    0x0000, 0x0000, 0x0000, 0x0000, 0x0000, 0x0000, 0x0000, 0x0000, 0x0000, 0x0000, 0x0000, 0x0000,
    0x0000, 0x0000, 0x0000, 0x0000, 0x0000, 0x7bcf, 0xef7d, 0xff5a, 0xfca4, 0xfc40, 0xfc40, 0xfc40,
    0xfc40, 0xfc40, 0xfc40, 0xfd06, 0xff18, 0xffbd, 0xfd07, 0xfc40, 0xfc40, 0xfc40, 0xfc40, 0xfc40,
    0xfcc5, 0xff7b, 0xef5d, 0x738e, 0x0000, 0x0000, 0x0000, 0x0000, 0x0000, 0x0000, 0x0000, 0x0000,
    0x0000, 0x0000, 0x0000, 0x0000, 0x0000, 0x0000, 0x0000, 0x0000, 0x0000, 0x0000, 0x0000, 0x0000,
    0x7bcf, 0xef7d, 0xff5a, 0xfca4, 0xfc40, 0xfc40, 0xfc40, 0xfc40, 0xfc82, 0xfe51, 0xffde, 0xffff,
    0xffbd, 0xfd07, 0xfc40, 0xfc40, 0xfc40, 0xfc40, 0xfc40, 0xfcc5, 0xff7b, 0xef5d, 0x738e, 0x0000,
    0x0000, 0x0000, 0x0000, 0x0000, 0x0000, 0x0000, 0x0000, 0x0000, 0x0000, 0x0000, 0x0000, 0x0000,
    0x0000, 0x0000, 0x0000, 0x0000, 0x0000, 0x0000, 0x0000, 0x7bcf, 0xef7d, 0xff5a, 0xfca4, 0xfc40,
    0xfc40, 0xfc40, 0xfd49, 0xff7b, 0xffff, 0xffff, 0xffff, 0xffbd, 0xfd07, 0xfc40, 0xfc40, 0xfc40,
    0xfc40, 0xfc40, 0xfcc5, 0xff7b, 0xef5d, 0x738e, 0x0000, 0x0000, 0x0000, 0x0000, 0x0000, 0x0000,
    0x0000, 0x0000, 0x0000, 0x0000, 0x0000, 0x0000, 0x0000, 0x0000, 0x0000, 0x0000, 0x0000, 0x0000,
    0x0000, 0x0000, 0x738e, 0xef5d, 0xff5a, 0xfca4, 0xfc40, 0xfc82, 0xfe72, 0xffff, 0xffff, 0xe71c,
    0x94b2, 0xe71c, 0xffbd, 0xfd07, 0xfc40, 0xfc40, 0xfc40, 0xfc40, 0xfc40, 0xfcc5, 0xff7b, 0xef5d,
    0x738e, 0x0000, 0x0000, 0x0000, 0x0000, 0x0000, 0x0000, 0x0000, 0x0000, 0x0000, 0x0000, 0x0000,
    0x0000, 0x0000, 0x0000, 0x0000, 0x0000, 0x0000, 0x0000, 0x0000, 0x0000, 0x0000, 0x6b4d, 0xd5d4,
    0xfcc4, 0xfd69, 0xff7b, 0xffff, 0xf7be, 0xb596, 0x4228, 0x5aeb, 0xe71c, 0xffbd, 0xfd07, 0xfc40,
    0xfc40, 0xfc40, 0xfc40, 0xfc40, 0xfcc5, 0xff7b, 0xef5d, 0x738e, 0x0000, 0x0000, 0x0000, 0x0000,
    0x0000, 0x0000, 0x0000, 0x0000, 0x0000, 0x0000, 0x0000, 0x0000, 0x0000, 0x0000, 0x0000, 0x0000,
    0x0000, 0x0000, 0x0000, 0x0000, 0x0000, 0x0000, 0x3123, 0x93cb, 0xd679, 0xffdf, 0xdefb, 0x7bcf,
    0x0000, 0x0000, 0x5aeb, 0xe71c, 0xffbd, 0xfd07, 0xfc40, 0xfc40, 0xfc40, 0xfc40, 0xfc40, 0xfcc5,
    0xff7b, 0xef5d, 0x738e, 0x0000, 0x0000, 0x0000, 0x0000, 0x0000, 0x0000, 0x0000, 0x0000, 0x0000,
    0x0000, 0x0000, 0x0000, 0x0000, 0x0000, 0x0000, 0x0000, 0x0000, 0x0000, 0x0000, 0x0000, 0x0000,
    0x0000, 0x0000, 0x0000, 0x0000, 0x528a, 0x39c7, 0x0000, 0x0000, 0x0000, 0x5aeb, 0xe71c, 0xffbd,
    0xfd07, 0xfc40, 0xfc40, 0xfc40, 0xfc40, 0xfc40, 0xfcc5, 0xff7b, 0xef5d, 0x738e, 0x0000, 0x0000,
    0x0000, 0x0000, 0x0000, 0x0000, 0x0000, 0x0000, 0x0000, 0x0000, 0x0000, 0x0000, 0x0000, 0x0000,
    0x0000, 0x0000, 0x0000, 0x0000, 0x0000, 0x0000, 0x0000, 0x0000, 0x0000, 0x0000, 0x0000, 0x0000,
    0x0000, 0x0000, 0x0000, 0x0000, 0x5aeb, 0xe71c, 0xffbd, 0xfd07, 0xfc40, 0xfc40, 0xfc40, 0xfc40,
    0xfc40, 0xfcc5, 0xff7b, 0xef5d, 0x738e, 0x0000, 0x0000, 0x0000, 0x0000, 0x0000, 0x0000, 0x0000,
    0x0000, 0x0000, 0x0000, 0x0000, 0x0000, 0x0000, 0x0000, 0x0000, 0x0000, 0x0000, 0x0000, 0x0000,
    0x0000, 0x0000, 0x0000, 0x0000, 0x0000, 0x0000, 0x0000, 0x0000, 0x0000, 0x0000, 0x0000, 0x5aeb,
    0xe71c, 0xffbd, 0xfd07, 0xfc40, 0xfc40, 0xfc40, 0xfc40, 0xfc40, 0xfcc5, 0xff7b, 0xef5d, 0x738e,
    0x0000, 0x0000, 0x0000, 0x0000, 0x0000, 0x0000, 0x0000, 0x0000, 0x0000, 0x0000, 0x0000, 0x0000,
    0x0000, 0x0000, 0x0000, 0x0000, 0x0000, 0x0000, 0x0000, 0x0000, 0x0000, 0x0000, 0x0000, 0x0000,
    0x0000, 0x0000, 0x0000, 0x0000, 0x0000, 0x0000, 0x5aeb, 0xe71c, 0xffbd, 0xfd07, 0xfc40, 0xfc40,
    0xfc40, 0xfc40, 0xfc40, 0xfcc5, 0xff7b, 0xef5d, 0x738e, 0x0000, 0x0000, 0x0000, 0x0000, 0x0000,
    0x0000, 0x0000, 0x0000, 0x0000, 0x0000, 0x0000, 0x0000, 0x0000, 0x0000, 0x0000, 0x0000, 0x0000,
    0x0000, 0x0000, 0x0000, 0x0000, 0x0000, 0x0000, 0x0000, 0x0000, 0x0000, 0x0000, 0x0000, 0x0000,
    0x0000, 0x5aeb, 0xe71c, 0xffbd, 0xfd07, 0xfc40, 0xfc40, 0xfc40, 0xfc40, 0xfc40, 0xfcc5, 0xff7b,
    0xef5d, 0x738e, 0x0000, 0x0000, 0x0000, 0x0000, 0x0000, 0x0000, 0x0000, 0x0000, 0x0000, 0x0000,
    0x0000, 0x0000, 0x0000, 0x0000, 0x0000, 0x0000, 0x0000, 0x0000, 0x0000, 0x0000, 0x0000, 0x0000,
    0x0000, 0x0000, 0x0000, 0x0000, 0x0000, 0x0000, 0x0000, 0x0000, 0x5aeb, 0xe71c, 0xffbd, 0xfd07,
    0xfc40, 0xfc40, 0xfc40, 0xfc40, 0xfc40, 0xfcc5, 0xff7b, 0xef5d, 0x738e, 0x0000, 0x0000, 0x0000,
    0x0000, 0x0000, 0x0000, 0x0000, 0x0000, 0x0000, 0x0000, 0x0000, 0x0000, 0x0000, 0x0000, 0x0000,
    0x0000, 0x0000, 0x0000, 0x0000, 0x0000, 0x0000, 0x0000, 0x0000, 0x0000, 0x0000, 0x0000, 0x0000,
    0x0000, 0x0000, 0x0000, 0x5aeb, 0xe71c, 0xffbd, 0xfd07, 0xfc40, 0xfc40, 0xfc40, 0xfc40, 0xfc40,
    0xfcc5, 0xff7b, 0xef5d, 0x738e, 0x0000, 0x0000, 0x0000, 0x0000, 0x0000, 0x0000, 0x0000, 0x0000,
    0x0000, 0x0000, 0x0000, 0x0000, 0x0000, 0x0000, 0x0000, 0x0000, 0x0000, 0x0000, 0x0000, 0x0000,
    0x0000, 0x0000, 0x0000, 0x0000, 0x0000, 0x0000, 0x0000, 0x0000, 0x0000, 0x0000, 0x5aeb, 0xe71c,
    0xffbd, 0xfd07, 0xfc40, 0xfc40, 0xfc40, 0xfc40, 0xfc40, 0xfcc5, 0xff7b, 0xef5d, 0x738e, 0x0000,
    0x0000, 0x0000, 0x0000, 0x0000, 0x0000, 0x0000, 0x0000, 0x0000, 0x0000, 0x0000, 0x0000, 0x0000,
    0x0000, 0x0000, 0x0000, 0x0000, 0x0000, 0x0000, 0x0000, 0x0000, 0x0000, 0x0000, 0x0000, 0x0000,
    0x0000, 0x0000, 0x0000, 0x0000, 0x0000, 0x5aeb, 0xe71c, 0xffbd, 0xfd07, 0xfc40, 0xfc40, 0xfc40,
    0xfc40, 0xfc40, 0xfcc5, 0xff7b, 0xef5d, 0x738e, 0x0000, 0x0000, 0x0000, 0x0000, 0x0000, 0x0000,
    0x0000, 0x0000, 0x0000, 0x0000, 0x0000, 0x0000, 0x0000, 0x0000, 0x0000, 0x0000, 0x0000, 0x0000,
    0x0000, 0x0000, 0x0000, 0x0000, 0x0000, 0x0000, 0x0000, 0x0000, 0x0000, 0x0000, 0x0000, 0x0000,
    0x5aeb, 0xe71c, 0xffbd, 0xfd07, 0xfc40, 0xfc40, 0xfc40, 0xfc40, 0xfc40, 0xfcc5, 0xff7b, 0xef5d,
    0x738e, 0x0000, 0x0000, 0x0000, 0x0000, 0x0000, 0x0000, 0x0000, 0x0000, 0x0000, 0x0000, 0x0000,
    0x0000, 0x0000, 0x0000, 0x0000, 0x0000, 0x0000, 0x0000, 0x0000, 0x0000, 0x0000, 0x0000, 0x0000,
    0x0000, 0x0000, 0x0000, 0x0000, 0x0000, 0x0000, 0x0000, 0x5aeb, 0xe71c, 0xffbd, 0xfd07, 0xfc40,
    0xfc40, 0xfc40, 0xfc40, 0xfc40, 0xfcc5, 0xff7b, 0xef5d, 0x738e, 0x0000, 0x0000, 0x0000, 0x0000,
    0x0000, 0x0000, 0x0000, 0x0000, 0x0000, 0x0000, 0x0000, 0x0000, 0x0000, 0x0000, 0x0000, 0x0000,
    0x0000, 0x0000, 0x0000, 0x0000, 0x0000, 0x0000, 0x0000, 0x0000, 0x0000, 0x0000, 0x0000, 0x0000,
    0x0000, 0x0000, 0x5aeb, 0xe71c, 0xffbd, 0xfd07, 0xfc40, 0xfc40, 0xfc40, 0xfc40, 0xfc40, 0xfcc5,
    0xff7b, 0xef5d, 0x738e, 0x0000, 0x0000, 0x0000, 0x0000, 0x0000, 0x0000, 0x0000, 0x0000, 0x0000,
    0x0000, 0x0000, 0x0000, 0x0000, 0x0000, 0x0000, 0x0000, 0x0000, 0x0000, 0x0000, 0x0000, 0x0000,
    0x0000, 0x0000, 0x0000, 0x0000, 0x0000, 0x0000, 0x0000, 0x0000, 0x0000, 0x5aeb, 0xe71c, 0xffbd,
    0xfd07, 0xfc40, 0xfc40, 0xfc40, 0xfc40, 0xfc40, 0xfcc5, 0xff7b, 0xef5d, 0x738e, 0x0000, 0x0000,
    0x0000, 0x0000, 0x0000, 0x0000, 0x0000, 0x0000, 0x0000, 0x0000, 0x0000, 0x0000, 0x0000, 0x0000,
    0x0000, 0x0000, 0x0000, 0x0000, 0x0000, 0x0000, 0x0000, 0x0000, 0x0000, 0x0000, 0x0000, 0x0000,
    0x0000, 0x0000, 0x0000, 0x0000, 0x5aeb, 0xe71c, 0xffbd, 0xfd07, 0xfc40, 0xfc40, 0xfc40, 0xfc40,
    0xfc40, 0xfcc5, 0xff7b, 0xef5d, 0x738e, 0x0000, 0x0000, 0x0000, 0x0000, 0x0000, 0x0000, 0x0000,
    0x0000, 0x0000, 0x0000, 0x0000, 0x0000, 0x0000, 0x0000, 0x0000, 0x0000, 0x0000, 0x0000, 0x0000,
    0x0000, 0x0000, 0x0000, 0x0000, 0x0000, 0x0000, 0x0000, 0x0000, 0x0000, 0x0000, 0x0000, 0x5aeb,
    0xe71c, 0xffbd, 0xfd07, 0xfc40, 0xfc40, 0xfc40, 0xfc40, 0xfc40, 0xfcc5, 0xff7b, 0xef5d, 0x738e,
    0x0000, 0x0000, 0x0000, 0x0000, 0x0000, 0x0000, 0x0000, 0x0000, 0x0000, 0x0000, 0x0000, 0x0000,
    0x0000, 0x0000, 0x0000, 0x0000, 0x0000, 0x0000, 0x0000, 0x0000, 0x0000, 0x0000, 0x0000, 0x0000,
    0x0000, 0x0000, 0x0000, 0x0000, 0x0000, 0x0000, 0x5aeb, 0xe71c, 0xffbd, 0xfd07, 0xfc40, 0xfc40,
    0xfc40, 0xfc40, 0xfc40, 0xfcc5, 0xff7b, 0xef5d, 0x738e, 0x0000, 0x0000, 0x0000, 0x0000, 0x0000,
    0x0000, 0x0000, 0x0000, 0x0000, 0x0000, 0x0000, 0x0000, 0x0000, 0x0000, 0x0000, 0x0000, 0x0000,
    0x0000, 0x0000, 0x0000, 0x0000, 0x0000, 0x0000, 0x0000, 0x0000, 0x0000, 0x0000, 0x0000, 0x0000,
    0x0000, 0x5aeb, 0xe71c, 0xffbd, 0xfd07, 0xfc40, 0xfc40, 0xfc40, 0xfc40, 0xfc40, 0xfcc5, 0xff7b,
    0xef5d, 0x738e, 0x0000, 0x0000, 0x0000, 0x0000, 0x0000, 0x0000, 0x0000, 0x0000, 0x0000, 0x0000,
    0x0000, 0x0000, 0x0000, 0x0000, 0x0000, 0x0000, 0x0000, 0x0000, 0x0000, 0x0000, 0x0000, 0x0000,
    0x0000, 0x0000, 0x0000, 0x0000, 0x0000, 0x0000, 0x0000, 0x0000, 0x5aeb, 0xe71c, 0xffbd, 0xfd07,
    0xfc40, 0xfc40, 0xfc40, 0xfc40, 0xfc40, 0xfcc5, 0xff7b, 0xef5d, 0x738e, 0x0000, 0x0000, 0x0000,
    0x0000, 0x0000, 0x0000, 0x0000, 0x0000, 0x0000, 0x0000, 0x0000, 0x0000, 0x0000, 0x0000, 0x0000,
    0x0000, 0x0000, 0x0000, 0x0000, 0x0000, 0x0000, 0x0000, 0x0000, 0x0000, 0x0000, 0x0000, 0x0000,
    0x0000, 0x0000, 0x0000, 0x5aeb, 0xe71c, 0xffbd, 0xfd07, 0xfc40, 0xfc40, 0xfc40, 0xfc40, 0xfc40,
    0xfcc5, 0xff7b, 0xef5d, 0x738e, 0x0000, 0x0000, 0x0000, 0x0000, 0x0000, 0x0000, 0x0000, 0x0000,
    0x0000, 0x0000, 0x0000, 0x0000, 0x0000, 0x0000, 0x0000, 0x0000, 0x0000, 0x0000, 0x0000, 0x0000,
    0x0000, 0x0000, 0x0000, 0x0000, 0x0000, 0x0000, 0x0000, 0x0000, 0x0000, 0x0000, 0x5aeb, 0xe71c,
    0xffbd, 0xfd07, 0xfc40, 0xfc40, 0xfc40, 0xfc40, 0xfc40, 0xfcc5, 0xff7b, 0xef5d, 0x738e, 0x0000,
    0x0000, 0x0000, 0x0000, 0x0000, 0x0000, 0x0000, 0x0000, 0x0000, 0x0000, 0x0000, 0x0000, 0x0000,
    0x0000, 0x0000, 0x0000, 0x0000, 0x0000, 0x0000, 0x0000, 0x0000, 0x0000, 0x0000, 0x0000, 0x0000,
    0x0000, 0x0000, 0x0000, 0x0000, 0x0000, 0x5aeb, 0xe71c, 0xffbd, 0xfd07, 0xfc40, 0xfc40, 0xfc40,
    0xfc40, 0xfc40, 0xfcc5, 0xff7b, 0xef5d, 0x738e, 0x0000, 0x0000, 0x0000, 0x0000, 0x0000, 0x0000,
    0x0000, 0x0000, 0x0000, 0x0000, 0x0000, 0x0000, 0x0000, 0x0000, 0x0000, 0x0000, 0x0000, 0x0000,
    0x0000, 0x0000, 0x0000, 0x0000, 0x0000, 0x0000, 0x0000, 0x0000, 0x0000, 0x0000, 0x0000, 0x0000,
    0x5aeb, 0xe71c, 0xffbd, 0xfd07, 0xfc40, 0xfc40, 0xfc40, 0xfc40, 0xfc40, 0xfcc5, 0xff7b, 0xef5d,
    0x738e, 0x0000, 0x0000, 0x0000, 0x0000, 0x0000, 0x0000, 0x0000, 0x0000, 0x0000, 0x0000, 0x0000,
    0x0000, 0x0000, 0x0000, 0x0000, 0x0000, 0x0000, 0x0000, 0x0000, 0x0000, 0x0000, 0x0000, 0x0000,
    0x0000, 0x0000, 0x0000, 0x0000, 0x0000, 0x0000, 0x0000, 0x5aeb, 0xe71c, 0xffbd, 0xfd07, 0xfc40,
    0xfc40, 0xfc40, 0xfc40, 0xfc40, 0xfcc5, 0xff7b, 0xef5d, 0x738e, 0x0000, 0x0000, 0x0000, 0x0000,
    0x0000, 0x0000, 0x0000, 0x0000, 0x0000, 0x0000, 0x0000, 0x0000, 0x0000, 0x0000, 0x0000, 0x0000,
    0x0000, 0x0000, 0x0000, 0x0000, 0x0000, 0x0000, 0x0000, 0x0000, 0x0000, 0x0000, 0x0000, 0x0000,
    0x0000, 0x0000, 0x5aeb, 0xe71c, 0xffbd, 0xfd07, 0xfc40, 0xfc40, 0xfc40, 0xfc40, 0xfc40, 0xfcc5,
    0xff7b, 0xef5d, 0x738e, 0x0000, 0x0000, 0x0000, 0x0000, 0x0000, 0x0000, 0x0000, 0x0000, 0x0000,
    0x0000, 0x0000, 0x0000, 0x0000, 0x0000, 0x0000, 0x0000, 0x0000, 0x0000, 0x0000, 0x0000, 0x0000,
    0x0000, 0x0000, 0x0000, 0x0000, 0x0000, 0x0000, 0x0000, 0x0000, 0x0000, 0x5aeb, 0xe71c, 0xffbd,
    0xfd07, 0xfc40, 0xfc40, 0xfc40, 0xfc40, 0xfc40, 0xfcc5, 0xff7b, 0xef5d, 0x738e, 0x0000, 0x0000,
    0x0000, 0x0000, 0x0000, 0x0000, 0x0000, 0x0000, 0x0000, 0x0000, 0x0000, 0x0000, 0x0000, 0x0000,
    0x0000, 0x0000, 0x0000, 0x0000, 0x0000, 0x0000, 0x0000, 0x0000, 0x0000, 0x0000, 0x0000, 0x0000,
    0x0000, 0x0000, 0x0000, 0x0000, 0x5aeb, 0xe71c, 0xffbd, 0xfd07, 0xfc40, 0xfc40, 0xfc40, 0xfc40,
    0xfc40, 0xfcc5, 0xff7b, 0xef5d, 0x738e, 0x0000, 0x0000, 0x0000, 0x0000, 0x0000, 0x0000, 0x0000,
    0x0000, 0x0000, 0x0000, 0x0000, 0x0000, 0x0000, 0x0000, 0x0000, 0x0000, 0x0000, 0x0000, 0x0000,
    0x0000, 0x0000, 0x0000, 0x0000, 0x0000, 0x0000, 0x0000, 0x0000, 0x0000, 0x0000, 0x0000, 0x5aeb,
    0xe71c, 0xffbd, 0xfd07, 0xfc40, 0xfc40, 0xfc40, 0xfc40, 0xfc40, 0xfcc5, 0xff7b, 0xef5d, 0x738e,
    0x0000, 0x0000, 0x0000, 0x0000, 0x0000, 0x0000, 0x0000, 0x0000, 0x0000, 0x0000, 0x0000, 0x0000,
    0x0000, 0x0000, 0x0000, 0x0000, 0x0000, 0x0000, 0x0000, 0x0000, 0x0000, 0x0000, 0x0000, 0x0000,
    0x0000, 0x0000, 0x0000, 0x0000, 0x0000, 0x0000, 0x5aeb, 0xe71c, 0xffbd, 0xfd07, 0xfc40, 0xfc40,
    0xfc40, 0xfc40, 0xfc40, 0xfcc5, 0xff7b, 0xef5d, 0x738e, 0x0000, 0x0000, 0x0000, 0x0000, 0x0000,
    0x0000, 0x0000, 0x0000, 0x0000, 0x0000, 0x0000, 0x0000, 0x0000, 0x0000, 0x0000, 0x0000, 0x0000,
    0x0000, 0x0000, 0x0000, 0x0000, 0x0000, 0x0000, 0x0000, 0x0000, 0x0000, 0x0000, 0x0000, 0x0000,
    0x0000, 0x5aeb, 0xe71c, 0xffbd, 0xfd07, 0xfc40, 0xfc40, 0xfc40, 0xfc40, 0xfc40, 0xfcc5, 0xff7b,
    0xef5d, 0x738e, 0x0000, 0x0000, 0x0000, 0x0000, 0x0000, 0x0000, 0x0000, 0x0000, 0x0000, 0x0000,
    0x0000, 0x0000, 0x0000, 0x0000, 0x0000, 0x0000, 0x0000, 0x0000, 0x0000, 0x0000, 0x0000, 0x0000,
    0x0000, 0x0000, 0x0000, 0x0000, 0x0000, 0x0000, 0x0000, 0x0000, 0x5aeb, 0xe71c, 0xffbd, 0xfd07,
    0xfc40, 0xfc40, 0xfc40, 0xfc40, 0xfc40, 0xfcc5, 0xff7b, 0xef5d, 0x738e, 0x0000, 0x0000, 0x0000,
    0x0000, 0x0000, 0x0000, 0x0000, 0x0000, 0x0000, 0x0000, 0x0000, 0x0000, 0x0000, 0x0000, 0x0000,
    0x0000, 0x0000, 0x0000, 0x0000, 0x0000, 0x0000, 0x0000, 0x0000, 0x0000, 0x0000, 0x0000, 0x0000,
    0x0000, 0x0000, 0x0000, 0x5aeb, 0xe71c, 0xffff, 0xffff, 0xffff, 0xffff, 0xffff, 0xffff, 0xffff,
    0xffff, 0xffff, 0xef5d, 0x738e, 0x0000, 0x0000, 0x0000, 0x0000, 0x0000, 0x0000, 0x0000, 0x0000,
    0x0000, 0x0000, 0x0000, 0x0000, 0x0000, 0x0000, 0x0000, 0x0000, 0x0000, 0x0000, 0x0000, 0x0000,
    0x0000, 0x0000, 0x0000, 0x0000, 0x0000, 0x0000, 0x0000, 0x0000, 0x0000, 0x0000, 0x5aeb, 0xe71c,
    0xffff, 0xffff, 0xffff, 0xffff, 0xffff, 0xffff, 0xffff, 0xffff, 0xffff, 0xef5d, 0x738e, 0x0000,
    0x0000, 0x0000, 0x0000, 0x0000, 0x0000, 0x0000, 0x0000, 0x0000, 0x0000, 0x0000, 0x0000, 0x0000,
    0x0000, 0x0000, 0x0000, 0x0000, 0x0000, 0x0000, 0x0000, 0x0000, 0x0000, 0x0000, 0x0000, 0x0000,
    0x0000, 0x0000, 0x0000, 0x0000, 0x0000, 0x0000, 0x0000, 0x0000, 0x0000, 0x0000, 0x0000, 0x0000,
    0x0000, 0x0000, 0x0000, 0x0000, 0x0000, 0x0000, 0x0000, 0x0000, 0x0000, 0x0000, 0x0000, 0x0000,
    0x0000, 0x0000, 0x0000, 0x0000, 0x0000, 0x0000, 0x0000, 0x0000, 0x0000, 0x0000, 0x0000, 0x0000,
    0x0000, 0x0000, 0x0000, 0x0000, 0x0000, 0x0000, 0x0000, 0x0000, 0x0000, 0x0000, 0x0000, 0x0000,
    0x0000, 0x0000, 0x0000, 0x0000, 0x0000, 0x0000, 0x0000, 0x0000, 0x0000, 0x0000, 0x0000, 0x0000,
    0x0000, 0x0000, 0x0000, 0x0000, 0x0000, 0x0000, 0x0000, 0x0000, 0x0000, 0x0000, 0x0000, 0x0000,
    0x0000, 0x0000, 0x0000, 0x0000, 0x0000, 0x0000, 0x0000, 0x0000, 0x0000, 0x0000, 0x0000, 0x0000,
    0x0000, 0x0000, 0x0000, 0x0000, 0x0000, 0x0000, 0x0000, 0x0000, 0x0000, 0x0000, 0x0000, 0x0000,
    0x0000, 0x0000, 0x0000, 0x0000, 0x0000, 0x0000, 0x0000, 0x0000, 0x0000, 0x0000, 0x0000, 0x0000,
    0x0000, 0x0000, 0x0000, 0x0000, 0x0000, 0x0000, 0x0000, 0x0000, 0x0000, 0x0000, 0x0000, 0x0000,
    0x0000, 0x0000, 0x0000, 0x0000, 0x0000, 0x0000, 0x0000, 0x0000, 0x0000, 0x0000, 0x0000, 0x0000,
    0x0000, 0x0000, 0x0000, 0x0000, 0x0000, 0x0000, 0x0000, 0x0000, 0x0000, 0x0000, 0x0000, 0x0000,
    0x0000, 0x0000, 0x0000, 0x0000, 0x0000, 0x0000, 0x0000, 0x0000, 0x0000, 0x0000, 0x0000, 0x0000,
    0x0000, 0x0000, 0x0000, 0x0000, 0x0000, 0x0000, 0x0000, 0x0000, 0x0000, 0x0000, 0x0000, 0x0000,
    0x0000, 0x0000, 0x0000, 0x0000, 0x0000, 0x0000, 0x0000, 0x0000, 0x0000, 0x0000, 0x0000, 0x0000,
    0x0000, 0x0000, 0x0000, 0x0000, 0x0000, 0x0000, 0x0000, 0x0000, 0x0000, 0x0000, 0x0000, 0x0000,
    0x0000, 0x0000, 0x0000, 0x0000, 0x0000, 0x0000, 0x0000, 0x0000, 0x0000, 0x0000, 0x0000, 0x0000,
    0x0000, 0x0000, 0x0000, 0x0000, 0x0000, 0x0000, 0x0000, 0x0000, 0x0000, 0x0000, 0x0000, 0x0000,
    0x0000, 0x0000, 0x0000, 0x0000, 0x0000, 0x0000, 0x0000, 0x0000, 0x0000, 0x0000, 0x0000, 0x0000,
    0x0000, 0x0000, 0x0000, 0x0000, 0x0000, 0x0000, 0x0000, 0x0000, 0x0000, 0x0000, 0x0000, 0x0000,
    0x0000, 0x0000, 0x0000, 0x0000, 0x0000, 0x0000, 0x0000, 0x0000, 0x0000, 0x0000, 0x0000, 0x0000,
    0x0000, 0x0000, 0x0000, 0x0000, 0x0000, 0x0000, 0x0000, 0x0000, 0x0000, 0x0000, 0x0000, 0x0000,
    0x0000, 0x0000, 0x0000, 0x0000, 0x0000, 0x0000, 0x0000, 0x0000, 0x0000, 0x0000, 0x0000, 0x0000,
    0x0000, 0x0000, 0x0000, 0x0000, 0x0000, 0x0000, 0x0000, 0x0000, 0x0000, 0x0000, 0x0000, 0x0000,
    0x0000, 0x0000, 0x0000, 0x0000, 0x0000, 0x0000, 0x0000, 0x0000, 0x0000, 0x0000, 0x0000, 0x0000,
    0x0000, 0x0000, 0x0000, 0x0000, 0x0000, 0x0000, 0x0000, 0x0000, 0x0000, 0x0000, 0x0000, 0x0000,
    0x0000, 0x0000, 0x0000, 0x0000, 0x0000, 0x0000, 0x0000, 0x0000, 0x0000, 0x0000, 0x0000, 0x0000,
    0x0000, 0x0000, 0x0000, 0x0000, 0x0000, 0x0000, 0x0000, 0x0000, 0x0000, 0x0000, 0x0000, 0x0000,
    0x0000, 0x0000, 0x0000, 0x0000, 0x0000, 0x0000, 0x0000, 0x0000, 0x0000, 0x0000, 0x0000, 0x0000,
    0x0000, 0x0000, 0x0000, 0x0000, 0x0000, 0x0000, 0x0000, 0x0000, 0x0000, 0x0000, 0x0000, 0x0000,
    0x0000, 0x0000, 0x0000, 0x0000, 0x0000, 0x0000, 0x0000, 0x0000, 0x0000, 0x0000, 0x0000, 0x0000,
    0x0000, 0x0000, 0x0000, 0x0000, 0x0000, 0x0000, 0x0000, 0x0000, 0x0000, 0x0000, 0x0000, 0x0000,
    0x0000, 0x0000, 0x0000, 0x0000, 0x0000, 0x0000, 0x0000, 0x0000, 0x0000, 0x0000, 0x0000, 0x0000,
    0x0000, 0x0000, 0x0000, 0x0000, 0x0000, 0x0000, 0x0000, 0x0000, 0x0000, 0x0000, 0x0000, 0x0000,
    0x0000, 0x0000, 0x0000, 0x0000, 0x0000, 0x0000, 0x0000, 0x0000, 0x0000, 0x0000, 0x0000, 0x0000,
    0x0000, 0x0000, 0x0000, 0x0000, 0x0000, 0x0000, 0x0000, 0x0000, 0x0000, 0x0000, 0x0000, 0x0000,
    0x0000, 0x0000, 0x0000, 0x0000, 0x0000, 0x0000, 0x0000, 0x0000, 0x0000, 0x0000, 0x0000, 0x0000,
    0x0000, 0x0000, 0x0000, 0x0000, 0x0000, 0x0000, 0x0000, 0x0000, 0x0000, 0x0000, 0x0000, 0x0000,
    0x0000, 0x0000, 0x0000, 0x0000, 0x0000, 0x0000, 0x0000, 0x0000, 0x0000, 0x0000, 0x0000, 0x0000,
    0x0000, 0x0000, 0x0000, 0x0000, 0x0000, 0x0000, 0x0000, 0x0000, 0x0000, 0x0000, 0x0000, 0x0000,
    0x0000, 0x0000, 0x0000, 0x0000, 0x0000, 0x0000, 0x0000, 0x0000, 0x0000, 0x0000, 0x0000, 0x0000,
    0x0000, 0x0000, 0x0000, 0x0000, 0x0000, 0x0000, 0x0000, 0x0000, 0x0000, 0x0000, 0x0000};

static const uint16_t image_data_sfc_43x65_f65_2[2795] = {
    0x0000, 0x0000, 0x0000, 0x0000, 0x0000, 0x0000, 0x0000, 0x0000, 0x0000, 0x0000, 0x0000, 0x0000,
    0x0000, 0x0000, 0x0000, 0x0000, 0x0000, 0x0000, 0x0000, 0x0000, 0x0000, 0x0000, 0x0000, 0x0000,
    0x0000, 0x0000, 0x0000, 0x0000, 0x0000, 0x0000, 0x0000, 0x0000, 0x0000, 0x0000, 0x0000, 0x0000,
    0x0000, 0x0000, 0x0000, 0x0000, 0x0000, 0x0000, 0x0000, 0x0000, 0x0000, 0x0000, 0x0000, 0x0000,
    0x0000, 0x0000, 0x0000, 0x0000, 0x0000, 0x0000, 0x0000, 0x0000, 0x0000, 0x0000, 0x0000, 0x0000,
    0x0000, 0x0000, 0x0000, 0x0000, 0x0000, 0x0000, 0x0000, 0x0000, 0x0000, 0x0000, 0x0000, 0x0000,
    0x0000, 0x0000, 0x0000, 0x0000, 0x0000, 0x0000, 0x0000, 0x0000, 0x0000, 0x0000, 0x0000, 0x0000,
    0x0000, 0x0000, 0x0000, 0x0000, 0x0000, 0x0000, 0x0000, 0x0000, 0x0000, 0x0000, 0x0000, 0x0000,
    0x0000, 0x0000, 0x0000, 0x0000, 0x0000, 0x0000, 0x0000, 0x0000, 0x0000, 0x0000, 0x0000, 0x0000,
    0x0000, 0x0000, 0x0000, 0x0000, 0x0000, 0x0000, 0x0000, 0x0000, 0x0000, 0x0000, 0x0000, 0x0000,
    0x0000, 0x0000, 0x0000, 0x0000, 0x0000, 0x0000, 0x0000, 0x0000, 0x0000, 0x0000, 0x0000, 0x0000,
    0x0000, 0x0000, 0x0000, 0x0000, 0x0000, 0x0000, 0x0000, 0x0000, 0x0000, 0x0000, 0x0000, 0x0000,
    0x0000, 0x0000, 0x4208, 0x8c51, 0xb596, 0xc638, 0xce59, 0xce59, 0xc638, 0xbdd7, 0x9cd3, 0x632c,
    0x0000, 0x0000, 0x0000, 0x0000, 0x0000, 0x0000, 0x0000, 0x0000, 0x0000, 0x0000, 0x0000, 0x0000,
    0x0000, 0x0000, 0x0000, 0x0000, 0x0000, 0x0000, 0x0000, 0x0000, 0x0000, 0x0000, 0x0000, 0x0000,
    0x0000, 0x0000, 0x0000, 0x0000, 0x0000, 0x0000, 0x4a69, 0xad55, 0xdefb, 0xffff, 0xffff, 0xffff,
    0xffff, 0xffff, 0xffff, 0xffff, 0xffff, 0xffff, 0xffff, 0xf79e, 0xce59, 0x7bcf, 0x0000, 0x0000,
    0x0000, 0x0000, 0x0000, 0x0000, 0x0000, 0x0000, 0x0000, 0x0000, 0x0000, 0x0000, 0x0000, 0x0000,
    0x0000, 0x0000, 0x0000, 0x0000, 0x0000, 0x0000, 0x0000, 0x0000, 0x0000, 0x0000, 0x0000, 0x4a49,
    0xb596, 0xf79e, 0xffff, 0xffff, 0xffff, 0xff39, 0xfe73, 0xfdcd, 0xfdcd, 0xfdcd, 0xfdcd, 0xfe0f,
    0xfef6, 0xffde, 0xffff, 0xffff, 0xffff, 0xd6ba, 0x7bef, 0x0000, 0x0000, 0x0000, 0x0000, 0x0000,
    0x0000, 0x0000, 0x0000, 0x0000, 0x0000, 0x0000, 0x0000, 0x0000, 0x0000, 0x0000, 0x0000, 0x0000,
    0x0000, 0x0000, 0x0000, 0x0000, 0x0000, 0x8410, 0xe71c, 0xffff, 0xffff, 0xff39, 0xfd8b, 0xfc62,
    0xfc40, 0xfc40, 0xfc40, 0xfc40, 0xfc40, 0xfc40, 0xfc40, 0xfc40, 0xfc40, 0xfce6, 0xfe72, 0xffde,
    0xffff, 0xf7be, 0xa534, 0x39e7, 0x0000, 0x0000, 0x0000, 0x0000, 0x0000, 0x0000, 0x0000, 0x0000,
    0x0000, 0x0000, 0x0000, 0x0000, 0x0000, 0x0000, 0x0000, 0x0000, 0x0000, 0x0000, 0x2945, 0x9cf3,
    0xf79e, 0xffff, 0xff7a, 0xfd6a, 0xfc40, 0xfc40, 0xfc40, 0xfc40, 0xfc40, 0xfc40, 0xfc40, 0xfc40,
    0xfc40, 0xfc40, 0xfc40, 0xfc40, 0xfc40, 0xfc40, 0xfca3, 0xfe93, 0xffff, 0xffff, 0xc618, 0x528a,
    0x0000, 0x0000, 0x0000, 0x0000, 0x0000, 0x0000, 0x0000, 0x0000, 0x0000, 0x0000, 0x0000, 0x0000,
    0x0000, 0x0000, 0x0000, 0x0000, 0x2945, 0x9cf3, 0xf7be, 0xffff, 0xfe94, 0xfc82, 0xfc40, 0xfc40,
    0xfc40, 0xfc40, 0xfc40, 0xfc40, 0xfc40, 0xfc40, 0xfc40, 0xfc40, 0xfc40, 0xfc40, 0xfc40, 0xfc40,
    0xfc40, 0xfc40, 0xfc40, 0xfdac, 0xffbd, 0xffff, 0xc638, 0x4a69, 0x0000, 0x0000, 0x0000, 0x0000,
    0x0000, 0x0000, 0x0000, 0x0000, 0x0000, 0x0000, 0x0000, 0x0000, 0x0000, 0x0000, 0x0000, 0x8c71,
    0xf79e, 0xffff, 0xfe51, 0xfc61, 0xfc40, 0xfc40, 0xfc40, 0xfc40, 0xfc40, 0xfc40, 0xfc40, 0xfc40,
    0xfc40, 0xfc40, 0xfc40, 0xfc40, 0xfc40, 0xfc40, 0xfc40, 0xfc40, 0xfc40, 0xfc40, 0xfc40, 0xfd49,
    0xff9c, 0xffdf, 0xad75, 0x3186, 0x0000, 0x0000, 0x0000, 0x0000, 0x0000, 0x0000, 0x0000, 0x0000,
    0x0000, 0x0000, 0x0000, 0x0000, 0x0000, 0x630c, 0xdefb, 0xffff, 0xfe72, 0xfc61, 0xfc40, 0xfc40,
    0xfc40, 0xfc40, 0xfc40, 0xfc40, 0xfc40, 0xfc40, 0xfc40, 0xfc40, 0xfc40, 0xfc40, 0xfc40, 0xfc40,
    0xfc40, 0xfc40, 0xfc40, 0xfc40, 0xfc40, 0xfc40, 0xfc40, 0xfdac, 0xffde, 0xef7d, 0x8410, 0x0000,
    0x0000, 0x0000, 0x0000, 0x0000, 0x0000, 0x0000, 0x0000, 0x0000, 0x0000, 0x0000, 0x0000, 0x3186,
    0xb596, 0xffdf, 0xff39, 0xfca4, 0xfc40, 0xfc40, 0xfc40, 0xfc40, 0xfc40, 0xfc40, 0xfc40, 0xfc40,
    0xfc61, 0xfd06, 0xfdac, 0xfdac, 0xfd28, 0xfc82, 0xfc40, 0xfc40, 0xfc40, 0xfc40, 0xfc40, 0xfc40,
    0xfc40, 0xfc40, 0xfc61, 0xfe93, 0xffff, 0xce59, 0x4228, 0x0000, 0x0000, 0x0000, 0x0000, 0x0000,
    0x0000, 0x0000, 0x0000, 0x0000, 0x0000, 0x0000, 0x632c, 0xe71c, 0xffde, 0xfdab, 0xfc40, 0xfc40,
    0xfc40, 0xfc40, 0xfc40, 0xfc40, 0xfc40, 0xfca3, 0xfe72, 0xffde, 0xffff, 0xffff, 0xffff, 0xffff,
    0xffff, 0xfef6, 0xfd06, 0xfc40, 0xfc40, 0xfc40, 0xfc40, 0xfc40, 0xfc40, 0xfc40, 0xfd06, 0xff9c,
    0xf79e, 0x8410, 0x0000, 0x0000, 0x0000, 0x0000, 0x0000, 0x0000, 0x0000, 0x0000, 0x0000, 0x0000,
    0x0000, 0x94b2, 0xf7be, 0xff39, 0xfca3, 0xfc40, 0xfc40, 0xfc40, 0xfc40, 0xfc40, 0xfc40, 0xfd06,
    0xff5a, 0xffff, 0xffff, 0xe73c, 0xce59, 0xce59, 0xe71c, 0xffdf, 0xffff, 0xffde, 0xfdac, 0xfc40,
    0xfc40, 0xfc40, 0xfc40, 0xfc40, 0xfc40, 0xfc61, 0xfe94, 0xffff, 0xb596, 0x3186, 0x0000, 0x0000,
    0x0000, 0x0000, 0x0000, 0x0000, 0x0000, 0x0000, 0x0000, 0x39c7, 0xbdf7, 0xffff, 0xfe51, 0xfc40,
    0xfc40, 0xfc40, 0xfc40, 0xfc40, 0xfc40, 0xfca3, 0xff38, 0xffff, 0xdefb, 0x7bef, 0x0000, 0x0000,
    0x0000, 0x0000, 0x5aeb, 0xc638, 0xffdf, 0xffbd, 0xfd49, 0xfc40, 0xfc40, 0xfc40, 0xfc40, 0xfc40,
    0xfc40, 0xfdac, 0xffde, 0xd69a, 0x4a69, 0x0000, 0x0000, 0x0000, 0x0000, 0x0000, 0x0000, 0x0000,
    0x0000, 0x0000, 0x528a, 0xd6ba, 0xffde, 0xfd6a, 0xfc40, 0xfc40, 0xfc40, 0xfc40, 0xfc40, 0xfc40,
    0xfe30, 0xffff, 0xdefb, 0x632c, 0x0000, 0x0000, 0x0000, 0x0000, 0x0000, 0x0000, 0x4208, 0xbdf7,
    0xffff, 0xfed5, 0xfc61, 0xfc40, 0xfc40, 0xfc40, 0xfc40, 0xfc40, 0xfd07, 0xffbc, 0xe73c, 0x6b4d,
    0x0000, 0x0000, 0x0000, 0x0000, 0x0000, 0x0000, 0x0000, 0x0000, 0x0000, 0x6b4d, 0xe73c, 0xffbc,
    0xfd07, 0xfc40, 0xfc40, 0xfc40, 0xfc40, 0xfc40, 0xfca3, 0xff38, 0xf7be, 0x9cd3, 0x0000, 0x0000,
    0x0000, 0x0000, 0x0000, 0x0000, 0x0000, 0x0000, 0x73ae, 0xef7d, 0xff9c, 0xfd06, 0xfc40, 0xfc40,
    0xfc40, 0xfc40, 0xfc40, 0xfcc4, 0xff7a, 0xef7d, 0x7bcf, 0x0000, 0x0000, 0x0000, 0x0000, 0x0000,
    0x0000, 0x0000, 0x0000, 0x0000, 0x738e, 0xef5d, 0xff7b, 0xfcc5, 0xfc40, 0xfc40, 0xfc40, 0xfc40,
    0xfc40, 0xfd06, 0xffbc, 0xe73c, 0x6b4d, 0x0000, 0x0000, 0x0000, 0x0000, 0x0000, 0x0000, 0x0000,
    0x0000, 0x52aa, 0xdedb, 0xffde, 0xfd49, 0xfc40, 0xfc40, 0xfc40, 0xfc40, 0xfc40, 0xfca3, 0xff39,
    0xf79e, 0x8410, 0x0000, 0x0000, 0x0000, 0x0000, 0x0000, 0x0000, 0x0000, 0x0000, 0x0000, 0x7bcf,
    0xef7d, 0xff5a, 0xfcc4, 0xfc40, 0xfc40, 0xfc40, 0xfc40, 0xfc40, 0xfd48, 0xffbd, 0xdefb, 0x52aa,
    0x0000, 0x0000, 0x0000, 0x0000, 0x0000, 0x0000, 0x0000, 0x0000, 0x528a, 0xd6ba, 0xffde, 0xfd6a,
    0xfc40, 0xfc40, 0xfc40, 0xfc40, 0xfc40, 0xfca3, 0xff59, 0xf79e, 0x8410, 0x0000, 0x0000, 0x0000,
    0x0000, 0x0000, 0x0000, 0x0000, 0x0000, 0x0000, 0x7bcf, 0xef7d, 0xff5a, 0xfca4, 0xfc40, 0xfc40,
    0xfc40, 0xfc40, 0xfc40, 0xfd48, 0xffbd, 0xdefb, 0x52aa, 0x0000, 0x0000, 0x0000, 0x0000, 0x0000,
    0x0000, 0x0000, 0x0000, 0x5aeb, 0xe71c, 0xffbd, 0xfd28, 0xfc40, 0xfc40, 0xfc40, 0xfc40, 0xfc40,
    0xfcc4, 0xff7a, 0xef7d, 0x7bcf, 0x0000, 0x0000, 0x0000, 0x0000, 0x0000, 0x0000, 0x0000, 0x0000,
    0x0000, 0x7bcf, 0xef7d, 0xffff, 0xffff, 0xffff, 0xffff, 0xffff, 0xffff, 0xffff, 0xffff, 0xffff,
    0xdefb, 0x52aa, 0x0000, 0x0000, 0x0000, 0x0000, 0x0000, 0x0000, 0x0000, 0x0000, 0x8410, 0xf79e,
    0xff7a, 0xfcc4, 0xfc40, 0xfc40, 0xfc40, 0xfc40, 0xfc40, 0xfd07, 0xffbd, 0xe73c, 0x632c, 0x0000,
    0x0000, 0x0000, 0x0000, 0x0000, 0x0000, 0x0000, 0x0000, 0x0000, 0x7bcf, 0xef7d, 0xffff, 0xffff,
    0xffff, 0xffff, 0xffff, 0xffff, 0xffff, 0xffff, 0xffff, 0xdefb, 0x52aa, 0x0000, 0x0000, 0x0000,
    0x0000, 0x0000, 0x0000, 0x0000, 0x39e7, 0xbdf7, 0xffff, 0xfe94, 0xfc61, 0xfc40, 0xfc40, 0xfc40,
    0xfc40, 0xfc40, 0xfdac, 0xffde, 0xd69a, 0x4a69, 0x0000, 0x0000, 0x0000, 0x0000, 0x0000, 0x0000,
    0x0000, 0x0000, 0x0000, 0x0000, 0x0000, 0x0000, 0x0000, 0x0000, 0x0000, 0x0000, 0x0000, 0x0000,
    0x0000, 0x0000, 0x0000, 0x0000, 0x0000, 0x0000, 0x0000, 0x0000, 0x0000, 0x0000, 0x0000, 0x8c51,
    0xf79e, 0xffbd, 0xfd48, 0xfc40, 0xfc40, 0xfc40, 0xfc40, 0xfc40, 0xfc61, 0xfe94, 0xffff, 0xb596,
    0x3186, 0x0000, 0x0000, 0x0000, 0x0000, 0x0000, 0x0000, 0x0000, 0x0000, 0x0000, 0x0000, 0x0000,
    0x0000, 0x0000, 0x0000, 0x0000, 0x0000, 0x0000, 0x0000, 0x0000, 0x0000, 0x0000, 0x0000, 0x0000,
    0x0000, 0x0000, 0x0000, 0x0000, 0x0000, 0x5aeb, 0xdedb, 0xffff, 0xfe72, 0xfc61, 0xfc40, 0xfc40,
    0xfc40, 0xfc40, 0xfc40, 0xfce5, 0xff7b, 0xf79e, 0x8410, 0x0000, 0x0000, 0x0000, 0x0000, 0x0000,
    0x0000, 0x0000, 0x0000, 0x0000, 0x0000, 0x0000, 0x0000, 0x0000, 0x0000, 0x0000, 0x0000, 0x0000,
    0x0000, 0x0000, 0x0000, 0x0000, 0x0000, 0x0000, 0x0000, 0x0000, 0x0000, 0x0000, 0x0000, 0x4228,
    0xbdf7, 0xffff, 0xff38, 0xfca4, 0xfc40, 0xfc40, 0xfc40, 0xfc40, 0xfc40, 0xfc40, 0xfe51, 0xffff,
    0xce79, 0x4a69, 0x0000, 0x0000, 0x0000, 0x0000, 0x0000, 0x0000, 0x0000, 0x0000, 0x0000, 0x0000,
    0x0000, 0x0000, 0x0000, 0x0000, 0x0000, 0x0000, 0x0000, 0x0000, 0x0000, 0x0000, 0x0000, 0x0000,
    0x0000, 0x0000, 0x0000, 0x0000, 0x0000, 0x3186, 0xad55, 0xffdf, 0xffbd, 0xfd49, 0xfc40, 0xfc40,
    0xfc40, 0xfc40, 0xfc40, 0xfc40, 0xfd27, 0xff9c, 0xf7be, 0x8c71, 0x0000, 0x0000, 0x0000, 0x0000,
    0x0000, 0x0000, 0x0000, 0x0000, 0x0000, 0x0000, 0x0000, 0x0000, 0x0000, 0x0000, 0x0000, 0x0000,
    0x0000, 0x0000, 0x0000, 0x0000, 0x0000, 0x0000, 0x0000, 0x0000, 0x0000, 0x0000, 0x0000, 0x0000,
    0x9492, 0xf79e, 0xffde, 0xfdcd, 0xfc40, 0xfc40, 0xfc40, 0xfc40, 0xfc40, 0xfc40, 0xfc82, 0xfef6,
    0xffff, 0xc638, 0x4228, 0x0000, 0x0000, 0x0000, 0x0000, 0x0000, 0x0000, 0x0000, 0x0000, 0x0000,
    0x0000, 0x0000, 0x0000, 0x0000, 0x0000, 0x0000, 0x0000, 0x0000, 0x0000, 0x0000, 0x0000, 0x0000,
    0x0000, 0x0000, 0x0000, 0x0000, 0x0000, 0x0000, 0x8410, 0xef7d, 0xffff, 0xfe51, 0xfc61, 0xfc40,
    0xfc40, 0xfc40, 0xfc40, 0xfc40, 0xfc40, 0xfe0f, 0xffff, 0xe73c, 0x738e, 0x0000, 0x0000, 0x0000,
    0x0000, 0x0000, 0x0000, 0x0000, 0x0000, 0x0000, 0x0000, 0x0000, 0x0000, 0x0000, 0x0000, 0x0000,
    0x0000, 0x0000, 0x0000, 0x0000, 0x0000, 0x0000, 0x0000, 0x0000, 0x0000, 0x0000, 0x0000, 0x0000,
    0x738e, 0xe71c, 0xffff, 0xfeb5, 0xfc82, 0xfc40, 0xfc40, 0xfc40, 0xfc40, 0xfc40, 0xfc40, 0xfd49,
    0xffbd, 0xf7be, 0x9cf3, 0x2945, 0x0000, 0x0000, 0x0000, 0x0000, 0x0000, 0x0000, 0x0000, 0x0000,
    0x0000, 0x0000, 0x0000, 0x0000, 0x0000, 0x0000, 0x0000, 0x0000, 0x0000, 0x0000, 0x0000, 0x0000,
    0x0000, 0x0000, 0x0000, 0x0000, 0x0000, 0x0000, 0x5aeb, 0xd6ba, 0xffff, 0xff18, 0xfca3, 0xfc40,
    0xfc40, 0xfc40, 0xfc40, 0xfc40, 0xfc40, 0xfcc4, 0xff5a, 0xffff, 0xbdf7, 0x4208, 0x0000, 0x0000,
    0x0000, 0x0000, 0x0000, 0x0000, 0x0000, 0x0000, 0x0000, 0x0000, 0x0000, 0x0000, 0x0000, 0x0000,
    0x0000, 0x0000, 0x0000, 0x0000, 0x0000, 0x0000, 0x0000, 0x0000, 0x0000, 0x0000, 0x0000, 0x0000,
    0x4a69, 0xce59, 0xffff, 0xff5a, 0xfce5, 0xfc40, 0xfc40, 0xfc40, 0xfc40, 0xfc40, 0xfc40, 0xfc82,
    0xfed6, 0xffff, 0xd6ba, 0x5aeb, 0x0000, 0x0000, 0x0000, 0x0000, 0x0000, 0x0000, 0x0000, 0x0000,
    0x0000, 0x0000, 0x0000, 0x0000, 0x0000, 0x0000, 0x0000, 0x0000, 0x0000, 0x0000, 0x0000, 0x0000,
    0x0000, 0x0000, 0x0000, 0x0000, 0x0000, 0x0000, 0x39e7, 0xbdd7, 0xffdf, 0xff9c, 0xfd48, 0xfc40,
    0xfc40, 0xfc40, 0xfc40, 0xfc40, 0xfc40, 0xfc61, 0xfe72, 0xffff, 0xef5d, 0x7bcf, 0x0000, 0x0000,
    0x0000, 0x0000, 0x0000, 0x0000, 0x0000, 0x0000, 0x0000, 0x0000, 0x0000, 0x0000, 0x0000, 0x0000,
    0x0000, 0x0000, 0x0000, 0x0000, 0x0000, 0x0000, 0x0000, 0x0000, 0x0000, 0x0000, 0x0000, 0x0000,
    0x3186, 0xa534, 0xffdf, 0xffde, 0xfd8b, 0xfc40, 0xfc40, 0xfc40, 0xfc40, 0xfc40, 0xfc40, 0xfc40,
    0xfdcd, 0xffde, 0xf79e, 0x9492, 0x0000, 0x0000, 0x0000, 0x0000, 0x0000, 0x0000, 0x0000, 0x0000,
    0x0000, 0x0000, 0x0000, 0x0000, 0x0000, 0x0000, 0x0000, 0x0000, 0x0000, 0x0000, 0x0000, 0x0000,
    0x0000, 0x0000, 0x0000, 0x0000, 0x0000, 0x0000, 0x0000, 0x9492, 0xf79e, 0xffde, 0xfdee, 0xfc40,
    0xfc40, 0xfc40, 0xfc40, 0xfc40, 0xfc40, 0xfc40, 0xfd6a, 0xffbd, 0xffdf, 0xad55, 0x3186, 0x0000,
    0x0000, 0x0000, 0x0000, 0x0000, 0x0000, 0x0000, 0x0000, 0x0000, 0x0000, 0x0000, 0x0000, 0x0000,
    0x0000, 0x0000, 0x0000, 0x0000, 0x0000, 0x0000, 0x0000, 0x0000, 0x0000, 0x0000, 0x0000, 0x0000,
    0x0000, 0x8410, 0xef7d, 0xffff, 0xfe51, 0xfc61, 0xfc40, 0xfc40, 0xfc40, 0xfc40, 0xfc40, 0xfc40,
    0xfd27, 0xff9b, 0xffff, 0xbdd7, 0x4208, 0x0000, 0x0000, 0x0000, 0x0000, 0x0000, 0x0000, 0x0000,
    0x0000, 0x0000, 0x0000, 0x0000, 0x0000, 0x0000, 0x0000, 0x0000, 0x0000, 0x0000, 0x0000, 0x0000,
    0x0000, 0x0000, 0x0000, 0x0000, 0x0000, 0x0000, 0x0000, 0x738e, 0xe71c, 0xffff, 0xfed5, 0xfc82,
    0xfc40, 0xfc40, 0xfc40, 0xfc40, 0xfc40, 0xfc40, 0xfcc4, 0xff59, 0xffff, 0xce79, 0x528a, 0x0000,
    0x0000, 0x0000, 0x0000, 0x0000, 0x0000, 0x0000, 0x0000, 0x0000, 0x0000, 0x0000, 0x0000, 0x0000,
    0x0000, 0x0000, 0x0000, 0x0000, 0x0000, 0x0000, 0x0000, 0x0000, 0x0000, 0x0000, 0x0000, 0x0000,
    0x0000, 0x5aeb, 0xd6ba, 0xffff, 0xff18, 0xfca3, 0xfc40, 0xfc40, 0xfc40, 0xfc40, 0xfc40, 0xfc40,
    0xfc83, 0xfef6, 0xffff, 0xdedb, 0x630c, 0x0000, 0x0000, 0x0000, 0x0000, 0x0000, 0x0000, 0x0000,
    0x0000, 0x0000, 0x0000, 0x0000, 0x0000, 0x0000, 0x0000, 0x0000, 0x0000, 0x0000, 0x0000, 0x0000,
    0x0000, 0x0000, 0x0000, 0x0000, 0x0000, 0x0000, 0x0000, 0x4a69, 0xce59, 0xffff, 0xff7a, 0xfce5,
    0xfc40, 0xfc40, 0xfc40, 0xfc40, 0xfc40, 0xfc40, 0xfc61, 0xfe93, 0xffff, 0xef5d, 0x7bcf, 0x0000,
    0x0000, 0x0000, 0x0000, 0x0000, 0x0000, 0x0000, 0x0000, 0x0000, 0x0000, 0x0000, 0x0000, 0x0000,
    0x0000, 0x0000, 0x0000, 0x0000, 0x0000, 0x0000, 0x0000, 0x0000, 0x0000, 0x0000, 0x0000, 0x0000,
    0x0000, 0x39e7, 0xb5b6, 0xffdf, 0xff9c, 0xfd48, 0xfc40, 0xfc40, 0xfc40, 0xfc40, 0xfc40, 0xfc40,
    0xfc40, 0xfe30, 0xffff, 0xf79e, 0x8c71, 0x0000, 0x0000, 0x0000, 0x0000, 0x0000, 0x0000, 0x0000,
    0x0000, 0x0000, 0x0000, 0x0000, 0x0000, 0x0000, 0x0000, 0x0000, 0x0000, 0x0000, 0x0000, 0x0000,
    0x0000, 0x0000, 0x0000, 0x0000, 0x0000, 0x0000, 0x0000, 0x2945, 0xa534, 0xffdf, 0xffde, 0xfd8b,
    0xfc40, 0xfc40, 0xfc40, 0xfc40, 0xfc40, 0xfc40, 0xfc40, 0xfdac, 0xffde, 0xf7be, 0xa514, 0x2945,
    0x0000, 0x0000, 0x0000, 0x0000, 0x0000, 0x0000, 0x0000, 0x0000, 0x0000, 0x0000, 0x0000, 0x0000,
    0x0000, 0x0000, 0x0000, 0x0000, 0x0000, 0x0000, 0x0000, 0x0000, 0x0000, 0x0000, 0x0000, 0x0000,
    0x0000, 0x0000, 0x9492, 0xf79e, 0xffde, 0xfdee, 0xfc40, 0xfc40, 0xfc40, 0xfc40, 0xfc40, 0xfc40,
    0xfc40, 0xfd48, 0xffbc, 0xffdf, 0xb596, 0x39c7, 0x0000, 0x0000, 0x0000, 0x0000, 0x0000, 0x0000,
    0x0000, 0x0000, 0x0000, 0x0000, 0x0000, 0x0000, 0x0000, 0x0000, 0x0000, 0x0000, 0x0000, 0x0000,
    0x0000, 0x0000, 0x0000, 0x0000, 0x0000, 0x0000, 0x0000, 0x0000, 0x8410, 0xef7d, 0xffff, 0xfe52,
    0xfc61, 0xfc40, 0xfc40, 0xfc40, 0xfc40, 0xfc40, 0xfc40, 0xfce6, 0xff7b, 0xffff, 0xc618, 0x4228,
    0x0000, 0x0000, 0x0000, 0x0000, 0x0000, 0x0000, 0x0000, 0x0000, 0x0000, 0x0000, 0x0000, 0x0000,
    0x0000, 0x0000, 0x0000, 0x0000, 0x0000, 0x0000, 0x0000, 0x0000, 0x0000, 0x0000, 0x0000, 0x0000,
    0x0000, 0x0000, 0x738e, 0xe71c, 0xffff, 0xfed5, 0xfc82, 0xfc40, 0xfc40, 0xfc40, 0xfc40, 0xfc40,
    0xfc40, 0xfca3, 0xff18, 0xffff, 0xd69a, 0x5acb, 0x0000, 0x0000, 0x0000, 0x0000, 0x0000, 0x0000,
    0x0000, 0x0000, 0x0000, 0x0000, 0x0000, 0x0000, 0x0000, 0x0000, 0x0000, 0x0000, 0x0000, 0x0000,
    0x0000, 0x0000, 0x0000, 0x0000, 0x0000, 0x0000, 0x0000, 0x0000, 0x5aeb, 0xd6ba, 0xffff, 0xff18,
    0xfca3, 0xfc40, 0xfc40, 0xfc40, 0xfc40, 0xfc40, 0xfc40, 0xfc82, 0xfed5, 0xffff, 0xffff, 0xffff,
    0xffff, 0xffff, 0xffff, 0xffff, 0xffff, 0xffff, 0xffff, 0xffff, 0xffff, 0xffff, 0xffff, 0xffff,
    0xffff, 0xffff, 0xffff, 0xf79e, 0x8410, 0x0000, 0x0000, 0x0000, 0x0000, 0x0000, 0x0000, 0x0000,
    0x0000, 0x0000, 0x4a69, 0xce59, 0xffff, 0xff7a, 0xfce5, 0xfc40, 0xfc40, 0xfc40, 0xfc40, 0xfc40,
    0xfc40, 0xfc61, 0xfe51, 0xffff, 0xffff, 0xffff, 0xffff, 0xffff, 0xffff, 0xffff, 0xffff, 0xffff,
    0xffff, 0xffff, 0xffff, 0xffff, 0xffff, 0xffff, 0xffff, 0xffff, 0xffff, 0xffff, 0xf79e, 0x8410,
    0x0000, 0x0000, 0x0000, 0x0000, 0x0000, 0x0000, 0x0000, 0x0000, 0x39e7, 0xb5b6, 0xffdf, 0xff9c,
    0xfd48, 0xfc40, 0xfc40, 0xfc40, 0xfc40, 0xfc40, 0xfc40, 0xfc40, 0xfc40, 0xfc40, 0xfc40, 0xfc40,
    0xfc40, 0xfc40, 0xfc40, 0xfc40, 0xfc40, 0xfc40, 0xfc40, 0xfc40, 0xfc40, 0xfc40, 0xfc40, 0xfc40,
    0xfc40, 0xfc40, 0xfc40, 0xfca3, 0xff39, 0xf79e, 0x8410, 0x0000, 0x0000, 0x0000, 0x0000, 0x0000,
    0x0000, 0x0000, 0x0000, 0x52aa, 0xdefb, 0xffde, 0xfdac, 0xfc40, 0xfc40, 0xfc40, 0xfc40, 0xfc40,
    0xfc40, 0xfc40, 0xfc40, 0xfc40, 0xfc40, 0xfc40, 0xfc40, 0xfc40, 0xfc40, 0xfc40, 0xfc40, 0xfc40,
    0xfc40, 0xfc40, 0xfc40, 0xfc40, 0xfc40, 0xfc40, 0xfc40, 0xfc40, 0xfc40, 0xfc40, 0xfca3, 0xff39,
    0xf79e, 0x8410, 0x0000, 0x0000, 0x0000, 0x0000, 0x0000, 0x0000, 0x0000, 0x0000, 0x52aa, 0xdefb,
    0xffbd, 0xfd48, 0xfc40, 0xfc40, 0xfc40, 0xfc40, 0xfc40, 0xfc40, 0xfc40, 0xfc40, 0xfc40, 0xfc40,
    0xfc40, 0xfc40, 0xfc40, 0xfc40, 0xfc40, 0xfc40, 0xfc40, 0xfc40, 0xfc40, 0xfc40, 0xfc40, 0xfc40,
    0xfc40, 0xfc40, 0xfc40, 0xfc40, 0xfc40, 0xfca3, 0xff39, 0xf79e, 0x8410, 0x0000, 0x0000, 0x0000,
    0x0000, 0x0000, 0x0000, 0x0000, 0x0000, 0x52aa, 0xdefb, 0xffbd, 0xfd48, 0xfc40, 0xfc40, 0xfc40,
    0xfc40, 0xfc40, 0xfc40, 0xfc40, 0xfc40, 0xfc40, 0xfc40, 0xfc40, 0xfc40, 0xfc40, 0xfc40, 0xfc40,
    0xfc40, 0xfc40, 0xfc40, 0xfc40, 0xfc40, 0xfc40, 0xfc40, 0xfc40, 0xfc40, 0xfc40, 0xfc40, 0xfc40,
    0xfca3, 0xff39, 0xf79e, 0x8410, 0x0000, 0x0000, 0x0000, 0x0000, 0x0000, 0x0000, 0x0000, 0x0000,
    0x52aa, 0xdefb, 0xffbd, 0xfd48, 0xfc40, 0xfc40, 0xfc40, 0xfc40, 0xfc40, 0xfc40, 0xfc40, 0xfc40,
    0xfc40, 0xfc40, 0xfc40, 0xfc40, 0xfc40, 0xfc40, 0xfc40, 0xfc40, 0xfc40, 0xfc40, 0xfc40, 0xfc40,
    0xfc40, 0xfc40, 0xfc40, 0xfc40, 0xfc40, 0xfc40, 0xfc40, 0xfca3, 0xff39, 0xf79e, 0x8410, 0x0000,
    0x0000, 0x0000, 0x0000, 0x0000, 0x0000, 0x0000, 0x0000, 0x52aa, 0xdefb, 0xffbd, 0xfd48, 0xfc40,
    0xfc40, 0xfc40, 0xfc40, 0xfc40, 0xfc40, 0xfc40, 0xfc40, 0xfc40, 0xfc40, 0xfc40, 0xfc40, 0xfc40,
    0xfc40, 0xfc40, 0xfc40, 0xfc40, 0xfc40, 0xfc40, 0xfc40, 0xfc40, 0xfc40, 0xfc40, 0xfc40, 0xfc40,
    0xfc40, 0xfc40, 0xfca3, 0xff39, 0xf79e, 0x8410, 0x0000, 0x0000, 0x0000, 0x0000, 0x0000, 0x0000,
    0x0000, 0x0000, 0x52aa, 0xdefb, 0xffff, 0xffff, 0xffff, 0xffff, 0xffff, 0xffff, 0xffff, 0xffff,
    0xffff, 0xffff, 0xffff, 0xffff, 0xffff, 0xffff, 0xffff, 0xffff, 0xffff, 0xffff, 0xffff, 0xffff,
    0xffff, 0xffff, 0xffff, 0xffff, 0xffff, 0xffff, 0xffff, 0xffff, 0xffff, 0xffff, 0xffff, 0xf79e,
    0x8410, 0x0000, 0x0000, 0x0000, 0x0000, 0x0000, 0x0000, 0x0000, 0x0000, 0x52aa, 0xdefb, 0xffff,
    0xffff, 0xffff, 0xffff, 0xffff, 0xffff, 0xffff, 0xffff, 0xffff, 0xffff, 0xffff, 0xffff, 0xffff,
    0xffff, 0xffff, 0xffff, 0xffff, 0xffff, 0xffff, 0xffff, 0xffff, 0xffff, 0xffff, 0xffff, 0xffff,
    0xffff, 0xffff, 0xffff, 0xffff, 0xffff, 0xffff, 0xf79e, 0x8410, 0x0000, 0x0000, 0x0000, 0x0000,
    0x0000, 0x0000, 0x0000, 0x0000, 0x0000, 0x0000, 0x0000, 0x0000, 0x0000, 0x0000, 0x0000, 0x0000,
    0x0000, 0x0000, 0x0000, 0x0000, 0x0000, 0x0000, 0x0000, 0x0000, 0x0000, 0x0000, 0x0000, 0x0000,
    0x0000, 0x0000, 0x0000, 0x0000, 0x0000, 0x0000, 0x0000, 0x0000, 0x0000, 0x0000, 0x0000, 0x0000,
    0x0000, 0x0000, 0x0000, 0x0000, 0x0000, 0x0000, 0x0000, 0x0000, 0x0000, 0x0000, 0x0000, 0x0000,
    0x0000, 0x0000, 0x0000, 0x0000, 0x0000, 0x0000, 0x0000, 0x0000, 0x0000, 0x0000, 0x0000, 0x0000,
    0x0000, 0x0000, 0x0000, 0x0000, 0x0000, 0x0000, 0x0000, 0x0000, 0x0000, 0x0000, 0x0000, 0x0000,
    0x0000, 0x0000, 0x0000, 0x0000, 0x0000, 0x0000, 0x0000, 0x0000, 0x0000, 0x0000, 0x0000, 0x0000,
    0x0000, 0x0000, 0x0000, 0x0000, 0x0000, 0x0000, 0x0000, 0x0000, 0x0000, 0x0000, 0x0000, 0x0000,
    0x0000, 0x0000, 0x0000, 0x0000, 0x0000, 0x0000, 0x0000, 0x0000, 0x0000, 0x0000, 0x0000, 0x0000,
    0x0000, 0x0000, 0x0000, 0x0000, 0x0000, 0x0000, 0x0000, 0x0000, 0x0000, 0x0000, 0x0000, 0x0000,
    0x0000, 0x0000, 0x0000, 0x0000, 0x0000, 0x0000, 0x0000, 0x0000, 0x0000, 0x0000, 0x0000, 0x0000,
    0x0000, 0x0000, 0x0000, 0x0000, 0x0000, 0x0000, 0x0000, 0x0000, 0x0000, 0x0000, 0x0000, 0x0000,
    0x0000, 0x0000, 0x0000, 0x0000, 0x0000, 0x0000, 0x0000, 0x0000, 0x0000, 0x0000, 0x0000, 0x0000,
    0x0000, 0x0000, 0x0000, 0x0000, 0x0000, 0x0000, 0x0000, 0x0000, 0x0000, 0x0000, 0x0000, 0x0000,
    0x0000, 0x0000, 0x0000, 0x0000, 0x0000, 0x0000, 0x0000, 0x0000, 0x0000, 0x0000, 0x0000, 0x0000,
    0x0000, 0x0000, 0x0000, 0x0000, 0x0000, 0x0000, 0x0000, 0x0000, 0x0000, 0x0000, 0x0000, 0x0000,
    0x0000, 0x0000, 0x0000, 0x0000, 0x0000, 0x0000, 0x0000, 0x0000, 0x0000, 0x0000, 0x0000, 0x0000,
    0x0000, 0x0000, 0x0000, 0x0000, 0x0000, 0x0000, 0x0000, 0x0000, 0x0000, 0x0000, 0x0000, 0x0000,
    0x0000, 0x0000, 0x0000, 0x0000, 0x0000, 0x0000, 0x0000, 0x0000, 0x0000, 0x0000, 0x0000, 0x0000,
    0x0000, 0x0000, 0x0000, 0x0000, 0x0000, 0x0000, 0x0000, 0x0000, 0x0000, 0x0000, 0x0000, 0x0000,
    0x0000, 0x0000, 0x0000, 0x0000, 0x0000, 0x0000, 0x0000, 0x0000, 0x0000, 0x0000, 0x0000, 0x0000,
    0x0000, 0x0000, 0x0000, 0x0000, 0x0000, 0x0000, 0x0000, 0x0000, 0x0000, 0x0000, 0x0000, 0x0000,
    0x0000, 0x0000, 0x0000, 0x0000, 0x0000, 0x0000, 0x0000, 0x0000, 0x0000, 0x0000, 0x0000, 0x0000,
    0x0000, 0x0000, 0x0000, 0x0000, 0x0000, 0x0000, 0x0000, 0x0000, 0x0000, 0x0000, 0x0000, 0x0000,
    0x0000, 0x0000, 0x0000, 0x0000, 0x0000, 0x0000, 0x0000, 0x0000, 0x0000, 0x0000, 0x0000, 0x0000,
    0x0000, 0x0000, 0x0000, 0x0000, 0x0000, 0x0000, 0x0000, 0x0000, 0x0000, 0x0000, 0x0000, 0x0000,
    0x0000, 0x0000, 0x0000, 0x0000, 0x0000, 0x0000, 0x0000, 0x0000, 0x0000, 0x0000, 0x0000, 0x0000,
    0x0000, 0x0000, 0x0000, 0x0000, 0x0000, 0x0000, 0x0000, 0x0000, 0x0000, 0x0000, 0x0000, 0x0000,
    0x0000, 0x0000, 0x0000, 0x0000, 0x0000, 0x0000, 0x0000, 0x0000, 0x0000, 0x0000, 0x0000, 0x0000,
    0x0000, 0x0000, 0x0000, 0x0000, 0x0000, 0x0000, 0x0000, 0x0000, 0x0000, 0x0000, 0x0000, 0x0000,
    0x0000, 0x0000, 0x0000, 0x0000, 0x0000, 0x0000, 0x0000, 0x0000, 0x0000, 0x0000, 0x0000, 0x0000,
    0x0000, 0x0000, 0x0000, 0x0000, 0x0000, 0x0000, 0x0000, 0x0000, 0x0000, 0x0000, 0x0000, 0x0000,
    0x0000, 0x0000, 0x0000, 0x0000, 0x0000, 0x0000, 0x0000, 0x0000, 0x0000, 0x0000, 0x0000, 0x0000,
    0x0000, 0x0000, 0x0000, 0x0000, 0x0000, 0x0000, 0x0000, 0x0000, 0x0000, 0x0000, 0x0000, 0x0000,
    0x0000, 0x0000, 0x0000, 0x0000, 0x0000, 0x0000, 0x0000, 0x0000, 0x0000, 0x0000, 0x0000, 0x0000,
    0x0000, 0x0000, 0x0000, 0x0000, 0x0000, 0x0000, 0x0000, 0x0000, 0x0000, 0x0000, 0x0000, 0x0000,
    0x0000, 0x0000, 0x0000, 0x0000, 0x0000, 0x0000, 0x0000, 0x0000, 0x0000, 0x0000, 0x0000, 0x0000,
    0x0000, 0x0000, 0x0000, 0x0000, 0x0000, 0x0000, 0x0000, 0x0000, 0x0000, 0x0000, 0x0000, 0x0000,
    0x0000, 0x0000, 0x0000, 0x0000, 0x0000, 0x0000, 0x0000, 0x0000, 0x0000, 0x0000, 0x0000, 0x0000,
    0x0000, 0x0000, 0x0000, 0x0000, 0x0000, 0x0000, 0x0000, 0x0000, 0x0000, 0x0000, 0x0000, 0x0000,
    0x0000, 0x0000, 0x0000, 0x0000, 0x0000, 0x0000, 0x0000, 0x0000, 0x0000, 0x0000, 0x0000, 0x0000,
    0x0000, 0x0000, 0x0000, 0x0000, 0x0000, 0x0000, 0x0000, 0x0000, 0x0000, 0x0000, 0x0000, 0x0000,
    0x0000, 0x0000, 0x0000, 0x0000, 0x0000, 0x0000, 0x0000, 0x0000, 0x0000, 0x0000, 0x0000};

static const uint16_t image_data_sfc_43x65_f65_3[2795] = {
    0x0000, 0x0000, 0x0000, 0x0000, 0x0000, 0x0000, 0x0000, 0x0000, 0x0000, 0x0000, 0x0000, 0x0000,
    0x0000, 0x0000, 0x0000, 0x0000, 0x0000, 0x0000, 0x0000, 0x0000, 0x0000, 0x0000, 0x0000, 0x0000,
    0x0000, 0x0000, 0x0000, 0x0000, 0x0000, 0x0000, 0x0000, 0x0000, 0x0000, 0x0000, 0x0000, 0x0000,
    0x0000, 0x0000, 0x0000, 0x0000, 0x0000, 0x0000, 0x0000, 0x0000, 0x0000, 0x0000, 0x0000, 0x0000,
    0x0000, 0x0000, 0x0000, 0x0000, 0x0000, 0x0000, 0x0000, 0x0000, 0x0000, 0x0000, 0x0000, 0x0000,
    0x0000, 0x0000, 0x0000, 0x0000, 0x0000, 0x0000, 0x0000, 0x0000, 0x0000, 0x0000, 0x0000, 0x0000,
    0x0000, 0x0000, 0x0000, 0x0000, 0x0000, 0x0000, 0x0000, 0x0000, 0x0000, 0x0000, 0x0000, 0x0000,
    0x0000, 0x0000, 0x0000, 0x0000, 0x0000, 0x0000, 0x0000, 0x0000, 0x0000, 0x0000, 0x0000, 0x0000,
    0x0000, 0x0000, 0x0000, 0x0000, 0x0000, 0x0000, 0x0000, 0x0000, 0x0000, 0x0000, 0x0000, 0x0000,
    0x0000, 0x0000, 0x0000, 0x0000, 0x0000, 0x0000, 0x0000, 0x0000, 0x0000, 0x0000, 0x0000, 0x0000,
    0x0000, 0x0000, 0x0000, 0x0000, 0x0000, 0x0000, 0x0000, 0x0000, 0x0000, 0x0000, 0x0000, 0x0000,
    0x0000, 0x0000, 0x0000, 0x0000, 0x0000, 0x0000, 0x0000, 0x0000, 0x0000, 0x0000, 0x0000, 0x0000,
    0x0000, 0x0000, 0x0000, 0x738e, 0x9cd3, 0xb5b6, 0xc638, 0xce59, 0xce59, 0xc618, 0xa534, 0x7bef,
    0x3186, 0x0000, 0x0000, 0x0000, 0x0000, 0x0000, 0x0000, 0x0000, 0x0000, 0x0000, 0x0000, 0x0000,
    0x0000, 0x0000, 0x0000, 0x0000, 0x0000, 0x0000, 0x0000, 0x0000, 0x0000, 0x0000, 0x0000, 0x0000,
    0x0000, 0x0000, 0x0000, 0x0000, 0x0000, 0x0000, 0x3186, 0x8c51, 0xce79, 0xf79e, 0xffff, 0xffff,
    0xffff, 0xffff, 0xffff, 0xffff, 0xffff, 0xffff, 0xffff, 0xffdf, 0xdefb, 0x9cf3, 0x4208, 0x0000,
    0x0000, 0x0000, 0x0000, 0x0000, 0x0000, 0x0000, 0x0000, 0x0000, 0x0000, 0x0000, 0x0000, 0x0000,
    0x0000, 0x0000, 0x0000, 0x0000, 0x0000, 0x0000, 0x0000, 0x0000, 0x0000, 0x0000, 0x0000, 0x2945,
    0x9492, 0xe73c, 0xffff, 0xffff, 0xffff, 0xffbd, 0xfed6, 0xfe30, 0xfdcd, 0xfdcd, 0xfdcd, 0xfded,
    0xfe93, 0xff7b, 0xffff, 0xffff, 0xffff, 0xef7d, 0xad55, 0x4228, 0x0000, 0x0000, 0x0000, 0x0000,
    0x0000, 0x0000, 0x0000, 0x0000, 0x0000, 0x0000, 0x0000, 0x0000, 0x0000, 0x0000, 0x0000, 0x0000,
    0x0000, 0x0000, 0x0000, 0x0000, 0x0000, 0x5acb, 0xce59, 0xffff, 0xffff, 0xff9c, 0xfe0f, 0xfce5,
    0xfc40, 0xfc40, 0xfc40, 0xfc40, 0xfc40, 0xfc40, 0xfc40, 0xfc40, 0xfc40, 0xfc82, 0xfdac, 0xff5a,
    0xffff, 0xffff, 0xdedb, 0x738e, 0x0000, 0x0000, 0x0000, 0x0000, 0x0000, 0x0000, 0x0000, 0x0000,
    0x0000, 0x0000, 0x0000, 0x0000, 0x0000, 0x0000, 0x0000, 0x0000, 0x0000, 0x0000, 0x0000, 0x632c,
    0xdedb, 0xffff, 0xffbd, 0xfe0f, 0xfc61, 0xfc40, 0xfc40, 0xfc40, 0xfc40, 0xfc40, 0xfc40, 0xfc40,
    0xfc40, 0xfc40, 0xfc40, 0xfc40, 0xfc40, 0xfc40, 0xfc40, 0xfd8a, 0xff9b, 0xffff, 0xef7d, 0x8c71,
    0x0000, 0x0000, 0x0000, 0x0000, 0x0000, 0x0000, 0x0000, 0x0000, 0x0000, 0x0000, 0x0000, 0x0000,
    0x0000, 0x0000, 0x0000, 0x0000, 0x0000, 0x5aeb, 0xdedb, 0xffff, 0xff5a, 0xfd06, 0xfc40, 0xfc40,
    0xfc40, 0xfc40, 0xfc40, 0xfc40, 0xfc40, 0xfc40, 0xfc40, 0xfc40, 0xfc40, 0xfc40, 0xfc40, 0xfc40,
    0xfc40, 0xfc40, 0xfc40, 0xfca3, 0xfed5, 0xffff, 0xf79e, 0x8c71, 0x0000, 0x0000, 0x0000, 0x0000,
    0x0000, 0x0000, 0x0000, 0x0000, 0x0000, 0x0000, 0x0000, 0x0000, 0x0000, 0x0000, 0x0000, 0x4228,
    0xc638, 0xffff, 0xff5a, 0xfce5, 0xfc40, 0xfc40, 0xfc40, 0xfc40, 0xfc40, 0xfc40, 0xfc40, 0xfc40,
    0xfc40, 0xfc40, 0xfc40, 0xfc40, 0xfc40, 0xfc40, 0xfc40, 0xfc40, 0xfc40, 0xfc40, 0xfc40, 0xfc82,
    0xfed5, 0xffff, 0xe73c, 0x73ae, 0x0000, 0x0000, 0x0000, 0x0000, 0x0000, 0x0000, 0x0000, 0x0000,
    0x0000, 0x0000, 0x0000, 0x0000, 0x0000, 0x2945, 0x9cf3, 0xffdf, 0xffbd, 0xfd49, 0xfc40, 0xfc40,
    0xfc40, 0xfc40, 0xfc40, 0xfc40, 0xfc40, 0xfc40, 0xfc40, 0xfc40, 0xfc40, 0xfc40, 0xfc40, 0xfc40,
    0xfc40, 0xfc40, 0xfc40, 0xfc40, 0xfc40, 0xfc40, 0xfc40, 0xfc82, 0xfef7, 0xffff, 0xce59, 0x4a49,
    0x0000, 0x0000, 0x0000, 0x0000, 0x0000, 0x0000, 0x0000, 0x0000, 0x0000, 0x0000, 0x0000, 0x0000,
    0x632c, 0xe71c, 0xffff, 0xfe0f, 0xfc40, 0xfc40, 0xfc40, 0xfc40, 0xfc40, 0xfc40, 0xfc40, 0xfc40,
    0xfc40, 0xfcc4, 0xfd28, 0xfdac, 0xfd8b, 0xfce5, 0xfc40, 0xfc40, 0xfc40, 0xfc40, 0xfc40, 0xfc40,
    0xfc40, 0xfc40, 0xfc40, 0xfd28, 0xffbc, 0xf7be, 0x8c71, 0x0000, 0x0000, 0x0000, 0x0000, 0x0000,
    0x0000, 0x0000, 0x0000, 0x0000, 0x0000, 0x0000, 0x2945, 0xa534, 0xffdf, 0xff39, 0xfca3, 0xfc40,
    0xfc40, 0xfc40, 0xfc40, 0xfc40, 0xfc40, 0xfc40, 0xfdac, 0xff7b, 0xffff, 0xffff, 0xffff, 0xffff,
    0xffff, 0xffbd, 0xfe0f, 0xfc61, 0xfc40, 0xfc40, 0xfc40, 0xfc40, 0xfc40, 0xfc40, 0xfc40, 0xfe51,
    0xffff, 0xce59, 0x4228, 0x0000, 0x0000, 0x0000, 0x0000, 0x0000, 0x0000, 0x0000, 0x0000, 0x0000,
    0x0000, 0x528a, 0xd6ba, 0xffff, 0xfded, 0xfc40, 0xfc40, 0xfc40, 0xfc40, 0xfc40, 0xfc40, 0xfc61,
    0xfe72, 0xffff, 0xffff, 0xf7be, 0xdefb, 0xce59, 0xd69a, 0xef7d, 0xffff, 0xffff, 0xff18, 0xfca4,
    0xfc40, 0xfc40, 0xfc40, 0xfc40, 0xfc40, 0xfc40, 0xfd48, 0xffbd, 0xef5d, 0x6b6d, 0x0000, 0x0000,
    0x0000, 0x0000, 0x0000, 0x0000, 0x0000, 0x0000, 0x0000, 0x0000, 0x7bcf, 0xef7d, 0xff9c, 0xfd06,
    0xfc40, 0xfc40, 0xfc40, 0xfc40, 0xfc40, 0xfc40, 0xfdee, 0xffff, 0xf7be, 0xad55, 0x39e7, 0x0000,
    0x0000, 0x0000, 0x2945, 0x8c71, 0xef5d, 0xffff, 0xfeb4, 0xfc61, 0xfc40, 0xfc40, 0xfc40, 0xfc40,
    0xfc40, 0xfc82, 0xff18, 0xf7be, 0x9492, 0x0000, 0x0000, 0x0000, 0x0000, 0x0000, 0x0000, 0x0000,
    0x0000, 0x0000, 0x0000, 0x94b2, 0xf7be, 0xff17, 0xfc82, 0xfc40, 0xfc40, 0xfc40, 0xfc40, 0xfc40,
    0xfcc5, 0xff7a, 0xffdf, 0xa514, 0x2945, 0x0000, 0x0000, 0x0000, 0x0000, 0x0000, 0x0000, 0x7bef,
    0xef7d, 0xffbd, 0xfd49, 0xfc40, 0xfc40, 0xfc40, 0xfc40, 0xfc40, 0xfc61, 0xfeb4, 0xffdf, 0xad55,
    0x2945, 0x0000, 0x0000, 0x0000, 0x0000, 0x0000, 0x0000, 0x0000, 0x0000, 0x2945, 0xad75, 0xffdf,
    0xfeb4, 0xfc61, 0xfc40, 0xfc40, 0xfc40, 0xfc40, 0xfc40, 0xfdcd, 0xffde, 0xd6ba, 0x528a, 0x0000,
    0x0000, 0x0000, 0x0000, 0x0000, 0x0000, 0x0000, 0x39e7, 0xbdf7, 0xffff, 0xfe31, 0xfc40, 0xfc40,
    0xfc40, 0xfc40, 0xfc40, 0xfc40, 0xfe31, 0xffff, 0xb5b6, 0x3186, 0x0000, 0x0000, 0x0000, 0x0000,
    0x0000, 0x0000, 0x0000, 0x0000, 0x3186, 0xb596, 0xffff, 0xfe51, 0xfc40, 0xfc40, 0xfc40, 0xfc40,
    0xfc40, 0xfc40, 0xfe51, 0xffff, 0xb596, 0x2945, 0x0000, 0x0000, 0x0000, 0x0000, 0x0000, 0x0000,
    0x0000, 0x0000, 0xa514, 0xffdf, 0xfeb4, 0xfc61, 0xfc40, 0xfc40, 0xfc40, 0xfc40, 0xfc40, 0xfe30,
    0xffdf, 0xbdd7, 0x39c7, 0x0000, 0x0000, 0x0000, 0x0000, 0x0000, 0x0000, 0x0000, 0x0000, 0x39c7,
    0xbdd7, 0xffff, 0xfe93, 0xfce6, 0xfcc5, 0xfcc5, 0xfcc5, 0xfcc5, 0xfd07, 0xfef7, 0xffdf, 0xa514,
    0x0000, 0x0000, 0x0000, 0x0000, 0x0000, 0x0000, 0x0000, 0x0000, 0x0000, 0x9cf3, 0xffdf, 0xfeb4,
    0xfc61, 0xfc40, 0xfc40, 0xfc40, 0xfc40, 0xfc40, 0xfe51, 0xffdf, 0xb596, 0x3186, 0x0000, 0x0000,
    0x0000, 0x0000, 0x0000, 0x0000, 0x0000, 0x0000, 0x39c7, 0xbdd7, 0xffff, 0xffff, 0xffff, 0xffff,
    0xffff, 0xffff, 0xffff, 0xffff, 0xffff, 0xffdf, 0x9cd3, 0x0000, 0x0000, 0x0000, 0x0000, 0x0000,
    0x0000, 0x0000, 0x0000, 0x3186, 0xb5b6, 0xffff, 0xfe72, 0xfc40, 0xfc40, 0xfc40, 0xfc40, 0xfc40,
    0xfc40, 0xfe73, 0xffdf, 0xad75, 0x2945, 0x0000, 0x0000, 0x0000, 0x0000, 0x0000, 0x0000, 0x0000,
    0x0000, 0x3186, 0xa534, 0xe73c, 0xef5d, 0xef5d, 0xef5d, 0xef5d, 0xef5d, 0xef5d, 0xef5d, 0xef5d,
    0xdefb, 0x8410, 0x0000, 0x0000, 0x0000, 0x0000, 0x0000, 0x0000, 0x0000, 0x0000, 0x6b4d, 0xe71c,
    0xffde, 0xfd8b, 0xfc40, 0xfc40, 0xfc40, 0xfc40, 0xfc40, 0xfc82, 0xff18, 0xf7be, 0x9492, 0x0000,
    0x0000, 0x0000, 0x0000, 0x0000, 0x0000, 0x0000, 0x0000, 0x0000, 0x0000, 0x0000, 0x0000, 0x0000,
    0x0000, 0x0000, 0x0000, 0x0000, 0x0000, 0x0000, 0x0000, 0x0000, 0x0000, 0x0000, 0x0000, 0x0000,
    0x0000, 0x0000, 0x0000, 0x0000, 0x5aeb, 0xd69a, 0xffff, 0xff17, 0xfc82, 0xfc40, 0xfc40, 0xfc40,
    0xfc40, 0xfc40, 0xfd06, 0xff9c, 0xef5d, 0x6b6d, 0x0000, 0x0000, 0x0000, 0x0000, 0x0000, 0x0000,
    0x0000, 0x0000, 0x0000, 0x0000, 0x0000, 0x0000, 0x0000, 0x0000, 0x0000, 0x0000, 0x0000, 0x0000,
    0x0000, 0x0000, 0x0000, 0x0000, 0x0000, 0x0000, 0x0000, 0x0000, 0x2945, 0x7bcf, 0xbdd7, 0xf79e,
    0xffff, 0xff7b, 0xfd07, 0xfc40, 0xfc40, 0xfc40, 0xfc40, 0xfc40, 0xfc40, 0xfe30, 0xffff, 0xce79,
    0x4a49, 0x0000, 0x0000, 0x0000, 0x0000, 0x0000, 0x0000, 0x0000, 0x0000, 0x0000, 0x0000, 0x0000,
    0x0000, 0x0000, 0x0000, 0x0000, 0x0000, 0x0000, 0x0000, 0x8410, 0xf79e, 0xffff, 0xffff, 0xffff,
    0xffff, 0xffff, 0xffff, 0xffff, 0xffff, 0xffff, 0xffff, 0xff18, 0xfce5, 0xfc40, 0xfc40, 0xfc40,
    0xfc40, 0xfc40, 0xfc40, 0xfcc5, 0xff5a, 0xf7be, 0x9cd3, 0x0000, 0x0000, 0x0000, 0x0000, 0x0000,
    0x0000, 0x0000, 0x0000, 0x0000, 0x0000, 0x0000, 0x0000, 0x0000, 0x0000, 0x0000, 0x0000, 0x0000,
    0x0000, 0x0000, 0x8410, 0xf79e, 0xffff, 0xffff, 0xffff, 0xffff, 0xffff, 0xffff, 0xffff, 0xff9c,
    0xfe93, 0xfd48, 0xfc40, 0xfc40, 0xfc40, 0xfc40, 0xfc40, 0xfc40, 0xfc40, 0xfc61, 0xfe93, 0xffff,
    0xd6ba, 0x52aa, 0x0000, 0x0000, 0x0000, 0x0000, 0x0000, 0x0000, 0x0000, 0x0000, 0x0000, 0x0000,
    0x0000, 0x0000, 0x0000, 0x0000, 0x0000, 0x0000, 0x0000, 0x0000, 0x0000, 0x8410, 0xf79e, 0xff39,
    0xfca3, 0xfc40, 0xfc40, 0xfc40, 0xfc40, 0xfc40, 0xfc40, 0xfc40, 0xfc40, 0xfc40, 0xfc40, 0xfc40,
    0xfc40, 0xfc40, 0xfc40, 0xfc61, 0xfe30, 0xffff, 0xef7d, 0x8410, 0x0000, 0x0000, 0x0000, 0x0000,
    0x0000, 0x0000, 0x0000, 0x0000, 0x0000, 0x0000, 0x0000, 0x0000, 0x0000, 0x0000, 0x0000, 0x0000,
    0x0000, 0x0000, 0x0000, 0x0000, 0x8410, 0xf79e, 0xff39, 0xfca3, 0xfc40, 0xfc40, 0xfc40, 0xfc40,
    0xfc40, 0xfc40, 0xfc40, 0xfc40, 0xfc40, 0xfc40, 0xfc40, 0xfc40, 0xfc40, 0xfc61, 0xfe73, 0xffff,
    0xf7be, 0xa534, 0x2945, 0x0000, 0x0000, 0x0000, 0x0000, 0x0000, 0x0000, 0x0000, 0x0000, 0x0000,
    0x0000, 0x0000, 0x0000, 0x0000, 0x0000, 0x0000, 0x0000, 0x0000, 0x0000, 0x0000, 0x0000, 0x8410,
    0xf79e, 0xff39, 0xfca3, 0xfc40, 0xfc40, 0xfc40, 0xfc40, 0xfc40, 0xfc40, 0xfc40, 0xfc40, 0xfc40,
    0xfc40, 0xfc40, 0xfc40, 0xfc61, 0xfe93, 0xffff, 0xffff, 0xd6ba, 0x5acb, 0x0000, 0x0000, 0x0000,
    0x0000, 0x0000, 0x0000, 0x0000, 0x0000, 0x0000, 0x0000, 0x0000, 0x0000, 0x0000, 0x0000, 0x0000,
    0x0000, 0x0000, 0x0000, 0x0000, 0x0000, 0x0000, 0x8410, 0xf79e, 0xff39, 0xfca3, 0xfc40, 0xfc40,
    0xfc40, 0xfc40, 0xfc40, 0xfc40, 0xfc40, 0xfc40, 0xfc40, 0xfc40, 0xfc40, 0xfc40, 0xfc40, 0xfc82,
    0xfe51, 0xffde, 0xffff, 0xe71c, 0x73ae, 0x0000, 0x0000, 0x0000, 0x0000, 0x0000, 0x0000, 0x0000,
    0x0000, 0x0000, 0x0000, 0x0000, 0x0000, 0x0000, 0x0000, 0x0000, 0x0000, 0x0000, 0x0000, 0x0000,
    0x0000, 0x8410, 0xf79e, 0xff39, 0xfca3, 0xfc40, 0xfc40, 0xfc40, 0xfc40, 0xfc40, 0xfc40, 0xfc40,
    0xfc40, 0xfc40, 0xfc40, 0xfc40, 0xfc40, 0xfc40, 0xfc40, 0xfc40, 0xfd27, 0xff59, 0xffff, 0xdefb,
    0x6b6d, 0x0000, 0x0000, 0x0000, 0x0000, 0x0000, 0x0000, 0x0000, 0x0000, 0x0000, 0x0000, 0x0000,
    0x0000, 0x0000, 0x0000, 0x0000, 0x0000, 0x0000, 0x0000, 0x0000, 0x8410, 0xf79e, 0xff39, 0xfca3,
    0xfc40, 0xfc40, 0xfc40, 0xfc40, 0xfc40, 0xfc40, 0xfc40, 0xfc40, 0xfc40, 0xfc40, 0xfc40, 0xfc40,
    0xfc40, 0xfc40, 0xfc40, 0xfc40, 0xfcc4, 0xff38, 0xffff, 0xd69a, 0x528a, 0x0000, 0x0000, 0x0000,
    0x0000, 0x0000, 0x0000, 0x0000, 0x0000, 0x0000, 0x0000, 0x0000, 0x0000, 0x0000, 0x0000, 0x0000,
    0x0000, 0x0000, 0x0000, 0x8410, 0xf79e, 0xffff, 0xffff, 0xffff, 0xffff, 0xffff, 0xffff, 0xffbd,
    0xfef6, 0xfeb4, 0xfdee, 0xfce5, 0xfc40, 0xfc40, 0xfc40, 0xfc40, 0xfc40, 0xfc40, 0xfc40, 0xfc40,
    0xfce5, 0xff7b, 0xffdf, 0x9cf3, 0x2945, 0x0000, 0x0000, 0x0000, 0x0000, 0x0000, 0x0000, 0x0000,
    0x0000, 0x0000, 0x0000, 0x0000, 0x0000, 0x0000, 0x0000, 0x0000, 0x0000, 0x0000, 0x8410, 0xf79e,
    0xffff, 0xffff, 0xffff, 0xffff, 0xffff, 0xffff, 0xffff, 0xffff, 0xffff, 0xffff, 0xffff, 0xff39,
    0xfd27, 0xfc40, 0xfc40, 0xfc40, 0xfc40, 0xfc40, 0xfc40, 0xfc40, 0xfded, 0xffde, 0xe71c, 0x632c,
    0x0000, 0x0000, 0x0000, 0x0000, 0x0000, 0x0000, 0x0000, 0x0000, 0x0000, 0x0000, 0x0000, 0x0000,
    0x0000, 0x0000, 0x0000, 0x0000, 0x0000, 0x0000, 0x0000, 0x0000, 0x0000, 0x0000, 0x0000, 0x0000,
    0x0000, 0x5aeb, 0x94b2, 0xa514, 0xce59, 0xf7be, 0xffff, 0xffde, 0xfdcd, 0xfc40, 0xfc40, 0xfc40,
    0xfc40, 0xfc40, 0xfc40, 0xfca3, 0xff18, 0xffdf, 0x9cf3, 0x0000, 0x0000, 0x0000, 0x0000, 0x0000,
    0x0000, 0x0000, 0x0000, 0x0000, 0x0000, 0x0000, 0x0000, 0x0000, 0x0000, 0x0000, 0x0000, 0x0000,
    0x0000, 0x0000, 0x0000, 0x0000, 0x0000, 0x0000, 0x0000, 0x0000, 0x0000, 0x0000, 0x0000, 0x0000,
    0x528a, 0xbdf7, 0xffdf, 0xffbd, 0xfd49, 0xfc40, 0xfc40, 0xfc40, 0xfc40, 0xfc40, 0xfc40, 0xfe0f,
    0xffff, 0xc638, 0x4208, 0x0000, 0x0000, 0x0000, 0x0000, 0x0000, 0x0000, 0x0000, 0x0000, 0x0000,
    0x0000, 0x0000, 0x0000, 0x0000, 0x0000, 0x0000, 0x0000, 0x0000, 0x0000, 0x0000, 0x0000, 0x0000,
    0x0000, 0x0000, 0x0000, 0x0000, 0x0000, 0x0000, 0x0000, 0x0000, 0x4208, 0xbdd7, 0xffff, 0xfef6,
    0xfc82, 0xfc40, 0xfc40, 0xfc40, 0xfc40, 0xfc40, 0xfd49, 0xffde, 0xdefb, 0x5aeb, 0x0000, 0x0000,
    0x0000, 0x0000, 0x0000, 0x0000, 0x4208, 0xbdd7, 0xef5d, 0xef5d, 0xef5d, 0xef5d, 0xef5d, 0xef5d,
    0xef5d, 0xef5d, 0xef5d, 0xd69a, 0x632c, 0x0000, 0x0000, 0x0000, 0x0000, 0x0000, 0x0000, 0x0000,
    0x0000, 0x0000, 0x0000, 0x0000, 0x738e, 0xef5d, 0xff9c, 0xfd07, 0xfc40, 0xfc40, 0xfc40, 0xfc40,
    0xfc40, 0xfcc5, 0xff7b, 0xef7d, 0x73ae, 0x0000, 0x0000, 0x0000, 0x0000, 0x0000, 0x0000, 0x39e7,
    0xce59, 0xffff, 0xffff, 0xffff, 0xffff, 0xffff, 0xffff, 0xffff, 0xffff, 0xffff, 0xf79e, 0x8410,
    0x0000, 0x0000, 0x0000, 0x0000, 0x0000, 0x0000, 0x0000, 0x0000, 0x0000, 0x0000, 0x0000, 0x4a69,
    0xd69a, 0xffde, 0xfd8a, 0xfc40, 0xfc40, 0xfc40, 0xfc40, 0xfc40, 0xfca3, 0xff39, 0xf79e, 0x8410,
    0x0000, 0x0000, 0x0000, 0x0000, 0x0000, 0x0000, 0x39e7, 0xc638, 0xffff, 0xfe72, 0xfce5, 0xfce5,
    0xfce5, 0xfce5, 0xfce5, 0xfd28, 0xff38, 0xf7be, 0x94b2, 0x0000, 0x0000, 0x0000, 0x0000, 0x0000,
    0x0000, 0x0000, 0x0000, 0x0000, 0x0000, 0x0000, 0x4208, 0xce59, 0xffff, 0xfdac, 0xfc40, 0xfc40,
    0xfc40, 0xfc40, 0xfc40, 0xfca3, 0xff39, 0xf79e, 0x8410, 0x0000, 0x0000, 0x0000, 0x0000, 0x0000,
    0x0000, 0x39c7, 0xbdf7, 0xffff, 0xfe0f, 0xfc40, 0xfc40, 0xfc40, 0xfc40, 0xfc40, 0xfc61, 0xfe93,
    0xffdf, 0xad75, 0x2945, 0x0000, 0x0000, 0x0000, 0x0000, 0x0000, 0x0000, 0x0000, 0x0000, 0x0000,
    0x0000, 0x528a, 0xd6ba, 0xffde, 0xfd8a, 0xfc40, 0xfc40, 0xfc40, 0xfc40, 0xfc40, 0xfca3, 0xff39,
    0xf79e, 0x8410, 0x0000, 0x0000, 0x0000, 0x0000, 0x0000, 0x0000, 0x3186, 0xb596, 0xffff, 0xfe93,
    0xfc61, 0xfc40, 0xfc40, 0xfc40, 0xfc40, 0xfc40, 0xfdcd, 0xffff, 0xd6ba, 0x528a, 0x0000, 0x0000,
    0x0000, 0x0000, 0x0000, 0x0000, 0x0000, 0x0000, 0x0000, 0x0000, 0x73ae, 0xef7d, 0xff9c, 0xfd06,
    0xfc40, 0xfc40, 0xfc40, 0xfc40, 0xfc40, 0xfcc5, 0xff7b, 0xef5d, 0x738e, 0x0000, 0x0000, 0x0000,
    0x0000, 0x0000, 0x0000, 0x0000, 0x9cf3, 0xffdf, 0xfef6, 0xfc61, 0xfc40, 0xfc40, 0xfc40, 0xfc40,
    0xfc40, 0xfcc4, 0xff7a, 0xffdf, 0x9cf3, 0x2945, 0x0000, 0x0000, 0x0000, 0x0000, 0x0000, 0x0000,
    0x0000, 0x0000, 0x4a49, 0xc638, 0xffff, 0xfed5, 0xfc61, 0xfc40, 0xfc40, 0xfc40, 0xfc40, 0xfc40,
    0xfd49, 0xffde, 0xdefb, 0x5aeb, 0x0000, 0x0000, 0x0000, 0x0000, 0x0000, 0x0000, 0x0000, 0x8410,
    0xf79e, 0xff7b, 0xfcc5, 0xfc40, 0xfc40, 0xfc40, 0xfc40, 0xfc40, 0xfc40, 0xfdee, 0xffff, 0xf79e,
    0x9cd3, 0x2945, 0x0000, 0x0000, 0x0000, 0x0000, 0x0000, 0x0000, 0x5acb, 0xce59, 0xffff, 0xffbd,
    0xfd28, 0xfc40, 0xfc40, 0xfc40, 0xfc40, 0xfc40, 0xfc40, 0xfe0f, 0xffff, 0xc638, 0x4208, 0x0000,
    0x0000, 0x0000, 0x0000, 0x0000, 0x0000, 0x0000, 0x5aeb, 0xdedb, 0xffde, 0xfdac, 0xfc40, 0xfc40,
    0xfc40, 0xfc40, 0xfc40, 0xfc40, 0xfc61, 0xfe93, 0xffff, 0xffff, 0xdefb, 0xb5b6, 0x9cd3, 0x9cd3,
    0x9cd3, 0xa534, 0xce79, 0xf7be, 0xffff, 0xffbd, 0xfd8b, 0xfc40, 0xfc40, 0xfc40, 0xfc40, 0xfc40,
    0xfc40, 0xfc83, 0xff18, 0xffdf, 0x9cf3, 0x0000, 0x0000, 0x0000, 0x0000, 0x0000, 0x0000, 0x0000,
    0x0000, 0x3186, 0xb596, 0xffff, 0xfef6, 0xfc82, 0xfc40, 0xfc40, 0xfc40, 0xfc40, 0xfc40, 0xfc40,
    0xfc61, 0xfe0f, 0xffde, 0xffff, 0xffff, 0xffff, 0xffff, 0xffff, 0xffff, 0xffff, 0xffff, 0xff17,
    0xfce6, 0xfc40, 0xfc40, 0xfc40, 0xfc40, 0xfc40, 0xfc40, 0xfc40, 0xfdab, 0xffde, 0xe73c, 0x6b4d,
    0x0000, 0x0000, 0x0000, 0x0000, 0x0000, 0x0000, 0x0000, 0x0000, 0x0000, 0x73ae, 0xef5d, 0xffde,
    0xfdac, 0xfc40, 0xfc40, 0xfc40, 0xfc40, 0xfc40, 0xfc40, 0xfc40, 0xfc40, 0xfc82, 0xfd8b, 0xfe72,
    0xfed5, 0xfed5, 0xfed5, 0xfeb4, 0xfded, 0xfcc5, 0xfc40, 0xfc40, 0xfc40, 0xfc40, 0xfc40, 0xfc40,
    0xfc40, 0xfc40, 0xfcc4, 0xff5a, 0xffdf, 0xad55, 0x2945, 0x0000, 0x0000, 0x0000, 0x0000, 0x0000,
    0x0000, 0x0000, 0x0000, 0x0000, 0x39c7, 0xb596, 0xffdf, 0xff7a, 0xfce5, 0xfc40, 0xfc40, 0xfc40,
    0xfc40, 0xfc40, 0xfc40, 0xfc40, 0xfc40, 0xfc40, 0xfc40, 0xfc40, 0xfc40, 0xfc40, 0xfc40, 0xfc40,
    0xfc40, 0xfc40, 0xfc40, 0xfc40, 0xfc40, 0xfc40, 0xfc40, 0xfc40, 0xfc61, 0xfeb4, 0xffff, 0xdedb,
    0x5aeb, 0x0000, 0x0000, 0x0000, 0x0000, 0x0000, 0x0000, 0x0000, 0x0000, 0x0000, 0x0000, 0x0000,
    0x5acb, 0xd6ba, 0xffff, 0xff18, 0xfca3, 0xfc40, 0xfc40, 0xfc40, 0xfc40, 0xfc40, 0xfc40, 0xfc40,
    0xfc40, 0xfc40, 0xfc40, 0xfc40, 0xfc40, 0xfc40, 0xfc40, 0xfc40, 0xfc40, 0xfc40, 0xfc40, 0xfc40,
    0xfc40, 0xfc40, 0xfc61, 0xfe72, 0xffff, 0xef7d, 0x8410, 0x0000, 0x0000, 0x0000, 0x0000, 0x0000,
    0x0000, 0x0000, 0x0000, 0x0000, 0x0000, 0x0000, 0x0000, 0x0000, 0x738e, 0xe73c, 0xffff, 0xfef7,
    0xfcc4, 0xfc40, 0xfc40, 0xfc40, 0xfc40, 0xfc40, 0xfc40, 0xfc40, 0xfc40, 0xfc40, 0xfc40, 0xfc40,
    0xfc40, 0xfc40, 0xfc40, 0xfc40, 0xfc40, 0xfc40, 0xfc40, 0xfc40, 0xfca3, 0xfeb5, 0xffff, 0xf79e,
    0x94b2, 0x2945, 0x0000, 0x0000, 0x0000, 0x0000, 0x0000, 0x0000, 0x0000, 0x0000, 0x0000, 0x0000,
    0x0000, 0x0000, 0x0000, 0x0000, 0x7bef, 0xef5d, 0xffff, 0xff7b, 0xfd49, 0xfc40, 0xfc40, 0xfc40,
    0xfc40, 0xfc40, 0xfc40, 0xfc40, 0xfc40, 0xfc40, 0xfc40, 0xfc40, 0xfc40, 0xfc40, 0xfc40, 0xfc40,
    0xfc40, 0xfc40, 0xfd69, 0xff7b, 0xffff, 0xf79e, 0x94b2, 0x2945, 0x0000, 0x0000, 0x0000, 0x0000,
    0x0000, 0x0000, 0x0000, 0x0000, 0x0000, 0x0000, 0x0000, 0x0000, 0x0000, 0x0000, 0x0000, 0x0000,
    0x6b6d, 0xd6ba, 0xffff, 0xffff, 0xfef7, 0xfd28, 0xfc40, 0xfc40, 0xfc40, 0xfc40, 0xfc40, 0xfc40,
    0xfc40, 0xfc40, 0xfc40, 0xfc40, 0xfc40, 0xfc40, 0xfc40, 0xfd69, 0xff18, 0xffff, 0xffff, 0xdedb,
    0x738e, 0x0000, 0x0000, 0x0000, 0x0000, 0x0000, 0x0000, 0x0000, 0x0000, 0x0000, 0x0000, 0x0000,
    0x0000, 0x0000, 0x0000, 0x0000, 0x0000, 0x0000, 0x0000, 0x0000, 0x4228, 0xb596, 0xf7be, 0xffff,
    0xffff, 0xff9c, 0xfe93, 0xfdab, 0xfce6, 0xfcc5, 0xfc82, 0xfc40, 0xfc82, 0xfcc5, 0xfd06, 0xfdcc,
    0xfeb5, 0xffbd, 0xffff, 0xffff, 0xf7be, 0xb596, 0x4a49, 0x0000, 0x0000, 0x0000, 0x0000, 0x0000,
    0x0000, 0x0000, 0x0000, 0x0000, 0x0000, 0x0000, 0x0000, 0x0000, 0x0000, 0x0000, 0x0000, 0x0000,
    0x0000, 0x0000, 0x0000, 0x0000, 0x0000, 0x5acb, 0xb5b6, 0xf79e, 0xffff, 0xffff, 0xffff, 0xffff,
    0xffff, 0xffff, 0xffff, 0xffff, 0xffff, 0xffff, 0xffff, 0xffff, 0xffff, 0xef5d, 0xad75, 0x528a,
    0x0000, 0x0000, 0x0000, 0x0000, 0x0000, 0x0000, 0x0000, 0x0000, 0x0000, 0x0000, 0x0000, 0x0000,
    0x0000, 0x0000, 0x0000, 0x0000, 0x0000, 0x0000, 0x0000, 0x0000, 0x0000, 0x0000, 0x0000, 0x0000,
    0x0000, 0x0000, 0x0000, 0x73ae, 0xb596, 0xd6ba, 0xef5d, 0xef5d, 0xf7be, 0xffff, 0xf79e, 0xef5d,
    0xef5d, 0xd69a, 0xa534, 0x632c, 0x0000, 0x0000, 0x0000, 0x0000, 0x0000, 0x0000, 0x0000, 0x0000,
    0x0000, 0x0000, 0x0000, 0x0000, 0x0000, 0x0000, 0x0000, 0x0000, 0x0000, 0x0000, 0x0000, 0x0000,
    0x0000, 0x0000, 0x0000, 0x0000, 0x0000, 0x0000, 0x0000, 0x0000, 0x0000, 0x0000, 0x0000, 0x0000,
    0x0000, 0x0000, 0x0000, 0x0000, 0x0000, 0x0000, 0x0000, 0x0000, 0x0000, 0x0000, 0x0000, 0x0000,
    0x0000, 0x0000, 0x0000, 0x0000, 0x0000, 0x0000, 0x0000, 0x0000, 0x0000, 0x0000, 0x0000, 0x0000,
    0x0000, 0x0000, 0x0000, 0x0000, 0x0000, 0x0000, 0x0000, 0x0000, 0x0000, 0x0000, 0x0000, 0x0000,
    0x0000, 0x0000, 0x0000, 0x0000, 0x0000, 0x0000, 0x0000, 0x0000, 0x0000, 0x0000, 0x0000, 0x0000,
    0x0000, 0x0000, 0x0000, 0x0000, 0x0000, 0x0000, 0x0000, 0x0000, 0x0000, 0x0000, 0x0000, 0x0000,
    0x0000, 0x0000, 0x0000, 0x0000, 0x0000, 0x0000, 0x0000, 0x0000, 0x0000, 0x0000, 0x0000, 0x0000,
    0x0000, 0x0000, 0x0000, 0x0000, 0x0000, 0x0000, 0x0000, 0x0000, 0x0000, 0x0000, 0x0000, 0x0000,
    0x0000, 0x0000, 0x0000, 0x0000, 0x0000, 0x0000, 0x0000, 0x0000, 0x0000, 0x0000, 0x0000, 0x0000,
    0x0000, 0x0000, 0x0000, 0x0000, 0x0000, 0x0000, 0x0000, 0x0000, 0x0000, 0x0000, 0x0000, 0x0000,
    0x0000, 0x0000, 0x0000, 0x0000, 0x0000, 0x0000, 0x0000, 0x0000, 0x0000, 0x0000, 0x0000, 0x0000,
    0x0000, 0x0000, 0x0000, 0x0000, 0x0000, 0x0000, 0x0000, 0x0000, 0x0000, 0x0000, 0x0000, 0x0000,
    0x0000, 0x0000, 0x0000, 0x0000, 0x0000, 0x0000, 0x0000, 0x0000, 0x0000, 0x0000, 0x0000, 0x0000,
    0x0000, 0x0000, 0x0000, 0x0000, 0x0000, 0x0000, 0x0000, 0x0000, 0x0000, 0x0000, 0x0000, 0x0000,
    0x0000, 0x0000, 0x0000, 0x0000, 0x0000, 0x0000, 0x0000, 0x0000, 0x0000, 0x0000, 0x0000, 0x0000,
    0x0000, 0x0000, 0x0000, 0x0000, 0x0000, 0x0000, 0x0000, 0x0000, 0x0000, 0x0000, 0x0000, 0x0000,
    0x0000, 0x0000, 0x0000, 0x0000, 0x0000, 0x0000, 0x0000, 0x0000, 0x0000, 0x0000, 0x0000, 0x0000,
    0x0000, 0x0000, 0x0000, 0x0000, 0x0000, 0x0000, 0x0000, 0x0000, 0x0000, 0x0000, 0x0000, 0x0000,
    0x0000, 0x0000, 0x0000, 0x0000, 0x0000, 0x0000, 0x0000, 0x0000, 0x0000, 0x0000, 0x0000, 0x0000,
    0x0000, 0x0000, 0x0000, 0x0000, 0x0000, 0x0000, 0x0000, 0x0000, 0x0000, 0x0000, 0x0000, 0x0000,
    0x0000, 0x0000, 0x0000, 0x0000, 0x0000, 0x0000, 0x0000, 0x0000, 0x0000, 0x0000, 0x0000, 0x0000,
    0x0000, 0x0000, 0x0000, 0x0000, 0x0000, 0x0000, 0x0000, 0x0000, 0x0000, 0x0000, 0x0000, 0x0000,
    0x0000, 0x0000, 0x0000, 0x0000, 0x0000, 0x0000, 0x0000, 0x0000, 0x0000, 0x0000, 0x0000, 0x0000,
    0x0000, 0x0000, 0x0000, 0x0000, 0x0000, 0x0000, 0x0000, 0x0000, 0x0000, 0x0000, 0x0000, 0x0000,
    0x0000, 0x0000, 0x0000, 0x0000, 0x0000, 0x0000, 0x0000, 0x0000, 0x0000, 0x0000, 0x0000, 0x0000,
    0x0000, 0x0000, 0x0000, 0x0000, 0x0000, 0x0000, 0x0000, 0x0000, 0x0000, 0x0000, 0x0000, 0x0000,
    0x0000, 0x0000, 0x0000, 0x0000, 0x0000, 0x0000, 0x0000, 0x0000, 0x0000, 0x0000, 0x0000, 0x0000,
    0x0000, 0x0000, 0x0000, 0x0000, 0x0000, 0x0000, 0x0000, 0x0000, 0x0000, 0x0000, 0x0000, 0x0000,
    0x0000, 0x0000, 0x0000, 0x0000, 0x0000, 0x0000, 0x0000, 0x0000, 0x0000, 0x0000, 0x0000, 0x0000,
    0x0000, 0x0000, 0x0000, 0x0000, 0x0000, 0x0000, 0x0000, 0x0000, 0x0000, 0x0000, 0x0000, 0x0000,
    0x0000, 0x0000, 0x0000, 0x0000, 0x0000, 0x0000, 0x0000, 0x0000, 0x0000, 0x0000, 0x0000, 0x0000,
    0x0000, 0x0000, 0x0000, 0x0000, 0x0000, 0x0000, 0x0000, 0x0000, 0x0000, 0x0000, 0x0000, 0x0000,
    0x0000, 0x0000, 0x0000, 0x0000, 0x0000, 0x0000, 0x0000, 0x0000, 0x0000, 0x0000, 0x0000, 0x0000,
    0x0000, 0x0000, 0x0000, 0x0000, 0x0000, 0x0000, 0x0000, 0x0000, 0x0000, 0x0000, 0x0000, 0x0000,
    0x0000, 0x0000, 0x0000, 0x0000, 0x0000, 0x0000, 0x0000, 0x0000, 0x0000, 0x0000, 0x0000, 0x0000,
    0x0000, 0x0000, 0x0000, 0x0000, 0x0000, 0x0000, 0x0000, 0x0000, 0x0000, 0x0000, 0x0000, 0x0000,
    0x0000, 0x0000, 0x0000, 0x0000, 0x0000, 0x0000, 0x0000, 0x0000, 0x0000, 0x0000, 0x0000, 0x0000,
    0x0000, 0x0000, 0x0000, 0x0000, 0x0000, 0x0000, 0x0000, 0x0000, 0x0000, 0x0000, 0x0000, 0x0000,
    0x0000, 0x0000, 0x0000, 0x0000, 0x0000, 0x0000, 0x0000, 0x0000, 0x0000, 0x0000, 0x0000};

static const uint16_t image_data_sfc_43x65_f65_4[2795] = {
    0x0000, 0x0000, 0x0000, 0x0000, 0x0000, 0x0000, 0x0000, 0x0000, 0x0000, 0x0000, 0x0000, 0x0000,
    0x0000, 0x0000, 0x0000, 0x0000, 0x0000, 0x0000, 0x0000, 0x0000, 0x0000, 0x0000, 0x0000, 0x0000,
    0x0000, 0x0000, 0x0000, 0x0000, 0x0000, 0x0000, 0x0000, 0x0000, 0x0000, 0x0000, 0x0000, 0x0000,
    0x0000, 0x0000, 0x0000, 0x0000, 0x0000, 0x0000, 0x0000, 0x0000, 0x0000, 0x0000, 0x0000, 0x0000,
    0x0000, 0x0000, 0x0000, 0x0000, 0x0000, 0x0000, 0x0000, 0x0000, 0x0000, 0x0000, 0x0000, 0x0000,
    0x0000, 0x0000, 0x0000, 0x0000, 0x0000, 0x0000, 0x0000, 0x0000, 0x0000, 0x0000, 0x0000, 0x0000,
    0x0000, 0x0000, 0x0000, 0x0000, 0x0000, 0x0000, 0x0000, 0x0000, 0x0000, 0x0000, 0x0000, 0x0000,
    0x0000, 0x0000, 0x0000, 0x0000, 0x0000, 0x0000, 0x0000, 0x0000, 0x0000, 0x0000, 0x0000, 0x0000,
    0x0000, 0x0000, 0x0000, 0x0000, 0x0000, 0x0000, 0x0000, 0x0000, 0x0000, 0x0000, 0x0000, 0x0000,
    0x0000, 0x0000, 0x0000, 0x0000, 0x0000, 0x0000, 0x0000, 0x0000, 0x0000, 0x0000, 0x0000, 0x0000,
    0x0000, 0x0000, 0x0000, 0x0000, 0x0000, 0x0000, 0x0000, 0x0000, 0x0000, 0x0000, 0x0000, 0x0000,
    0x0000, 0x0000, 0x0000, 0x0000, 0x0000, 0x0000, 0x0000, 0x0000, 0x0000, 0x0000, 0x0000, 0x0000,
    0x0000, 0x0000, 0x0000, 0x0000, 0x0000, 0x0000, 0x0000, 0x0000, 0x0000, 0x0000, 0x0000, 0x0000,
    0x0000, 0x0000, 0x0000, 0x0000, 0x0000, 0x0000, 0x0000, 0x0000, 0x0000, 0x0000, 0x0000, 0x0000,
    0x0000, 0x0000, 0x0000, 0x0000, 0x0000, 0x0000, 0x0000, 0x0000, 0x0000, 0x0000, 0x0000, 0x0000,
    0x0000, 0x0000, 0x0000, 0x0000, 0x0000, 0x0000, 0x0000, 0x0000, 0x0000, 0x0000, 0x0000, 0x0000,
    0x0000, 0x0000, 0x6b6d, 0xbdf7, 0xce59, 0xce59, 0xce59, 0xce59, 0xce59, 0xce59, 0xce59, 0xce59,
    0xce59, 0xc638, 0x9cd3, 0x3186, 0x0000, 0x0000, 0x0000, 0x0000, 0x0000, 0x0000, 0x0000, 0x0000,
    0x0000, 0x0000, 0x0000, 0x0000, 0x0000, 0x0000, 0x0000, 0x0000, 0x0000, 0x0000, 0x0000, 0x0000,
    0x0000, 0x0000, 0x0000, 0x0000, 0x0000, 0x0000, 0x0000, 0x0000, 0x528a, 0xd69a, 0xffff, 0xffff,
    0xffff, 0xffff, 0xffff, 0xffff, 0xffff, 0xffff, 0xffff, 0xffff, 0xffff, 0xce59, 0x39e7, 0x0000,
    0x0000, 0x0000, 0x0000, 0x0000, 0x0000, 0x0000, 0x0000, 0x0000, 0x0000, 0x0000, 0x0000, 0x0000,
    0x0000, 0x0000, 0x0000, 0x0000, 0x0000, 0x0000, 0x0000, 0x0000, 0x0000, 0x0000, 0x0000, 0x0000,
    0x0000, 0x0000, 0x2945, 0xad55, 0xffdf, 0xff9c, 0xfe30, 0xfdcd, 0xfdcd, 0xfdcd, 0xfdcd, 0xfdcd,
    0xfdcd, 0xfdcd, 0xfed5, 0xffff, 0xce59, 0x39e7, 0x0000, 0x0000, 0x0000, 0x0000, 0x0000, 0x0000,
    0x0000, 0x0000, 0x0000, 0x0000, 0x0000, 0x0000, 0x0000, 0x0000, 0x0000, 0x0000, 0x0000, 0x0000,
    0x0000, 0x0000, 0x0000, 0x0000, 0x0000, 0x0000, 0x0000, 0x0000, 0x0000, 0x8410, 0xef7d, 0xffde,
    0xfdac, 0xfc40, 0xfc40, 0xfc40, 0xfc40, 0xfc40, 0xfc40, 0xfc40, 0xfc40, 0xfdcd, 0xffff, 0xce59,
    0x39e7, 0x0000, 0x0000, 0x0000, 0x0000, 0x0000, 0x0000, 0x0000, 0x0000, 0x0000, 0x0000, 0x0000,
    0x0000, 0x0000, 0x0000, 0x0000, 0x0000, 0x0000, 0x0000, 0x0000, 0x0000, 0x0000, 0x0000, 0x0000,
    0x0000, 0x0000, 0x0000, 0x52aa, 0xd69a, 0xffff, 0xfeb4, 0xfc61, 0xfc40, 0xfc40, 0xfc40, 0xfc40,
    0xfc40, 0xfc40, 0xfc40, 0xfc40, 0xfdcd, 0xffff, 0xce59, 0x39e7, 0x0000, 0x0000, 0x0000, 0x0000,
    0x0000, 0x0000, 0x0000, 0x0000, 0x0000, 0x0000, 0x0000, 0x0000, 0x0000, 0x0000, 0x0000, 0x0000,
    0x0000, 0x0000, 0x0000, 0x0000, 0x0000, 0x0000, 0x0000, 0x0000, 0x0000, 0x39c7, 0xad75, 0xffdf,
    0xff7a, 0xfce5, 0xfc40, 0xfc40, 0xfc40, 0xfc40, 0xfc40, 0xfc40, 0xfc40, 0xfc40, 0xfc40, 0xfdcd,
    0xffff, 0xce59, 0x39e7, 0x0000, 0x0000, 0x0000, 0x0000, 0x0000, 0x0000, 0x0000, 0x0000, 0x0000,
    0x0000, 0x0000, 0x0000, 0x0000, 0x0000, 0x0000, 0x0000, 0x0000, 0x0000, 0x0000, 0x0000, 0x0000,
    0x0000, 0x0000, 0x0000, 0x0000, 0x8410, 0xef7d, 0xffde, 0xfdac, 0xfc40, 0xfc40, 0xfc40, 0xfc40,
    0xfc40, 0xfc40, 0xfc40, 0xfc40, 0xfc40, 0xfc40, 0xfdcd, 0xffff, 0xce59, 0x39e7, 0x0000, 0x0000,
    0x0000, 0x0000, 0x0000, 0x0000, 0x0000, 0x0000, 0x0000, 0x0000, 0x0000, 0x0000, 0x0000, 0x0000,
    0x0000, 0x0000, 0x0000, 0x0000, 0x0000, 0x0000, 0x0000, 0x0000, 0x0000, 0x0000, 0x52aa, 0xd6ba,
    0xffff, 0xfe93, 0xfc61, 0xfc40, 0xfc40, 0xfc40, 0xfc40, 0xfc40, 0xfc40, 0xfc40, 0xfc40, 0xfc40,
    0xfc40, 0xfdcd, 0xffff, 0xce59, 0x39e7, 0x0000, 0x0000, 0x0000, 0x0000, 0x0000, 0x0000, 0x0000,
    0x0000, 0x0000, 0x0000, 0x0000, 0x0000, 0x0000, 0x0000, 0x0000, 0x0000, 0x0000, 0x0000, 0x0000,
    0x0000, 0x0000, 0x0000, 0x0000, 0x39c7, 0xad75, 0xffdf, 0xff5a, 0xfcc5, 0xfc40, 0xfc40, 0xfc40,
    0xfc40, 0xfc40, 0xfc40, 0xfc40, 0xfc40, 0xfc40, 0xfc40, 0xfc40, 0xfdcd, 0xffff, 0xce59, 0x39e7,
    0x0000, 0x0000, 0x0000, 0x0000, 0x0000, 0x0000, 0x0000, 0x0000, 0x0000, 0x0000, 0x0000, 0x0000,
    0x0000, 0x0000, 0x0000, 0x0000, 0x0000, 0x0000, 0x0000, 0x0000, 0x0000, 0x0000, 0x0000, 0x8410,
    0xef7d, 0xffde, 0xfdac, 0xfc40, 0xfc40, 0xfc40, 0xfc40, 0xfc40, 0xfc40, 0xfc40, 0xfc40, 0xfc40,
    0xfc40, 0xfc40, 0xfc40, 0xfdcd, 0xffff, 0xce59, 0x39e7, 0x0000, 0x0000, 0x0000, 0x0000, 0x0000,
    0x0000, 0x0000, 0x0000, 0x0000, 0x0000, 0x0000, 0x0000, 0x0000, 0x0000, 0x0000, 0x0000, 0x0000,
    0x0000, 0x0000, 0x0000, 0x0000, 0x0000, 0x52aa, 0xd69a, 0xffff, 0xfe94, 0xfc61, 0xfc40, 0xfc40,
    0xfc40, 0xfc40, 0xfc40, 0xfc40, 0xfc40, 0xfc40, 0xfc40, 0xfc40, 0xfc40, 0xfc40, 0xfdcd, 0xffff,
    0xce59, 0x39e7, 0x0000, 0x0000, 0x0000, 0x0000, 0x0000, 0x0000, 0x0000, 0x0000, 0x0000, 0x0000,
    0x0000, 0x0000, 0x0000, 0x0000, 0x0000, 0x0000, 0x0000, 0x0000, 0x0000, 0x0000, 0x0000, 0x3186,
    0xad75, 0xffdf, 0xff7a, 0xfce5, 0xfc40, 0xfc40, 0xfc40, 0xfc40, 0xfc40, 0xfc40, 0xfd49, 0xfc82,
    0xfc40, 0xfc40, 0xfc40, 0xfc40, 0xfc40, 0xfdcd, 0xffff, 0xce59, 0x39e7, 0x0000, 0x0000, 0x0000,
    0x0000, 0x0000, 0x0000, 0x0000, 0x0000, 0x0000, 0x0000, 0x0000, 0x0000, 0x0000, 0x0000, 0x0000,
    0x0000, 0x0000, 0x0000, 0x0000, 0x0000, 0x0000, 0x7bef, 0xef7d, 0xffde, 0xfdac, 0xfc40, 0xfc40,
    0xfc40, 0xfc40, 0xfc40, 0xfc40, 0xfd27, 0xfeb4, 0xfc82, 0xfc40, 0xfc40, 0xfc40, 0xfc40, 0xfc40,
    0xfdcd, 0xffff, 0xce59, 0x39e7, 0x0000, 0x0000, 0x0000, 0x0000, 0x0000, 0x0000, 0x0000, 0x0000,
    0x0000, 0x0000, 0x0000, 0x0000, 0x0000, 0x0000, 0x0000, 0x0000, 0x0000, 0x0000, 0x0000, 0x0000,
    0x528a, 0xce79, 0xffff, 0xfeb4, 0xfc61, 0xfc40, 0xfc40, 0xfc40, 0xfc40, 0xfc40, 0xfc83, 0xff17,
    0xff17, 0xfc82, 0xfc40, 0xfc40, 0xfc40, 0xfc40, 0xfc40, 0xfdcd, 0xffff, 0xce59, 0x39e7, 0x0000,
    0x0000, 0x0000, 0x0000, 0x0000, 0x0000, 0x0000, 0x0000, 0x0000, 0x0000, 0x0000, 0x0000, 0x0000,
    0x0000, 0x0000, 0x0000, 0x0000, 0x0000, 0x0000, 0x2945, 0xa534, 0xffdf, 0xff7b, 0xfce6, 0xfc40,
    0xfc40, 0xfc40, 0xfc40, 0xfc40, 0xfc40, 0xfe30, 0xffff, 0xff17, 0xfc82, 0xfc40, 0xfc40, 0xfc40,
    0xfc40, 0xfc40, 0xfdcd, 0xffff, 0xce59, 0x39e7, 0x0000, 0x0000, 0x0000, 0x0000, 0x0000, 0x0000,
    0x0000, 0x0000, 0x0000, 0x0000, 0x0000, 0x0000, 0x0000, 0x0000, 0x0000, 0x0000, 0x0000, 0x0000,
    0x0000, 0x738e, 0xef5d, 0xffde, 0xfded, 0xfc40, 0xfc40, 0xfc40, 0xfc40, 0xfc40, 0xfc40, 0xfd27,
    0xff9c, 0xffff, 0xff17, 0xfc82, 0xfc40, 0xfc40, 0xfc40, 0xfc40, 0xfc40, 0xfdcd, 0xffff, 0xce59,
    0x39e7, 0x0000, 0x0000, 0x0000, 0x0000, 0x0000, 0x0000, 0x0000, 0x0000, 0x0000, 0x0000, 0x0000,
    0x0000, 0x0000, 0x0000, 0x0000, 0x0000, 0x0000, 0x0000, 0x4228, 0xc638, 0xffff, 0xfed6, 0xfc82,
    0xfc40, 0xfc40, 0xfc40, 0xfc40, 0xfc40, 0xfc82, 0xfef6, 0xffff, 0xffff, 0xff17, 0xfc82, 0xfc40,
    0xfc40, 0xfc40, 0xfc40, 0xfc40, 0xfdcd, 0xffff, 0xce59, 0x39e7, 0x0000, 0x0000, 0x0000, 0x0000,
    0x0000, 0x0000, 0x0000, 0x0000, 0x0000, 0x0000, 0x0000, 0x0000, 0x0000, 0x0000, 0x0000, 0x0000,
    0x0000, 0x0000, 0x9cd3, 0xf7be, 0xff9c, 0xfd27, 0xfc40, 0xfc40, 0xfc40, 0xfc40, 0xfc40, 0xfc40,
    0xfdee, 0xffff, 0xffdf, 0xffff, 0xff17, 0xfc82, 0xfc40, 0xfc40, 0xfc40, 0xfc40, 0xfc40, 0xfdcd,
    0xffff, 0xce59, 0x39e7, 0x0000, 0x0000, 0x0000, 0x0000, 0x0000, 0x0000, 0x0000, 0x0000, 0x0000,
    0x0000, 0x0000, 0x0000, 0x0000, 0x0000, 0x0000, 0x0000, 0x0000, 0x630c, 0xdefb, 0xffff, 0xfe30,
    0xfc40, 0xfc40, 0xfc40, 0xfc40, 0xfc40, 0xfc40, 0xfd06, 0xff9b, 0xffdf, 0xc638, 0xf7be, 0xff17,
    0xfc82, 0xfc40, 0xfc40, 0xfc40, 0xfc40, 0xfc40, 0xfdcd, 0xffff, 0xce59, 0x39e7, 0x0000, 0x0000,
    0x0000, 0x0000, 0x0000, 0x0000, 0x0000, 0x0000, 0x0000, 0x0000, 0x0000, 0x0000, 0x0000, 0x0000,
    0x0000, 0x0000, 0x39c7, 0xb5b6, 0xffff, 0xff38, 0xfca3, 0xfc40, 0xfc40, 0xfc40, 0xfc40, 0xfc40,
    0xfc82, 0xfed5, 0xffff, 0xce79, 0x94b2, 0xf7be, 0xff17, 0xfc82, 0xfc40, 0xfc40, 0xfc40, 0xfc40,
    0xfc40, 0xfdcd, 0xffff, 0xce59, 0x39e7, 0x0000, 0x0000, 0x0000, 0x0000, 0x0000, 0x0000, 0x0000,
    0x0000, 0x0000, 0x0000, 0x0000, 0x0000, 0x0000, 0x0000, 0x0000, 0x0000, 0x8410, 0xef7d, 0xffbd,
    0xfd6a, 0xfc40, 0xfc40, 0xfc40, 0xfc40, 0xfc40, 0xfc40, 0xfdcd, 0xffde, 0xef5d, 0x7bcf, 0x8c71,
    0xf7be, 0xff17, 0xfc82, 0xfc40, 0xfc40, 0xfc40, 0xfc40, 0xfc40, 0xfdcd, 0xffff, 0xce59, 0x39e7,
    0x0000, 0x0000, 0x0000, 0x0000, 0x0000, 0x0000, 0x0000, 0x0000, 0x0000, 0x0000, 0x0000, 0x0000,
    0x0000, 0x0000, 0x0000, 0x528a, 0xd69a, 0xffff, 0xfe73, 0xfc61, 0xfc40, 0xfc40, 0xfc40, 0xfc40,
    0xfc40, 0xfcc5, 0xff7a, 0xffdf, 0xa534, 0x2945, 0x8c71, 0xf7be, 0xff17, 0xfc82, 0xfc40, 0xfc40,
    0xfc40, 0xfc40, 0xfc40, 0xfdcd, 0xffff, 0xce59, 0x39e7, 0x0000, 0x0000, 0x0000, 0x0000, 0x0000,
    0x0000, 0x0000, 0x0000, 0x0000, 0x0000, 0x0000, 0x0000, 0x0000, 0x0000, 0x2945, 0xa514, 0xffdf,
    0xff7b, 0xfce5, 0xfc40, 0xfc40, 0xfc40, 0xfc40, 0xfc40, 0xfc61, 0xfe73, 0xffff, 0xd69a, 0x528a,
    0x0000, 0x8c71, 0xf7be, 0xff17, 0xfc82, 0xfc40, 0xfc40, 0xfc40, 0xfc40, 0xfc40, 0xfdcd, 0xffff,
    0xce59, 0x39e7, 0x0000, 0x0000, 0x0000, 0x0000, 0x0000, 0x0000, 0x0000, 0x0000, 0x0000, 0x0000,
    0x0000, 0x0000, 0x0000, 0x0000, 0x6b4d, 0xe73c, 0xffde, 0xfded, 0xfc40, 0xfc40, 0xfc40, 0xfc40,
    0xfc40, 0xfc40, 0xfd6a, 0xffbd, 0xef7d, 0x8410, 0x0000, 0x0000, 0x8c71, 0xf7be, 0xff17, 0xfc82,
    0xfc40, 0xfc40, 0xfc40, 0xfc40, 0xfc40, 0xfdcd, 0xffff, 0xce59, 0x39e7, 0x0000, 0x0000, 0x0000,
    0x0000, 0x0000, 0x0000, 0x0000, 0x0000, 0x0000, 0x0000, 0x0000, 0x0000, 0x0000, 0x39e7, 0xbdf7,
    0xffff, 0xfef7, 0xfc82, 0xfc40, 0xfc40, 0xfc40, 0xfc40, 0xfc40, 0xfca3, 0xff38, 0xffff, 0xb5b6,
    0x39c7, 0x0000, 0x0000, 0x8c71, 0xf7be, 0xff17, 0xfc82, 0xfc40, 0xfc40, 0xfc40, 0xfc40, 0xfc40,
    0xfdcd, 0xffff, 0xce59, 0x39e7, 0x0000, 0x0000, 0x0000, 0x0000, 0x0000, 0x0000, 0x0000, 0x0000,
    0x0000, 0x0000, 0x0000, 0x0000, 0x0000, 0x8430, 0xf79e, 0xffbd, 0xfd49, 0xfc40, 0xfc40, 0xfc40,
    0xfc40, 0xfc40, 0xfc40, 0xfe30, 0xffff, 0xe71c, 0x632c, 0x0000, 0x0000, 0x0000, 0x8c71, 0xf7be,
    0xff17, 0xfc82, 0xfc40, 0xfc40, 0xfc40, 0xfc40, 0xfc40, 0xfdcd, 0xffff, 0xce59, 0x39e7, 0x0000,
    0x0000, 0x0000, 0x0000, 0x0000, 0x0000, 0x0000, 0x0000, 0x0000, 0x0000, 0x0000, 0x0000, 0x528a,
    0xd69a, 0xffff, 0xfe72, 0xfc61, 0xfc40, 0xfc40, 0xfc40, 0xfc40, 0xfc40, 0xfd07, 0xff9c, 0xf7be,
    0x9cd3, 0x0000, 0x0000, 0x0000, 0x0000, 0x8c71, 0xf7be, 0xff17, 0xfc82, 0xfc40, 0xfc40, 0xfc40,
    0xfc40, 0xfc40, 0xfdcd, 0xffff, 0xce59, 0x39e7, 0x0000, 0x0000, 0x0000, 0x0000, 0x0000, 0x0000,
    0x0000, 0x0000, 0x0000, 0x0000, 0x0000, 0x2945, 0x9cf3, 0xf7be, 0xff7b, 0xfce5, 0xfc40, 0xfc40,
    0xfc40, 0xfc40, 0xfc40, 0xfc61, 0xfeb5, 0xffff, 0xce59, 0x4228, 0x0000, 0x0000, 0x0000, 0x0000,
    0x8c71, 0xf7be, 0xff17, 0xfc82, 0xfc40, 0xfc40, 0xfc40, 0xfc40, 0xfc40, 0xfdcd, 0xffff, 0xce59,
    0x39e7, 0x0000, 0x0000, 0x0000, 0x0000, 0x0000, 0x0000, 0x0000, 0x0000, 0x0000, 0x0000, 0x0000,
    0x630c, 0xdefb, 0xffff, 0xfe0f, 0xfc40, 0xfc40, 0xfc40, 0xfc40, 0xfc40, 0xfc40, 0xfd8b, 0xffde,
    0xef5d, 0x7bcf, 0x0000, 0x0000, 0x0000, 0x0000, 0x0000, 0x8c71, 0xf7be, 0xff17, 0xfc82, 0xfc40,
    0xfc40, 0xfc40, 0xfc40, 0xfc40, 0xfdcd, 0xffff, 0xce59, 0x39e7, 0x0000, 0x0000, 0x0000, 0x0000,
    0x0000, 0x0000, 0x0000, 0x0000, 0x0000, 0x0000, 0x3186, 0xad75, 0xffdf, 0xff38, 0xfca3, 0xfc40,
    0xfc40, 0xfc40, 0xfc40, 0xfc40, 0xfca3, 0xff39, 0xffff, 0xd69a, 0x9cd3, 0x9cd3, 0x9cd3, 0x9cd3,
    0x9cd3, 0x9cd3, 0xb5b6, 0xffdf, 0xff17, 0xfc82, 0xfc40, 0xfc40, 0xfc40, 0xfc40, 0xfc40, 0xfdcd,
    0xffff, 0xdedb, 0x9cf3, 0x9cd3, 0x9cd3, 0x9cd3, 0x9492, 0x5aeb, 0x0000, 0x0000, 0x0000, 0x0000,
    0x0000, 0x73ae, 0xef5d, 0xffde, 0xfd8b, 0xfc40, 0xfc40, 0xfc40, 0xfc40, 0xfc40, 0xfc40, 0xfe0f,
    0xffff, 0xffff, 0xffff, 0xffff, 0xffff, 0xffff, 0xffff, 0xffff, 0xffff, 0xffff, 0xffff, 0xff17,
    0xfc82, 0xfc40, 0xfc40, 0xfc40, 0xfc40, 0xfc40, 0xfdcd, 0xffff, 0xffff, 0xffff, 0xffff, 0xffff,
    0xffff, 0xf7be, 0x94b2, 0x0000, 0x0000, 0x0000, 0x0000, 0x4208, 0xbdf7, 0xffff, 0xfed5, 0xfc62,
    0xfc40, 0xfc40, 0xfc40, 0xfc40, 0xfc40, 0xfca3, 0xfe72, 0xfed5, 0xfed5, 0xfed5, 0xfed5, 0xfed5,
    0xfed5, 0xfed5, 0xfed5, 0xfed5, 0xfed5, 0xfed5, 0xfe30, 0xfc61, 0xfc40, 0xfc40, 0xfc40, 0xfc40,
    0xfc40, 0xfd49, 0xfed5, 0xfed5, 0xfed5, 0xfed5, 0xfef6, 0xffbd, 0xf7be, 0x94b2, 0x0000, 0x0000,
    0x0000, 0x0000, 0x52aa, 0xdefb, 0xffde, 0xfd6a, 0xfc40, 0xfc40, 0xfc40, 0xfc40, 0xfc40, 0xfc40,
    0xfc40, 0xfc40, 0xfc40, 0xfc40, 0xfc40, 0xfc40, 0xfc40, 0xfc40, 0xfc40, 0xfc40, 0xfc40, 0xfc40,
    0xfc40, 0xfc40, 0xfc40, 0xfc40, 0xfc40, 0xfc40, 0xfc40, 0xfc40, 0xfc40, 0xfc40, 0xfc40, 0xfc40,
    0xfc40, 0xfc61, 0xfef6, 0xf7be, 0x94b2, 0x0000, 0x0000, 0x0000, 0x0000, 0x52aa, 0xdefb, 0xffbd,
    0xfd48, 0xfc40, 0xfc40, 0xfc40, 0xfc40, 0xfc40, 0xfc40, 0xfc40, 0xfc40, 0xfc40, 0xfc40, 0xfc40,
    0xfc40, 0xfc40, 0xfc40, 0xfc40, 0xfc40, 0xfc40, 0xfc40, 0xfc40, 0xfc40, 0xfc40, 0xfc40, 0xfc40,
    0xfc40, 0xfc40, 0xfc40, 0xfc40, 0xfc40, 0xfc40, 0xfc40, 0xfc40, 0xfc61, 0xfef6, 0xf7be, 0x94b2,
    0x0000, 0x0000, 0x0000, 0x0000, 0x52aa, 0xdefb, 0xffbd, 0xfd48, 0xfc40, 0xfc40, 0xfc40, 0xfc40,
    0xfc40, 0xfc40, 0xfc40, 0xfc40, 0xfc40, 0xfc40, 0xfc40, 0xfc40, 0xfc40, 0xfc40, 0xfc40, 0xfc40,
    0xfc40, 0xfc40, 0xfc40, 0xfc40, 0xfc40, 0xfc40, 0xfc40, 0xfc40, 0xfc40, 0xfc40, 0xfc40, 0xfc40,
    0xfc40, 0xfc40, 0xfc40, 0xfc61, 0xfef6, 0xf7be, 0x94b2, 0x0000, 0x0000, 0x0000, 0x0000, 0x52aa,
    0xdefb, 0xffbd, 0xfd48, 0xfc40, 0xfc40, 0xfc40, 0xfc40, 0xfc40, 0xfc40, 0xfc40, 0xfc40, 0xfc40,
    0xfc40, 0xfc40, 0xfc40, 0xfc40, 0xfc40, 0xfc40, 0xfc40, 0xfc40, 0xfc40, 0xfc40, 0xfc40, 0xfc40,
    0xfc40, 0xfc40, 0xfc40, 0xfc40, 0xfc40, 0xfc40, 0xfc40, 0xfc40, 0xfc40, 0xfc40, 0xfc61, 0xfef6,
    0xf7be, 0x94b2, 0x0000, 0x0000, 0x0000, 0x0000, 0x52aa, 0xdefb, 0xffbd, 0xfd48, 0xfc40, 0xfc40,
    0xfc40, 0xfc40, 0xfc40, 0xfc40, 0xfc40, 0xfc40, 0xfc40, 0xfc40, 0xfc40, 0xfc40, 0xfc40, 0xfc40,
    0xfc40, 0xfc40, 0xfc40, 0xfc40, 0xfc40, 0xfc40, 0xfc40, 0xfc40, 0xfc40, 0xfc40, 0xfc40, 0xfc40,
    0xfc40, 0xfc40, 0xfc40, 0xfc40, 0xfc40, 0xfc61, 0xfef6, 0xf7be, 0x94b2, 0x0000, 0x0000, 0x0000,
    0x0000, 0x52aa, 0xdefb, 0xffde, 0xfdcd, 0xfce5, 0xfcc5, 0xfcc5, 0xfcc5, 0xfcc5, 0xfcc5, 0xfcc5,
    0xfcc5, 0xfcc5, 0xfcc5, 0xfcc5, 0xfcc5, 0xfcc5, 0xfcc5, 0xfcc5, 0xfcc5, 0xfcc5, 0xfcc5, 0xfcc5,
    0xfca3, 0xfc40, 0xfc40, 0xfc40, 0xfc40, 0xfc40, 0xfc40, 0xfc61, 0xfcc5, 0xfcc5, 0xfcc5, 0xfcc5,
    0xfd27, 0xff38, 0xf7be, 0x94b2, 0x0000, 0x0000, 0x0000, 0x0000, 0x52aa, 0xdefb, 0xffff, 0xffff,
    0xffff, 0xffff, 0xffff, 0xffff, 0xffff, 0xffff, 0xffff, 0xffff, 0xffff, 0xffff, 0xffff, 0xffff,
    0xffff, 0xffff, 0xffff, 0xffff, 0xffff, 0xffff, 0xffff, 0xff17, 0xfc82, 0xfc40, 0xfc40, 0xfc40,
    0xfc40, 0xfc40, 0xfdcd, 0xffff, 0xffff, 0xffff, 0xffff, 0xffff, 0xffff, 0xf7be, 0x94b2, 0x0000,
    0x0000, 0x0000, 0x0000, 0x528a, 0xc638, 0xef5d, 0xef5d, 0xef5d, 0xef5d, 0xef5d, 0xef5d, 0xef5d,
    0xef5d, 0xef5d, 0xef5d, 0xef5d, 0xef5d, 0xef5d, 0xef5d, 0xef5d, 0xef5d, 0xef5d, 0xef5d, 0xef5d,
    0xef7d, 0xffff, 0xff17, 0xfc82, 0xfc40, 0xfc40, 0xfc40, 0xfc40, 0xfc40, 0xfdcd, 0xffff, 0xf7be,
    0xef5d, 0xef5d, 0xef5d, 0xef5d, 0xdefb, 0x8c51, 0x0000, 0x0000, 0x0000, 0x0000, 0x0000, 0x0000,
    0x0000, 0x0000, 0x0000, 0x0000, 0x0000, 0x0000, 0x0000, 0x0000, 0x0000, 0x0000, 0x0000, 0x0000,
    0x0000, 0x0000, 0x0000, 0x0000, 0x0000, 0x0000, 0x0000, 0x8c71, 0xf7be, 0xff17, 0xfc82, 0xfc40,
    0xfc40, 0xfc40, 0xfc40, 0xfc40, 0xfdcd, 0xffff, 0xce59, 0x39e7, 0x0000, 0x0000, 0x0000, 0x0000,
    0x0000, 0x0000, 0x0000, 0x0000, 0x0000, 0x0000, 0x0000, 0x0000, 0x0000, 0x0000, 0x0000, 0x0000,
    0x0000, 0x0000, 0x0000, 0x0000, 0x0000, 0x0000, 0x0000, 0x0000, 0x0000, 0x0000, 0x0000, 0x0000,
    0x0000, 0x0000, 0x8c71, 0xf7be, 0xff17, 0xfc82, 0xfc40, 0xfc40, 0xfc40, 0xfc40, 0xfc40, 0xfdcd,
    0xffff, 0xce59, 0x39e7, 0x0000, 0x0000, 0x0000, 0x0000, 0x0000, 0x0000, 0x0000, 0x0000, 0x0000,
    0x0000, 0x0000, 0x0000, 0x0000, 0x0000, 0x0000, 0x0000, 0x0000, 0x0000, 0x0000, 0x0000, 0x0000,
    0x0000, 0x0000, 0x0000, 0x0000, 0x0000, 0x0000, 0x0000, 0x0000, 0x0000, 0x8c71, 0xf7be, 0xff17,
    0xfc82, 0xfc40, 0xfc40, 0xfc40, 0xfc40, 0xfc40, 0xfdcd, 0xffff, 0xce59, 0x39e7, 0x0000, 0x0000,
    0x0000, 0x0000, 0x0000, 0x0000, 0x0000, 0x0000, 0x0000, 0x0000, 0x0000, 0x0000, 0x0000, 0x0000,
    0x0000, 0x0000, 0x0000, 0x0000, 0x0000, 0x0000, 0x0000, 0x0000, 0x0000, 0x0000, 0x0000, 0x0000,
    0x0000, 0x0000, 0x0000, 0x0000, 0x8c71, 0xf7be, 0xff17, 0xfc82, 0xfc40, 0xfc40, 0xfc40, 0xfc40,
    0xfc40, 0xfdcd, 0xffff, 0xce59, 0x39e7, 0x0000, 0x0000, 0x0000, 0x0000, 0x0000, 0x0000, 0x0000,
    0x0000, 0x0000, 0x0000, 0x0000, 0x0000, 0x0000, 0x0000, 0x0000, 0x0000, 0x0000, 0x0000, 0x0000,
    0x0000, 0x0000, 0x0000, 0x0000, 0x0000, 0x0000, 0x0000, 0x0000, 0x0000, 0x0000, 0x0000, 0x8c71,
    0xf7be, 0xff17, 0xfc82, 0xfc40, 0xfc40, 0xfc40, 0xfc40, 0xfc40, 0xfdcd, 0xffff, 0xce59, 0x39e7,
    0x0000, 0x0000, 0x0000, 0x0000, 0x0000, 0x0000, 0x0000, 0x0000, 0x0000, 0x0000, 0x0000, 0x0000,
    0x0000, 0x0000, 0x0000, 0x0000, 0x0000, 0x0000, 0x0000, 0x0000, 0x0000, 0x0000, 0x0000, 0x0000,
    0x0000, 0x0000, 0x0000, 0x0000, 0x0000, 0x0000, 0x8c71, 0xf7be, 0xff17, 0xfc82, 0xfc40, 0xfc40,
    0xfc40, 0xfc40, 0xfc40, 0xfdcd, 0xffff, 0xce59, 0x39e7, 0x0000, 0x0000, 0x0000, 0x0000, 0x0000,
    0x0000, 0x0000, 0x0000, 0x0000, 0x0000, 0x0000, 0x0000, 0x0000, 0x0000, 0x0000, 0x0000, 0x0000,
    0x0000, 0x0000, 0x0000, 0x0000, 0x0000, 0x0000, 0x0000, 0x0000, 0x0000, 0x0000, 0x0000, 0x0000,
    0x0000, 0x8c71, 0xf7be, 0xff17, 0xfc82, 0xfc40, 0xfc40, 0xfc40, 0xfc40, 0xfc40, 0xfdcd, 0xffff,
    0xce59, 0x39e7, 0x0000, 0x0000, 0x0000, 0x0000, 0x0000, 0x0000, 0x0000, 0x0000, 0x0000, 0x0000,
    0x0000, 0x0000, 0x0000, 0x0000, 0x0000, 0x0000, 0x0000, 0x0000, 0x0000, 0x0000, 0x0000, 0x0000,
    0x0000, 0x0000, 0x0000, 0x0000, 0x0000, 0x0000, 0x0000, 0x0000, 0x8c71, 0xf7be, 0xffff, 0xffff,
    0xffff, 0xffff, 0xffff, 0xffff, 0xffff, 0xffff, 0xffff, 0xce59, 0x39e7, 0x0000, 0x0000, 0x0000,
    0x0000, 0x0000, 0x0000, 0x0000, 0x0000, 0x0000, 0x0000, 0x0000, 0x0000, 0x0000, 0x0000, 0x0000,
    0x0000, 0x0000, 0x0000, 0x0000, 0x0000, 0x0000, 0x0000, 0x0000, 0x0000, 0x0000, 0x0000, 0x0000,
    0x0000, 0x0000, 0x0000, 0x8c71, 0xf7be, 0xffff, 0xffff, 0xffff, 0xffff, 0xffff, 0xffff, 0xffff,
    0xffff, 0xffff, 0xce59, 0x39e7, 0x0000, 0x0000, 0x0000, 0x0000, 0x0000, 0x0000, 0x0000, 0x0000,
    0x0000, 0x0000, 0x0000, 0x0000, 0x0000, 0x0000, 0x0000, 0x0000, 0x0000, 0x0000, 0x0000, 0x0000,
    0x0000, 0x0000, 0x0000, 0x0000, 0x0000, 0x0000, 0x0000, 0x0000, 0x0000, 0x0000, 0x0000, 0x0000,
    0x0000, 0x0000, 0x0000, 0x0000, 0x0000, 0x0000, 0x0000, 0x0000, 0x0000, 0x0000, 0x0000, 0x0000,
    0x0000, 0x0000, 0x0000, 0x0000, 0x0000, 0x0000, 0x0000, 0x0000, 0x0000, 0x0000, 0x0000, 0x0000,
    0x0000, 0x0000, 0x0000, 0x0000, 0x0000, 0x0000, 0x0000, 0x0000, 0x0000, 0x0000, 0x0000, 0x0000,
    0x0000, 0x0000, 0x0000, 0x0000, 0x0000, 0x0000, 0x0000, 0x0000, 0x0000, 0x0000, 0x0000, 0x0000,
    0x0000, 0x0000, 0x0000, 0x0000, 0x0000, 0x0000, 0x0000, 0x0000, 0x0000, 0x0000, 0x0000, 0x0000,
    0x0000, 0x0000, 0x0000, 0x0000, 0x0000, 0x0000, 0x0000, 0x0000, 0x0000, 0x0000, 0x0000, 0x0000,
    0x0000, 0x0000, 0x0000, 0x0000, 0x0000, 0x0000, 0x0000, 0x0000, 0x0000, 0x0000, 0x0000, 0x0000,
    0x0000, 0x0000, 0x0000, 0x0000, 0x0000, 0x0000, 0x0000, 0x0000, 0x0000, 0x0000, 0x0000, 0x0000,
    0x0000, 0x0000, 0x0000, 0x0000, 0x0000, 0x0000, 0x0000, 0x0000, 0x0000, 0x0000, 0x0000, 0x0000,
    0x0000, 0x0000, 0x0000, 0x0000, 0x0000, 0x0000, 0x0000, 0x0000, 0x0000, 0x0000, 0x0000, 0x0000,
    0x0000, 0x0000, 0x0000, 0x0000, 0x0000, 0x0000, 0x0000, 0x0000, 0x0000, 0x0000, 0x0000, 0x0000,
    0x0000, 0x0000, 0x0000, 0x0000, 0x0000, 0x0000, 0x0000, 0x0000, 0x0000, 0x0000, 0x0000, 0x0000,
    0x0000, 0x0000, 0x0000, 0x0000, 0x0000, 0x0000, 0x0000, 0x0000, 0x0000, 0x0000, 0x0000, 0x0000,
    0x0000, 0x0000, 0x0000, 0x0000, 0x0000, 0x0000, 0x0000, 0x0000, 0x0000, 0x0000, 0x0000, 0x0000,
    0x0000, 0x0000, 0x0000, 0x0000, 0x0000, 0x0000, 0x0000, 0x0000, 0x0000, 0x0000, 0x0000, 0x0000,
    0x0000, 0x0000, 0x0000, 0x0000, 0x0000, 0x0000, 0x0000, 0x0000, 0x0000, 0x0000, 0x0000, 0x0000,
    0x0000, 0x0000, 0x0000, 0x0000, 0x0000, 0x0000, 0x0000, 0x0000, 0x0000, 0x0000, 0x0000, 0x0000,
    0x0000, 0x0000, 0x0000, 0x0000, 0x0000, 0x0000, 0x0000, 0x0000, 0x0000, 0x0000, 0x0000, 0x0000,
    0x0000, 0x0000, 0x0000, 0x0000, 0x0000, 0x0000, 0x0000, 0x0000, 0x0000, 0x0000, 0x0000, 0x0000,
    0x0000, 0x0000, 0x0000, 0x0000, 0x0000, 0x0000, 0x0000, 0x0000, 0x0000, 0x0000, 0x0000, 0x0000,
    0x0000, 0x0000, 0x0000, 0x0000, 0x0000, 0x0000, 0x0000, 0x0000, 0x0000, 0x0000, 0x0000, 0x0000,
    0x0000, 0x0000, 0x0000, 0x0000, 0x0000, 0x0000, 0x0000, 0x0000, 0x0000, 0x0000, 0x0000, 0x0000,
    0x0000, 0x0000, 0x0000, 0x0000, 0x0000, 0x0000, 0x0000, 0x0000, 0x0000, 0x0000, 0x0000, 0x0000,
    0x0000, 0x0000, 0x0000, 0x0000, 0x0000, 0x0000, 0x0000, 0x0000, 0x0000, 0x0000, 0x0000, 0x0000,
    0x0000, 0x0000, 0x0000, 0x0000, 0x0000, 0x0000, 0x0000, 0x0000, 0x0000, 0x0000, 0x0000, 0x0000,
    0x0000, 0x0000, 0x0000, 0x0000, 0x0000, 0x0000, 0x0000, 0x0000, 0x0000, 0x0000, 0x0000, 0x0000,
    0x0000, 0x0000, 0x0000, 0x0000, 0x0000, 0x0000, 0x0000, 0x0000, 0x0000, 0x0000, 0x0000, 0x0000,
    0x0000, 0x0000, 0x0000, 0x0000, 0x0000, 0x0000, 0x0000, 0x0000, 0x0000, 0x0000, 0x0000, 0x0000,
    0x0000, 0x0000, 0x0000, 0x0000, 0x0000, 0x0000, 0x0000, 0x0000, 0x0000, 0x0000, 0x0000, 0x0000,
    0x0000, 0x0000, 0x0000, 0x0000, 0x0000, 0x0000, 0x0000, 0x0000, 0x0000, 0x0000, 0x0000, 0x0000,
    0x0000, 0x0000, 0x0000, 0x0000, 0x0000, 0x0000, 0x0000, 0x0000, 0x0000, 0x0000, 0x0000, 0x0000,
    0x0000, 0x0000, 0x0000, 0x0000, 0x0000, 0x0000, 0x0000, 0x0000, 0x0000, 0x0000, 0x0000, 0x0000,
    0x0000, 0x0000, 0x0000, 0x0000, 0x0000, 0x0000, 0x0000, 0x0000, 0x0000, 0x0000, 0x0000, 0x0000,
    0x0000, 0x0000, 0x0000, 0x0000, 0x0000, 0x0000, 0x0000, 0x0000, 0x0000, 0x0000, 0x0000, 0x0000,
    0x0000, 0x0000, 0x0000, 0x0000, 0x0000, 0x0000, 0x0000, 0x0000, 0x0000, 0x0000, 0x0000, 0x0000,
    0x0000, 0x0000, 0x0000, 0x0000, 0x0000, 0x0000, 0x0000, 0x0000, 0x0000, 0x0000, 0x0000, 0x0000,
    0x0000, 0x0000, 0x0000, 0x0000, 0x0000, 0x0000, 0x0000, 0x0000, 0x0000, 0x0000, 0x0000, 0x0000,
    0x0000, 0x0000, 0x0000, 0x0000, 0x0000, 0x0000, 0x0000, 0x0000, 0x0000, 0x0000, 0x0000, 0x0000,
    0x0000, 0x0000, 0x0000, 0x0000, 0x0000, 0x0000, 0x0000, 0x0000, 0x0000, 0x0000, 0x0000, 0x0000,
    0x0000, 0x0000, 0x0000, 0x0000, 0x0000, 0x0000, 0x0000, 0x0000, 0x0000, 0x0000, 0x0000, 0x0000,
    0x0000, 0x0000, 0x0000, 0x0000, 0x0000, 0x0000, 0x0000, 0x0000, 0x0000, 0x0000, 0x0000};

static const uint16_t image_data_sfc_43x65_f65_5[2795] = {
    0x0000, 0x0000, 0x0000, 0x0000, 0x0000, 0x0000, 0x0000, 0x0000, 0x0000, 0x0000, 0x0000, 0x0000,
    0x0000, 0x0000, 0x0000, 0x0000, 0x0000, 0x0000, 0x0000, 0x0000, 0x0000, 0x0000, 0x0000, 0x0000,
    0x0000, 0x0000, 0x0000, 0x0000, 0x0000, 0x0000, 0x0000, 0x0000, 0x0000, 0x0000, 0x0000, 0x0000,
    0x0000, 0x0000, 0x0000, 0x0000, 0x0000, 0x0000, 0x0000, 0x0000, 0x0000, 0x0000, 0x0000, 0x0000,
    0x0000, 0x0000, 0x0000, 0x0000, 0x0000, 0x0000, 0x0000, 0x0000, 0x0000, 0x0000, 0x0000, 0x0000,
    0x0000, 0x0000, 0x0000, 0x0000, 0x0000, 0x0000, 0x0000, 0x0000, 0x0000, 0x0000, 0x0000, 0x0000,
    0x0000, 0x0000, 0x0000, 0x0000, 0x0000, 0x0000, 0x0000, 0x0000, 0x0000, 0x0000, 0x0000, 0x0000,
    0x0000, 0x0000, 0x0000, 0x0000, 0x0000, 0x0000, 0x0000, 0x0000, 0x0000, 0x0000, 0x0000, 0x0000,
    0x0000, 0x0000, 0x0000, 0x0000, 0x0000, 0x0000, 0x0000, 0x0000, 0x0000, 0x0000, 0x0000, 0x0000,
    0x0000, 0x0000, 0x0000, 0x0000, 0x0000, 0x0000, 0x0000, 0x0000, 0x0000, 0x0000, 0x0000, 0x0000,
    0x0000, 0x0000, 0x0000, 0x0000, 0x0000, 0x0000, 0x0000, 0x0000, 0x0000, 0x0000, 0x0000, 0x0000,
    0x0000, 0x0000, 0x0000, 0x0000, 0x0000, 0x0000, 0x0000, 0x0000, 0x0000, 0x0000, 0x0000, 0x0000,
    0x0000, 0x0000, 0x0000, 0x0000, 0x0000, 0x0000, 0x0000, 0x0000, 0x0000, 0x0000, 0x0000, 0x0000,
    0x0000, 0x0000, 0x0000, 0x0000, 0x0000, 0x0000, 0x0000, 0x0000, 0x0000, 0x0000, 0x0000, 0x0000,
    0x0000, 0x0000, 0x0000, 0x0000, 0x0000, 0x0000, 0x0000, 0x0000, 0x0000, 0x0000, 0x0000, 0x8c51,
    0xdefb, 0xef5d, 0xef5d, 0xef5d, 0xef5d, 0xef5d, 0xef5d, 0xef5d, 0xef5d, 0xef5d, 0xef5d, 0xef5d,
    0xef5d, 0xef5d, 0xef5d, 0xef5d, 0xef5d, 0xef5d, 0xef5d, 0xef5d, 0xef5d, 0xef5d, 0xef5d, 0xef5d,
    0xef5d, 0xef5d, 0xef5d, 0xe71c, 0x94b2, 0x0000, 0x0000, 0x0000, 0x0000, 0x0000, 0x0000, 0x0000,
    0x0000, 0x0000, 0x0000, 0x0000, 0x0000, 0x0000, 0xa514, 0xffdf, 0xffff, 0xffff, 0xffff, 0xffff,
    0xffff, 0xffff, 0xffff, 0xffff, 0xffff, 0xffff, 0xffff, 0xffff, 0xffff, 0xffff, 0xffff, 0xffff,
    0xffff, 0xffff, 0xffff, 0xffff, 0xffff, 0xffff, 0xffff, 0xffff, 0xffff, 0xffff, 0xffdf, 0xa534,
    0x0000, 0x0000, 0x0000, 0x0000, 0x0000, 0x0000, 0x0000, 0x0000, 0x0000, 0x0000, 0x0000, 0x0000,
    0x2945, 0xb596, 0xffff, 0xfeb4, 0xfd06, 0xfce5, 0xfce5, 0xfce5, 0xfce5, 0xfce5, 0xfce5, 0xfce5,
    0xfce5, 0xfce5, 0xfce5, 0xfce5, 0xfce5, 0xfce5, 0xfce5, 0xfce5, 0xfce5, 0xfce5, 0xfce5, 0xfce5,
    0xfce5, 0xfce5, 0xfce5, 0xfd06, 0xfef6, 0xffdf, 0xa534, 0x0000, 0x0000, 0x0000, 0x0000, 0x0000,
    0x0000, 0x0000, 0x0000, 0x0000, 0x0000, 0x0000, 0x0000, 0x39c7, 0xbdf7, 0xffff, 0xfe0f, 0xfc40,
    0xfc40, 0xfc40, 0xfc40, 0xfc40, 0xfc40, 0xfc40, 0xfc40, 0xfc40, 0xfc40, 0xfc40, 0xfc40, 0xfc40,
    0xfc40, 0xfc40, 0xfc40, 0xfc40, 0xfc40, 0xfc40, 0xfc40, 0xfc40, 0xfc40, 0xfc40, 0xfc40, 0xfe93,
    0xffdf, 0xa534, 0x0000, 0x0000, 0x0000, 0x0000, 0x0000, 0x0000, 0x0000, 0x0000, 0x0000, 0x0000,
    0x0000, 0x0000, 0x4228, 0xce59, 0xffff, 0xfdac, 0xfc40, 0xfc40, 0xfc40, 0xfc40, 0xfc40, 0xfc40,
    0xfc40, 0xfc40, 0xfc40, 0xfc40, 0xfc40, 0xfc40, 0xfc40, 0xfc40, 0xfc40, 0xfc40, 0xfc40, 0xfc40,
    0xfc40, 0xfc40, 0xfc40, 0xfc40, 0xfc40, 0xfc40, 0xfe93, 0xffdf, 0xa534, 0x0000, 0x0000, 0x0000,
    0x0000, 0x0000, 0x0000, 0x0000, 0x0000, 0x0000, 0x0000, 0x0000, 0x0000, 0x528a, 0xd6ba, 0xffde,
    0xfd6a, 0xfc40, 0xfc40, 0xfc40, 0xfc40, 0xfc40, 0xfc40, 0xfc40, 0xfc40, 0xfc40, 0xfc40, 0xfc40,
    0xfc40, 0xfc40, 0xfc40, 0xfc40, 0xfc40, 0xfc40, 0xfc40, 0xfc40, 0xfc40, 0xfc40, 0xfc40, 0xfc40,
    0xfc40, 0xfe93, 0xffdf, 0xa534, 0x0000, 0x0000, 0x0000, 0x0000, 0x0000, 0x0000, 0x0000, 0x0000,
    0x0000, 0x0000, 0x0000, 0x0000, 0x5aeb, 0xdefb, 0xffbd, 0xfd27, 0xfc40, 0xfc40, 0xfc40, 0xfc40,
    0xfc40, 0xfc40, 0xfc40, 0xfc40, 0xfc40, 0xfc40, 0xfc40, 0xfc40, 0xfc40, 0xfc40, 0xfc40, 0xfc40,
    0xfc40, 0xfc40, 0xfc40, 0xfc40, 0xfc40, 0xfc40, 0xfc40, 0xfc40, 0xfe93, 0xffdf, 0xa534, 0x0000,
    0x0000, 0x0000, 0x0000, 0x0000, 0x0000, 0x0000, 0x0000, 0x0000, 0x0000, 0x0000, 0x0000, 0x6b6d,
    0xef5d, 0xff9c, 0xfce6, 0xfc40, 0xfc40, 0xfc40, 0xfc40, 0xfc40, 0xfc40, 0xfc40, 0xfc40, 0xfc40,
    0xfc40, 0xfc40, 0xfc40, 0xfc40, 0xfc40, 0xfc40, 0xfc40, 0xfc40, 0xfc40, 0xfc40, 0xfc40, 0xfc40,
    0xfc40, 0xfc40, 0xfc40, 0xfe93, 0xffdf, 0xa534, 0x0000, 0x0000, 0x0000, 0x0000, 0x0000, 0x0000,
    0x0000, 0x0000, 0x0000, 0x0000, 0x0000, 0x0000, 0x7bcf, 0xef7d, 0xff7a, 0xfcc4, 0xfc40, 0xfc40,
    0xfc40, 0xfc40, 0xfc40, 0xfd06, 0xfdcc, 0xfdcc, 0xfdcc, 0xfdcc, 0xfdcc, 0xfdcc, 0xfdcc, 0xfdcc,
    0xfdcc, 0xfdcc, 0xfdcc, 0xfdcc, 0xfdcc, 0xfdcc, 0xfdcc, 0xfdcc, 0xfdcc, 0xfdee, 0xff39, 0xffdf,
    0xa534, 0x0000, 0x0000, 0x0000, 0x0000, 0x0000, 0x0000, 0x0000, 0x0000, 0x0000, 0x0000, 0x0000,
    0x0000, 0x8c51, 0xf7be, 0xff38, 0xfc83, 0xfc40, 0xfc40, 0xfc40, 0xfc40, 0xfc40, 0xfe31, 0xffff,
    0xffff, 0xffff, 0xffff, 0xffff, 0xffff, 0xffff, 0xffff, 0xffff, 0xffff, 0xffff, 0xffff, 0xffff,
    0xffff, 0xffff, 0xffff, 0xffff, 0xffff, 0xffff, 0xffdf, 0xa534, 0x0000, 0x0000, 0x0000, 0x0000,
    0x0000, 0x0000, 0x0000, 0x0000, 0x0000, 0x0000, 0x0000, 0x0000, 0x94b2, 0xf7be, 0xfef6, 0xfc61,
    0xfc40, 0xfc40, 0xfc40, 0xfc40, 0xfc61, 0xfe93, 0xffff, 0xdefb, 0xce59, 0xce59, 0xce59, 0xce59,
    0xce59, 0xce59, 0xce59, 0xce59, 0xce59, 0xce59, 0xce59, 0xce59, 0xce59, 0xce59, 0xce59, 0xce59,
    0xce59, 0xc618, 0x8410, 0x0000, 0x0000, 0x0000, 0x0000, 0x0000, 0x0000, 0x0000, 0x0000, 0x0000,
    0x0000, 0x0000, 0x0000, 0xa514, 0xffdf, 0xfeb4, 0xfc61, 0xfc40, 0xfc40, 0xfc40, 0xfc40, 0xfc61,
    0xfed5, 0xffdf, 0x9cd3, 0x0000, 0x0000, 0x0000, 0x0000, 0x0000, 0x0000, 0x0000, 0x0000, 0x0000,
    0x0000, 0x0000, 0x0000, 0x0000, 0x0000, 0x0000, 0x0000, 0x0000, 0x0000, 0x0000, 0x0000, 0x0000,
    0x0000, 0x0000, 0x0000, 0x0000, 0x0000, 0x0000, 0x0000, 0x0000, 0x0000, 0x3186, 0xb5b6, 0xffdf,
    0xfe51, 0xfc40, 0xfc40, 0xfc40, 0xfc40, 0xfc40, 0xfc82, 0xff18, 0xf7be, 0x8c71, 0x0000, 0x0000,
    0x0000, 0x0000, 0x0000, 0x0000, 0x0000, 0x0000, 0x0000, 0x0000, 0x0000, 0x0000, 0x0000, 0x0000,
    0x0000, 0x0000, 0x0000, 0x0000, 0x0000, 0x0000, 0x0000, 0x0000, 0x0000, 0x0000, 0x0000, 0x0000,
    0x0000, 0x0000, 0x0000, 0x0000, 0x39e7, 0xc618, 0xffff, 0xfe0f, 0xfc40, 0xfc40, 0xfc40, 0xfc40,
    0xfc40, 0xfca3, 0xff59, 0xf79e, 0x8410, 0x0000, 0x0000, 0x0000, 0x0000, 0x0000, 0x0000, 0x0000,
    0x0000, 0x0000, 0x0000, 0x0000, 0x0000, 0x0000, 0x0000, 0x0000, 0x0000, 0x0000, 0x0000, 0x0000,
    0x0000, 0x0000, 0x0000, 0x0000, 0x0000, 0x0000, 0x0000, 0x0000, 0x0000, 0x0000, 0x0000, 0x4228,
    0xce59, 0xffde, 0xfdac, 0xfc40, 0xfc40, 0xfc40, 0xfc40, 0xfc40, 0xfcc5, 0xff7b, 0xef5d, 0x738e,
    0x0000, 0x0000, 0x0000, 0x0000, 0x0000, 0x0000, 0x0000, 0x0000, 0x0000, 0x0000, 0x0000, 0x0000,
    0x0000, 0x0000, 0x0000, 0x0000, 0x0000, 0x0000, 0x0000, 0x0000, 0x0000, 0x0000, 0x0000, 0x0000,
    0x0000, 0x0000, 0x0000, 0x0000, 0x0000, 0x0000, 0x528a, 0xd6ba, 0xffde, 0xfd6a, 0xfc40, 0xfc40,
    0xfc40, 0xfc40, 0xfc40, 0xfd06, 0xffbc, 0xe73c, 0xad75, 0xd6ba, 0xef5d, 0xffdf, 0xffff, 0xffff,
    0xffff, 0xffff, 0xef7d, 0xd6ba, 0xa534, 0x52aa, 0x0000, 0x0000, 0x0000, 0x0000, 0x0000, 0x0000,
    0x0000, 0x0000, 0x0000, 0x0000, 0x0000, 0x0000, 0x0000, 0x0000, 0x0000, 0x0000, 0x0000, 0x0000,
    0x0000, 0x5aeb, 0xe71c, 0xffbd, 0xfd27, 0xfc40, 0xfc40, 0xfc40, 0xfc40, 0xfc40, 0xfd48, 0xffbd,
    0xffff, 0xffff, 0xffff, 0xffff, 0xffff, 0xffff, 0xffff, 0xffff, 0xffff, 0xffff, 0xffff, 0xffff,
    0xffff, 0xd69a, 0x7bcf, 0x0000, 0x0000, 0x0000, 0x0000, 0x0000, 0x0000, 0x0000, 0x0000, 0x0000,
    0x0000, 0x0000, 0x0000, 0x0000, 0x0000, 0x0000, 0x0000, 0x0000, 0x6b6d, 0xef5d, 0xff9b, 0xfce5,
    0xfc40, 0xfc40, 0xfc40, 0xfc40, 0xfc40, 0xfd8b, 0xffde, 0xffff, 0xff39, 0xfdcc, 0xfce5, 0xfc61,
    0xfc40, 0xfc40, 0xfc40, 0xfc40, 0xfce5, 0xfdcc, 0xfef7, 0xffff, 0xffff, 0xffdf, 0xc638, 0x5aeb,
    0x0000, 0x0000, 0x0000, 0x0000, 0x0000, 0x0000, 0x0000, 0x0000, 0x0000, 0x0000, 0x0000, 0x0000,
    0x0000, 0x0000, 0x0000, 0x7bcf, 0xef7d, 0xff5a, 0xfca4, 0xfc40, 0xfc40, 0xfc40, 0xfc40, 0xfc40,
    0xfdac, 0xfe72, 0xfcc4, 0xfc40, 0xfc40, 0xfc40, 0xfc40, 0xfc40, 0xfc40, 0xfc40, 0xfc40, 0xfc40,
    0xfc40, 0xfc40, 0xfca3, 0xfe72, 0xffde, 0xffff, 0xe73c, 0x7bcf, 0x0000, 0x0000, 0x0000, 0x0000,
    0x0000, 0x0000, 0x0000, 0x0000, 0x0000, 0x0000, 0x0000, 0x0000, 0x0000, 0x0000, 0x8c51, 0xf7be,
    0xff18, 0xfc82, 0xfc40, 0xfc40, 0xfc40, 0xfc40, 0xfc40, 0xfc40, 0xfc40, 0xfc40, 0xfc40, 0xfc40,
    0xfc40, 0xfc40, 0xfc40, 0xfc40, 0xfc40, 0xfc40, 0xfc40, 0xfc40, 0xfc40, 0xfc40, 0xfc40, 0xfd06,
    0xff38, 0xffff, 0xef7d, 0x9492, 0x2945, 0x0000, 0x0000, 0x0000, 0x0000, 0x0000, 0x0000, 0x0000,
    0x0000, 0x0000, 0x0000, 0x0000, 0x0000, 0x9cd3, 0xffdf, 0xfed5, 0xfc61, 0xfc40, 0xfc40, 0xfc40,
    0xfc40, 0xfc40, 0xfc40, 0xfc40, 0xfc40, 0xfc40, 0xfc40, 0xfc40, 0xfc40, 0xfc40, 0xfc40, 0xfc40,
    0xfc40, 0xfc40, 0xfc40, 0xfc40, 0xfc40, 0xfc40, 0xfc40, 0xfc83, 0xfed5, 0xffff, 0xf79e, 0x8c71,
    0x0000, 0x0000, 0x0000, 0x0000, 0x0000, 0x0000, 0x0000, 0x0000, 0x0000, 0x0000, 0x0000, 0x2945,
    0xa534, 0xffdf, 0xfe93, 0xfc61, 0xfc40, 0xfc40, 0xfc40, 0xfc40, 0xfc40, 0xfc40, 0xfc40, 0xfc40,
    0xfc40, 0xfc40, 0xfc40, 0xfc40, 0xfc40, 0xfc40, 0xfc40, 0xfc40, 0xfc40, 0xfc40, 0xfc40, 0xfc40,
    0xfc40, 0xfc40, 0xfc40, 0xfc61, 0xfe73, 0xffff, 0xe73c, 0x73ae, 0x0000, 0x0000, 0x0000, 0x0000,
    0x0000, 0x0000, 0x0000, 0x0000, 0x0000, 0x0000, 0x3186, 0xb5b6, 0xffdf, 0xfe31, 0xfc40, 0xfc40,
    0xfc40, 0xfc40, 0xfc40, 0xfc40, 0xfc40, 0xfc40, 0xfc40, 0xfc40, 0xfc40, 0xfc40, 0xfc40, 0xfc40,
    0xfc40, 0xfc40, 0xfc40, 0xfc40, 0xfc40, 0xfc40, 0xfc40, 0xfc40, 0xfc40, 0xfc40, 0xfc40, 0xfc82,
    0xfef6, 0xffff, 0xd69a, 0x528a, 0x0000, 0x0000, 0x0000, 0x0000, 0x0000, 0x0000, 0x0000, 0x0000,
    0x0000, 0x39e7, 0xc618, 0xffff, 0xfdee, 0xfc40, 0xfc40, 0xfc40, 0xfc40, 0xfc40, 0xfc40, 0xfc40,
    0xfc40, 0xfc40, 0xfca3, 0xfdcd, 0xfed5, 0xffbd, 0xffff, 0xffff, 0xff5a, 0xfe51, 0xfd06, 0xfc40,
    0xfc40, 0xfc40, 0xfc40, 0xfc40, 0xfc40, 0xfc40, 0xfc40, 0xfce6, 0xff7b, 0xffdf, 0x9cf3, 0x2945,
    0x0000, 0x0000, 0x0000, 0x0000, 0x0000, 0x0000, 0x0000, 0x0000, 0x4228, 0xce79, 0xffde, 0xfdac,
    0xfc40, 0xfc40, 0xfc40, 0xfc40, 0xfc40, 0xfc40, 0xfc40, 0xfc61, 0xfe30, 0xffde, 0xffff, 0xffff,
    0xffff, 0xffff, 0xffff, 0xffff, 0xffff, 0xffff, 0xfeb4, 0xfca3, 0xfc40, 0xfc40, 0xfc40, 0xfc40,
    0xfc40, 0xfc40, 0xfc40, 0xfe0f, 0xffff, 0xdedb, 0x5aeb, 0x0000, 0x0000, 0x0000, 0x0000, 0x0000,
    0x0000, 0x0000, 0x0000, 0x52aa, 0xdedb, 0xffde, 0xfd69, 0xfc40, 0xfc40, 0xfc40, 0xfc40, 0xfc40,
    0xfc40, 0xfca3, 0xfef7, 0xffff, 0xffdf, 0xd6ba, 0xa534, 0x6b4d, 0x0000, 0x3186, 0x8410, 0xc638,
    0xf7be, 0xffff, 0xff39, 0xfcc5, 0xfc40, 0xfc40, 0xfc40, 0xfc40, 0xfc40, 0xfc40, 0xfcc4, 0xff5a,
    0xf7be, 0x94b2, 0x0000, 0x0000, 0x0000, 0x0000, 0x0000, 0x0000, 0x0000, 0x0000, 0x630c, 0xe71c,
    0xffbd, 0xfd07, 0xfc40, 0xfc40, 0xfc40, 0xfc40, 0xfc40, 0xfc82, 0xfed6, 0xffff, 0xef5d, 0x8c51,
    0x2945, 0x0000, 0x0000, 0x0000, 0x0000, 0x0000, 0x0000, 0x738e, 0xdefb, 0xffff, 0xff17, 0xfca3,
    0xfc40, 0xfc40, 0xfc40, 0xfc40, 0xfc40, 0xfc40, 0xfe51, 0xffff, 0xc618, 0x39e7, 0x0000, 0x0000,
    0x0000, 0x0000, 0x0000, 0x0000, 0x0000, 0x6b6d, 0xef5d, 0xff9b, 0xfce5, 0xfc40, 0xfc40, 0xfc40,
    0xfc40, 0xfc40, 0xfdee, 0xffff, 0xef5d, 0x7bef, 0x0000, 0x0000, 0x0000, 0x0000, 0x0000, 0x0000,
    0x0000, 0x0000, 0x0000, 0x6b6d, 0xe71c, 0xffff, 0xfdee, 0xfc40, 0xfc40, 0xfc40, 0xfc40, 0xfc40,
    0xfc40, 0xfd49, 0xffde, 0xdefb, 0x5aeb, 0x0000, 0x0000, 0x0000, 0x0000, 0x0000, 0x0000, 0x0000,
    0x8410, 0xf79e, 0xff7b, 0xfd69, 0xfce5, 0xfcc5, 0xfcc5, 0xfce5, 0xfd49, 0xff5a, 0xffdf, 0x9cf3,
    0x2945, 0x0000, 0x0000, 0x0000, 0x0000, 0x0000, 0x0000, 0x0000, 0x0000, 0x0000, 0x0000, 0x9cd3,
    0xf7be, 0xff59, 0xfca4, 0xfc40, 0xfc40, 0xfc40, 0xfc40, 0xfc40, 0xfcc4, 0xff7a, 0xf79e, 0x7bef,
    0x0000, 0x0000, 0x0000, 0x0000, 0x0000, 0x0000, 0x0000, 0x8c71, 0xf7be, 0xffff, 0xffff, 0xffff,
    0xffff, 0xffff, 0xffff, 0xffff, 0xffff, 0xdedb, 0x5acb, 0x0000, 0x0000, 0x0000, 0x0000, 0x0000,
    0x0000, 0x0000, 0x0000, 0x0000, 0x0000, 0x0000, 0x5aeb, 0xdefb, 0xffde, 0xfd49, 0xfc40, 0xfc40,
    0xfc40, 0xfc40, 0xfc40, 0xfc82, 0xfef7, 0xf7be, 0x94b2, 0x0000, 0x0000, 0x0000, 0x0000, 0x0000,
    0x0000, 0x0000, 0x8c51, 0xe71c, 0xef5d, 0xef5d, 0xef5d, 0xef5d, 0xef5d, 0xef5d, 0xef5d, 0xe73c,
    0x9cd3, 0x2945, 0x0000, 0x0000, 0x0000, 0x0000, 0x0000, 0x0000, 0x0000, 0x0000, 0x0000, 0x0000,
    0x0000, 0x4208, 0xc638, 0xffff, 0xfdee, 0xfc40, 0xfc40, 0xfc40, 0xfc40, 0xfc40, 0xfc61, 0xfeb4,
    0xffdf, 0xa534, 0x0000, 0x0000, 0x0000, 0x0000, 0x0000, 0x0000, 0x0000, 0x0000, 0x0000, 0x0000,
    0x0000, 0x0000, 0x0000, 0x0000, 0x0000, 0x0000, 0x0000, 0x0000, 0x0000, 0x0000, 0x0000, 0x0000,
    0x0000, 0x0000, 0x0000, 0x0000, 0x0000, 0x0000, 0x0000, 0x0000, 0x3186, 0xb5b6, 0xffdf, 0xfe31,
    0xfc40, 0xfc40, 0xfc40, 0xfc40, 0xfc40, 0xfc40, 0xfe72, 0xffdf, 0xad75, 0x2945, 0x0000, 0x0000,
    0x0000, 0x0000, 0x0000, 0x39e7, 0xa514, 0xc638, 0xce59, 0xce59, 0xce59, 0xce59, 0xce59, 0xce59,
    0xce59, 0xce59, 0xb596, 0x52aa, 0x0000, 0x0000, 0x0000, 0x0000, 0x0000, 0x0000, 0x0000, 0x0000,
    0x0000, 0x0000, 0x0000, 0x2945, 0xb596, 0xffff, 0xfe51, 0xfc40, 0xfc40, 0xfc40, 0xfc40, 0xfc40,
    0xfc40, 0xfe51, 0xffff, 0xb596, 0x2945, 0x0000, 0x0000, 0x0000, 0x0000, 0x0000, 0x4228, 0xce79,
    0xffff, 0xffff, 0xffff, 0xffff, 0xffff, 0xffff, 0xffff, 0xffff, 0xffff, 0xef7d, 0x7bcf, 0x0000,
    0x0000, 0x0000, 0x0000, 0x0000, 0x0000, 0x0000, 0x0000, 0x0000, 0x0000, 0x0000, 0x39c7, 0xbdd7,
    0xffdf, 0xfe0f, 0xfc40, 0xfc40, 0xfc40, 0xfc40, 0xfc40, 0xfc40, 0xfe93, 0xffdf, 0xa534, 0x0000,
    0x0000, 0x0000, 0x0000, 0x0000, 0x0000, 0x39e7, 0xc638, 0xffff, 0xfef6, 0xfdcd, 0xfdcd, 0xfdcd,
    0xfdcd, 0xfdcd, 0xfe0f, 0xff7b, 0xf7be, 0x8c71, 0x0000, 0x0000, 0x0000, 0x0000, 0x0000, 0x0000,
    0x0000, 0x0000, 0x0000, 0x0000, 0x0000, 0x4a69, 0xd69a, 0xffde, 0xfdac, 0xfc40, 0xfc40, 0xfc40,
    0xfc40, 0xfc40, 0xfc61, 0xfed5, 0xffdf, 0x9cf3, 0x0000, 0x0000, 0x0000, 0x0000, 0x0000, 0x0000,
    0x39c7, 0xbdf7, 0xffff, 0xfe0f, 0xfc40, 0xfc40, 0xfc40, 0xfc40, 0xfc40, 0xfc61, 0xfe94, 0xffdf,
    0xad75, 0x2945, 0x0000, 0x0000, 0x0000, 0x0000, 0x0000, 0x0000, 0x0000, 0x0000, 0x0000, 0x0000,
    0x73ae, 0xef7d, 0xff9c, 0xfd06, 0xfc40, 0xfc40, 0xfc40, 0xfc40, 0xfc40, 0xfca3, 0xff38, 0xf7be,
    0x8c71, 0x0000, 0x0000, 0x0000, 0x0000, 0x0000, 0x0000, 0x2945, 0xb596, 0xffff, 0xfe93, 0xfc61,
    0xfc40, 0xfc40, 0xfc40, 0xfc40, 0xfc40, 0xfded, 0xffff, 0xd69a, 0x528a, 0x0000, 0x0000, 0x0000,
    0x0000, 0x0000, 0x0000, 0x0000, 0x0000, 0x0000, 0x39e7, 0xbdf7, 0xffff, 0xfed5, 0xfc61, 0xfc40,
    0xfc40, 0xfc40, 0xfc40, 0xfc40, 0xfd06, 0xff9c, 0xef5d, 0x6b6d, 0x0000, 0x0000, 0x0000, 0x0000,
    0x0000, 0x0000, 0x0000, 0x9cd3, 0xffdf, 0xff17, 0xfc82, 0xfc40, 0xfc40, 0xfc40, 0xfc40, 0xfc40,
    0xfce5, 0xff7b, 0xf7be, 0x9cf3, 0x2945, 0x0000, 0x0000, 0x0000, 0x0000, 0x0000, 0x0000, 0x0000,
    0x2945, 0xa514, 0xf7be, 0xffbd, 0xfd48, 0xfc40, 0xfc40, 0xfc40, 0xfc40, 0xfc40, 0xfc40, 0xfdac,
    0xffde, 0xd69a, 0x4a69, 0x0000, 0x0000, 0x0000, 0x0000, 0x0000, 0x0000, 0x0000, 0x7bcf, 0xef7d,
    0xff9c, 0xfce6, 0xfc40, 0xfc40, 0xfc40, 0xfc40, 0xfc40, 0xfc40, 0xfe0f, 0xffff, 0xf7be, 0xa534,
    0x39e7, 0x0000, 0x0000, 0x0000, 0x0000, 0x0000, 0x630c, 0xce59, 0xffdf, 0xffde, 0xfe0f, 0xfc40,
    0xfc40, 0xfc40, 0xfc40, 0xfc40, 0xfc40, 0xfc61, 0xfed5, 0xffdf, 0xad75, 0x2945, 0x0000, 0x0000,
    0x0000, 0x0000, 0x0000, 0x0000, 0x0000, 0x528a, 0xd6ba, 0xffff, 0xfdee, 0xfc40, 0xfc40, 0xfc40,
    0xfc40, 0xfc40, 0xfc40, 0xfc61, 0xfe72, 0xffff, 0xffff, 0xef5d, 0xc618, 0x9cf3, 0x9cd3, 0xb596,
    0xd69a, 0xf7be, 0xffff, 0xffde, 0xfe0f, 0xfc61, 0xfc40, 0xfc40, 0xfc40, 0xfc40, 0xfc40, 0xfc40,
    0xfd48, 0xffbd, 0xef7d, 0x7bcf, 0x0000, 0x0000, 0x0000, 0x0000, 0x0000, 0x0000, 0x0000, 0x0000,
    0x2945, 0xa534, 0xffdf, 0xff38, 0xfca3, 0xfc40, 0xfc40, 0xfc40, 0xfc40, 0xfc40, 0xfc40, 0xfc40,
    0xfdab, 0xff9c, 0xffff, 0xffff, 0xffff, 0xffff, 0xffff, 0xffff, 0xffff, 0xff38, 0xfd28, 0xfc40,
    0xfc40, 0xfc40, 0xfc40, 0xfc40, 0xfc40, 0xfc40, 0xfc62, 0xfed5, 0xffff, 0xc618, 0x4208, 0x0000,
    0x0000, 0x0000, 0x0000, 0x0000, 0x0000, 0x0000, 0x0000, 0x0000, 0x632c, 0xe71c, 0xffff, 0xfe0f,
    0xfc40, 0xfc40, 0xfc40, 0xfc40, 0xfc40, 0xfc40, 0xfc40, 0xfc40, 0xfc40, 0xfd48, 0xfe30, 0xfed5,
    0xfed5, 0xfed5, 0xfe30, 0xfd06, 0xfc40, 0xfc40, 0xfc40, 0xfc40, 0xfc40, 0xfc40, 0xfc40, 0xfc40,
    0xfc40, 0xfdcd, 0xffde, 0xef5d, 0x7bcf, 0x0000, 0x0000, 0x0000, 0x0000, 0x0000, 0x0000, 0x0000,
    0x0000, 0x0000, 0x0000, 0x2945, 0xa514, 0xffdf, 0xff9c, 0xfd27, 0xfc40, 0xfc40, 0xfc40, 0xfc40,
    0xfc40, 0xfc40, 0xfc40, 0xfc40, 0xfc40, 0xfc40, 0xfc40, 0xfc40, 0xfc40, 0xfc40, 0xfc40, 0xfc40,
    0xfc40, 0xfc40, 0xfc40, 0xfc40, 0xfc40, 0xfc40, 0xfc40, 0xfd48, 0xffbc, 0xffdf, 0xa534, 0x2945,
    0x0000, 0x0000, 0x0000, 0x0000, 0x0000, 0x0000, 0x0000, 0x0000, 0x0000, 0x0000, 0x0000, 0x4a49,
    0xce59, 0xffff, 0xff5a, 0xfce5, 0xfc40, 0xfc40, 0xfc40, 0xfc40, 0xfc40, 0xfc40, 0xfc40, 0xfc40,
    0xfc40, 0xfc40, 0xfc40, 0xfc40, 0xfc40, 0xfc40, 0xfc40, 0xfc40, 0xfc40, 0xfc40, 0xfc40, 0xfc40,
    0xfc40, 0xfd28, 0xff9b, 0xffff, 0xc618, 0x4228, 0x0000, 0x0000, 0x0000, 0x0000, 0x0000, 0x0000,
    0x0000, 0x0000, 0x0000, 0x0000, 0x0000, 0x0000, 0x0000, 0x632c, 0xdefb, 0xffff, 0xff59, 0xfd06,
    0xfc40, 0xfc40, 0xfc40, 0xfc40, 0xfc40, 0xfc40, 0xfc40, 0xfc40, 0xfc40, 0xfc40, 0xfc40, 0xfc40,
    0xfc40, 0xfc40, 0xfc40, 0xfc40, 0xfc40, 0xfc40, 0xfc40, 0xfdac, 0xffbd, 0xffff, 0xd69a, 0x5acb,
    0x0000, 0x0000, 0x0000, 0x0000, 0x0000, 0x0000, 0x0000, 0x0000, 0x0000, 0x0000, 0x0000, 0x0000,
    0x0000, 0x0000, 0x0000, 0x6b6d, 0xdefb, 0xffff, 0xffbd, 0xfdac, 0xfc40, 0xfc40, 0xfc40, 0xfc40,
    0xfc40, 0xfc40, 0xfc40, 0xfc40, 0xfc40, 0xfc40, 0xfc40, 0xfc40, 0xfc40, 0xfc40, 0xfc40, 0xfc40,
    0xfca3, 0xfe72, 0xffff, 0xffff, 0xc638, 0x52aa, 0x0000, 0x0000, 0x0000, 0x0000, 0x0000, 0x0000,
    0x0000, 0x0000, 0x0000, 0x0000, 0x0000, 0x0000, 0x0000, 0x0000, 0x0000, 0x0000, 0x0000, 0x5aeb,
    0xce59, 0xffff, 0xffff, 0xff59, 0xfd8a, 0xfc40, 0xfc40, 0xfc40, 0xfc40, 0xfc40, 0xfc40, 0xfc40,
    0xfc40, 0xfc40, 0xfc40, 0xfc40, 0xfc40, 0xfca3, 0xfe51, 0xffde, 0xffff, 0xf7be, 0xad55, 0x39e7,
    0x0000, 0x0000, 0x0000, 0x0000, 0x0000, 0x0000, 0x0000, 0x0000, 0x0000, 0x0000, 0x0000, 0x0000,
    0x0000, 0x0000, 0x0000, 0x0000, 0x0000, 0x0000, 0x0000, 0x39e7, 0xa534, 0xf79e, 0xffff, 0xffff,
    0xffbd, 0xfed5, 0xfdcd, 0xfd06, 0xfcc5, 0xfca4, 0xfc61, 0xfcc4, 0xfce5, 0xfd27, 0xfe30, 0xff5a,
    0xffff, 0xffff, 0xffff, 0xd6ba, 0x8410, 0x0000, 0x0000, 0x0000, 0x0000, 0x0000, 0x0000, 0x0000,
    0x0000, 0x0000, 0x0000, 0x0000, 0x0000, 0x0000, 0x0000, 0x0000, 0x0000, 0x0000, 0x0000, 0x0000,
    0x0000, 0x0000, 0x0000, 0x0000, 0x4a49, 0xad55, 0xef5d, 0xffff, 0xffff, 0xffff, 0xffff, 0xffff,
    0xffff, 0xffff, 0xffff, 0xffff, 0xffff, 0xffff, 0xffff, 0xffdf, 0xd6ba, 0x8430, 0x2945, 0x0000,
    0x0000, 0x0000, 0x0000, 0x0000, 0x0000, 0x0000, 0x0000, 0x0000, 0x0000, 0x0000, 0x0000, 0x0000,
    0x0000, 0x0000, 0x0000, 0x0000, 0x0000, 0x0000, 0x0000, 0x0000, 0x0000, 0x0000, 0x0000, 0x0000,
    0x0000, 0x0000, 0x632c, 0xa534, 0xd69a, 0xe73c, 0xef5d, 0xef7d, 0xffdf, 0xef7d, 0xef5d, 0xe71c,
    0xc618, 0x8c71, 0x39e7, 0x0000, 0x0000, 0x0000, 0x0000, 0x0000, 0x0000, 0x0000, 0x0000, 0x0000,
    0x0000, 0x0000, 0x0000, 0x0000, 0x0000, 0x0000, 0x0000, 0x0000, 0x0000, 0x0000, 0x0000, 0x0000,
    0x0000, 0x0000, 0x0000, 0x0000, 0x0000, 0x0000, 0x0000, 0x0000, 0x0000, 0x0000, 0x0000, 0x0000,
    0x0000, 0x0000, 0x0000, 0x0000, 0x0000, 0x0000, 0x0000, 0x0000, 0x0000, 0x0000, 0x0000, 0x0000,
    0x0000, 0x0000, 0x0000, 0x0000, 0x0000, 0x0000, 0x0000, 0x0000, 0x0000, 0x0000, 0x0000, 0x0000,
    0x0000, 0x0000, 0x0000, 0x0000, 0x0000, 0x0000, 0x0000, 0x0000, 0x0000, 0x0000, 0x0000, 0x0000,
    0x0000, 0x0000, 0x0000, 0x0000, 0x0000, 0x0000, 0x0000, 0x0000, 0x0000, 0x0000, 0x0000, 0x0000,
    0x0000, 0x0000, 0x0000, 0x0000, 0x0000, 0x0000, 0x0000, 0x0000, 0x0000, 0x0000, 0x0000, 0x0000,
    0x0000, 0x0000, 0x0000, 0x0000, 0x0000, 0x0000, 0x0000, 0x0000, 0x0000, 0x0000, 0x0000, 0x0000,
    0x0000, 0x0000, 0x0000, 0x0000, 0x0000, 0x0000, 0x0000, 0x0000, 0x0000, 0x0000, 0x0000, 0x0000,
    0x0000, 0x0000, 0x0000, 0x0000, 0x0000, 0x0000, 0x0000, 0x0000, 0x0000, 0x0000, 0x0000, 0x0000,
    0x0000, 0x0000, 0x0000, 0x0000, 0x0000, 0x0000, 0x0000, 0x0000, 0x0000, 0x0000, 0x0000, 0x0000,
    0x0000, 0x0000, 0x0000, 0x0000, 0x0000, 0x0000, 0x0000, 0x0000, 0x0000, 0x0000, 0x0000, 0x0000,
    0x0000, 0x0000, 0x0000, 0x0000, 0x0000, 0x0000, 0x0000, 0x0000, 0x0000, 0x0000, 0x0000, 0x0000,
    0x0000, 0x0000, 0x0000, 0x0000, 0x0000, 0x0000, 0x0000, 0x0000, 0x0000, 0x0000, 0x0000, 0x0000,
    0x0000, 0x0000, 0x0000, 0x0000, 0x0000, 0x0000, 0x0000, 0x0000, 0x0000, 0x0000, 0x0000, 0x0000,
    0x0000, 0x0000, 0x0000, 0x0000, 0x0000, 0x0000, 0x0000, 0x0000, 0x0000, 0x0000, 0x0000, 0x0000,
    0x0000, 0x0000, 0x0000, 0x0000, 0x0000, 0x0000, 0x0000, 0x0000, 0x0000, 0x0000, 0x0000, 0x0000,
    0x0000, 0x0000, 0x0000, 0x0000, 0x0000, 0x0000, 0x0000, 0x0000, 0x0000, 0x0000, 0x0000, 0x0000,
    0x0000, 0x0000, 0x0000, 0x0000, 0x0000, 0x0000, 0x0000, 0x0000, 0x0000, 0x0000, 0x0000, 0x0000,
    0x0000, 0x0000, 0x0000, 0x0000, 0x0000, 0x0000, 0x0000, 0x0000, 0x0000, 0x0000, 0x0000, 0x0000,
    0x0000, 0x0000, 0x0000, 0x0000, 0x0000, 0x0000, 0x0000, 0x0000, 0x0000, 0x0000, 0x0000, 0x0000,
    0x0000, 0x0000, 0x0000, 0x0000, 0x0000, 0x0000, 0x0000, 0x0000, 0x0000, 0x0000, 0x0000, 0x0000,
    0x0000, 0x0000, 0x0000, 0x0000, 0x0000, 0x0000, 0x0000, 0x0000, 0x0000, 0x0000, 0x0000, 0x0000,
    0x0000, 0x0000, 0x0000, 0x0000, 0x0000, 0x0000, 0x0000, 0x0000, 0x0000, 0x0000, 0x0000, 0x0000,
    0x0000, 0x0000, 0x0000, 0x0000, 0x0000, 0x0000, 0x0000, 0x0000, 0x0000, 0x0000, 0x0000, 0x0000,
    0x0000, 0x0000, 0x0000, 0x0000, 0x0000, 0x0000, 0x0000, 0x0000, 0x0000, 0x0000, 0x0000, 0x0000,
    0x0000, 0x0000, 0x0000, 0x0000, 0x0000, 0x0000, 0x0000, 0x0000, 0x0000, 0x0000, 0x0000, 0x0000,
    0x0000, 0x0000, 0x0000, 0x0000, 0x0000, 0x0000, 0x0000, 0x0000, 0x0000, 0x0000, 0x0000, 0x0000,
    0x0000, 0x0000, 0x0000, 0x0000, 0x0000, 0x0000, 0x0000, 0x0000, 0x0000, 0x0000, 0x0000, 0x0000,
    0x0000, 0x0000, 0x0000, 0x0000, 0x0000, 0x0000, 0x0000, 0x0000, 0x0000, 0x0000, 0x0000, 0x0000,
    0x0000, 0x0000, 0x0000, 0x0000, 0x0000, 0x0000, 0x0000, 0x0000, 0x0000, 0x0000, 0x0000, 0x0000,
    0x0000, 0x0000, 0x0000, 0x0000, 0x0000, 0x0000, 0x0000, 0x0000, 0x0000, 0x0000, 0x0000, 0x0000,
    0x0000, 0x0000, 0x0000, 0x0000, 0x0000, 0x0000, 0x0000, 0x0000, 0x0000, 0x0000, 0x0000, 0x0000,
    0x0000, 0x0000, 0x0000, 0x0000, 0x0000, 0x0000, 0x0000, 0x0000, 0x0000, 0x0000, 0x0000, 0x0000,
    0x0000, 0x0000, 0x0000, 0x0000, 0x0000, 0x0000, 0x0000, 0x0000, 0x0000, 0x0000, 0x0000, 0x0000,
    0x0000, 0x0000, 0x0000, 0x0000, 0x0000, 0x0000, 0x0000, 0x0000, 0x0000, 0x0000, 0x0000, 0x0000,
    0x0000, 0x0000, 0x0000, 0x0000, 0x0000, 0x0000, 0x0000, 0x0000, 0x0000, 0x0000, 0x0000, 0x0000,
    0x0000, 0x0000, 0x0000, 0x0000, 0x0000, 0x0000, 0x0000, 0x0000, 0x0000, 0x0000, 0x0000, 0x0000,
    0x0000, 0x0000, 0x0000, 0x0000, 0x0000, 0x0000, 0x0000, 0x0000, 0x0000, 0x0000, 0x0000, 0x0000,
    0x0000, 0x0000, 0x0000, 0x0000, 0x0000, 0x0000, 0x0000, 0x0000, 0x0000, 0x0000, 0x0000};

static const uint16_t image_data_sfc_43x65_f65_6[2795] = {
    0x0000, 0x0000, 0x0000, 0x0000, 0x0000, 0x0000, 0x0000, 0x0000, 0x0000, 0x0000, 0x0000, 0x0000,
    0x0000, 0x0000, 0x0000, 0x0000, 0x0000, 0x0000, 0x0000, 0x0000, 0x0000, 0x0000, 0x0000, 0x0000,
    0x0000, 0x0000, 0x0000, 0x0000, 0x0000, 0x0000, 0x0000, 0x0000, 0x0000, 0x0000, 0x0000, 0x0000,
    0x0000, 0x0000, 0x0000, 0x0000, 0x0000, 0x0000, 0x0000, 0x0000, 0x0000, 0x0000, 0x0000, 0x0000,
    0x0000, 0x0000, 0x0000, 0x0000, 0x0000, 0x0000, 0x0000, 0x0000, 0x0000, 0x0000, 0x0000, 0x0000,
    0x0000, 0x0000, 0x0000, 0x0000, 0x0000, 0x0000, 0x0000, 0x0000, 0x0000, 0x0000, 0x0000, 0x0000,
    0x0000, 0x0000, 0x0000, 0x0000, 0x0000, 0x0000, 0x0000, 0x0000, 0x0000, 0x0000, 0x0000, 0x0000,
    0x0000, 0x0000, 0x0000, 0x0000, 0x0000, 0x0000, 0x0000, 0x0000, 0x0000, 0x0000, 0x0000, 0x0000,
    0x0000, 0x0000, 0x0000, 0x0000, 0x0000, 0x0000, 0x0000, 0x0000, 0x0000, 0x0000, 0x0000, 0x0000,
    0x0000, 0x0000, 0x0000, 0x0000, 0x0000, 0x0000, 0x0000, 0x0000, 0x0000, 0x0000, 0x0000, 0x0000,
    0x0000, 0x0000, 0x0000, 0x0000, 0x0000, 0x0000, 0x0000, 0x0000, 0x0000, 0x0000, 0x0000, 0x0000,
    0x0000, 0x0000, 0x0000, 0x0000, 0x0000, 0x0000, 0x0000, 0x0000, 0x0000, 0x0000, 0x0000, 0x0000,
    0x0000, 0x0000, 0x0000, 0x39c7, 0x8410, 0x9cd3, 0xb5b6, 0xc638, 0xb596, 0x9cd3, 0x8c51, 0x4228,
    0x0000, 0x0000, 0x0000, 0x0000, 0x0000, 0x0000, 0x0000, 0x0000, 0x0000, 0x0000, 0x0000, 0x0000,
    0x0000, 0x0000, 0x0000, 0x0000, 0x0000, 0x0000, 0x0000, 0x0000, 0x0000, 0x0000, 0x0000, 0x0000,
    0x0000, 0x0000, 0x0000, 0x0000, 0x0000, 0x0000, 0x0000, 0x4a69, 0xa514, 0xdefb, 0xffff, 0xffff,
    0xffff, 0xffff, 0xffff, 0xffff, 0xffff, 0xffff, 0xffff, 0xe73c, 0xbdd7, 0x632c, 0x0000, 0x0000,
    0x0000, 0x0000, 0x0000, 0x0000, 0x0000, 0x0000, 0x0000, 0x0000, 0x0000, 0x0000, 0x0000, 0x0000,
    0x0000, 0x0000, 0x0000, 0x0000, 0x0000, 0x0000, 0x0000, 0x0000, 0x0000, 0x0000, 0x0000, 0x0000,
    0x52aa, 0xbdf7, 0xf7be, 0xffff, 0xffff, 0xffff, 0xff39, 0xfed5, 0xfe31, 0xfdcd, 0xfe51, 0xfed5,
    0xff59, 0xffff, 0xffff, 0xffff, 0xffdf, 0xc618, 0x632c, 0x0000, 0x0000, 0x0000, 0x0000, 0x0000,
    0x0000, 0x0000, 0x0000, 0x0000, 0x0000, 0x0000, 0x0000, 0x0000, 0x0000, 0x0000, 0x0000, 0x0000,
    0x0000, 0x0000, 0x0000, 0x0000, 0x0000, 0x3186, 0x9cd3, 0xef7d, 0xffff, 0xffff, 0xff18, 0xfd8b,
    0xfc61, 0xfc40, 0xfc40, 0xfc40, 0xfc40, 0xfc40, 0xfc40, 0xfc40, 0xfc61, 0xfd48, 0xfed5, 0xffff,
    0xffff, 0xef7d, 0x9492, 0x2945, 0x0000, 0x0000, 0x0000, 0x0000, 0x0000, 0x0000, 0x0000, 0x0000,
    0x0000, 0x0000, 0x0000, 0x0000, 0x0000, 0x0000, 0x0000, 0x0000, 0x0000, 0x0000, 0x0000, 0x4208,
    0xb5b6, 0xffdf, 0xffff, 0xff38, 0xfd06, 0xfc40, 0xfc40, 0xfc40, 0xfc40, 0xfc40, 0xfc40, 0xfc40,
    0xfc40, 0xfc40, 0xfc40, 0xfc40, 0xfc40, 0xfc40, 0xfce6, 0xfef7, 0xffff, 0xffdf, 0xad75, 0x39e7,
    0x0000, 0x0000, 0x0000, 0x0000, 0x0000, 0x0000, 0x0000, 0x0000, 0x0000, 0x0000, 0x0000, 0x0000,
    0x0000, 0x0000, 0x0000, 0x0000, 0x0000, 0x4a69, 0xc618, 0xffff, 0xffde, 0xfe0e, 0xfc61, 0xfc40,
    0xfc40, 0xfc40, 0xfc40, 0xfc40, 0xfc40, 0xfc40, 0xfc40, 0xfc40, 0xfc40, 0xfc40, 0xfc40, 0xfc40,
    0xfc40, 0xfc40, 0xfc61, 0xfe30, 0xffde, 0xffdf, 0xa534, 0x3186, 0x0000, 0x0000, 0x0000, 0x0000,
    0x0000, 0x0000, 0x0000, 0x0000, 0x0000, 0x0000, 0x0000, 0x0000, 0x0000, 0x0000, 0x0000, 0x4208,
    0xbdf7, 0xffff, 0xffbd, 0xfd8b, 0xfc40, 0xfc40, 0xfc40, 0xfc40, 0xfc40, 0xfc40, 0xfc40, 0xfc40,
    0xfc40, 0xfc40, 0xfc40, 0xfc40, 0xfc40, 0xfc40, 0xfc40, 0xfc40, 0xfc40, 0xfc40, 0xfc40, 0xfdee,
    0xffde, 0xf79e, 0x9492, 0x0000, 0x0000, 0x0000, 0x0000, 0x0000, 0x0000, 0x0000, 0x0000, 0x0000,
    0x0000, 0x0000, 0x0000, 0x0000, 0x0000, 0x2945, 0x9cf3, 0xf7be, 0xffbd, 0xfd8a, 0xfc40, 0xfc40,
    0xfc40, 0xfc40, 0xfc40, 0xfc40, 0xfc40, 0xfc40, 0xfc40, 0xfc40, 0xfc40, 0xfc40, 0xfc40, 0xfc40,
    0xfc40, 0xfc40, 0xfc40, 0xfc40, 0xfc40, 0xfc40, 0xfc61, 0xfe51, 0xffff, 0xe71c, 0x6b4d, 0x0000,
    0x0000, 0x0000, 0x0000, 0x0000, 0x0000, 0x0000, 0x0000, 0x0000, 0x0000, 0x0000, 0x0000, 0x0000,
    0x7bcf, 0xef5d, 0xffff, 0xfe0f, 0xfc40, 0xfc40, 0xfc40, 0xfc40, 0xfc40, 0xfc40, 0xfc40, 0xfc40,
    0xfc40, 0xfc82, 0xfcc5, 0xfcc5, 0xfcc5, 0xfc61, 0xfc40, 0xfc40, 0xfc40, 0xfc40, 0xfc40, 0xfc40,
    0xfc40, 0xfc40, 0xfca3, 0xff18, 0xffff, 0xbdf7, 0x39e7, 0x0000, 0x0000, 0x0000, 0x0000, 0x0000,
    0x0000, 0x0000, 0x0000, 0x0000, 0x0000, 0x0000, 0x4208, 0xc618, 0xffff, 0xfeb5, 0xfc62, 0xfc40,
    0xfc40, 0xfc40, 0xfc40, 0xfc40, 0xfc40, 0xfc40, 0xfd06, 0xfed5, 0xffff, 0xffff, 0xffff, 0xffff,
    0xffff, 0xff17, 0xfd27, 0xfc40, 0xfc40, 0xfc40, 0xfc40, 0xfc40, 0xfc40, 0xfc40, 0xfd49, 0xffbd,
    0xef7d, 0x7bcf, 0x0000, 0x0000, 0x0000, 0x0000, 0x0000, 0x0000, 0x0000, 0x0000, 0x0000, 0x0000,
    0x0000, 0x8430, 0xf79e, 0xff9c, 0xfd27, 0xfc40, 0xfc40, 0xfc40, 0xfc40, 0xfc40, 0xfc40, 0xfc40,
    0xfdcd, 0xffde, 0xffff, 0xffdf, 0xef7d, 0xef5d, 0xef7d, 0xffdf, 0xffff, 0xffde, 0xfdcc, 0xfc40,
    0xfc40, 0xfc40, 0xfc40, 0xfc40, 0xfc40, 0xfc61, 0xfed5, 0xffdf, 0xad75, 0x3186, 0x0000, 0x0000,
    0x0000, 0x0000, 0x0000, 0x0000, 0x0000, 0x0000, 0x0000, 0x4228, 0xce59, 0xffff, 0xfe93, 0xfc61,
    0xfc40, 0xfc40, 0xfc40, 0xfc40, 0xfc40, 0xfc40, 0xfdee, 0xffde, 0xffdf, 0xc638, 0x632c, 0x0000,
    0x0000, 0x0000, 0x5aeb, 0xc618, 0xffdf, 0xffbd, 0xfd49, 0xfc40, 0xfc40, 0xfc40, 0xfc40, 0xfc40,
    0xfc40, 0xfdab, 0xffde, 0xdedb, 0x52aa, 0x0000, 0x0000, 0x0000, 0x0000, 0x0000, 0x0000, 0x0000,
    0x0000, 0x0000, 0x73ae, 0xef7d, 0xff9c, 0xfd27, 0xfc40, 0xfc40, 0xfc40, 0xfc40, 0xfc40, 0xfc40,
    0xfd69, 0xffbd, 0xffdf, 0xad55, 0x39c7, 0x0000, 0x0000, 0x0000, 0x0000, 0x0000, 0x4208, 0xbdd7,
    0xffff, 0xff18, 0xfca3, 0xfc40, 0xfc40, 0xfc40, 0xfc40, 0xfc40, 0xfce5, 0xff9b, 0xef5d, 0x738e,
    0x0000, 0x0000, 0x0000, 0x0000, 0x0000, 0x0000, 0x0000, 0x0000, 0x2945, 0xad55, 0xffdf, 0xfef6,
    0xfc62, 0xfc40, 0xfc40, 0xfc40, 0xfc40, 0xfc40, 0xfca3, 0xff17, 0xffff, 0xbdd7, 0x4208, 0x0000,
    0x0000, 0x0000, 0x0000, 0x0000, 0x0000, 0x0000, 0x632c, 0xe71c, 0xffde, 0xfd6a, 0xfc40, 0xfc40,
    0xfc40, 0xfc40, 0xfc40, 0xfca3, 0xff38, 0xf7be, 0x8c51, 0x0000, 0x0000, 0x0000, 0x0000, 0x0000,
    0x0000, 0x0000, 0x0000, 0x528a, 0xd6ba, 0xffff, 0xfdcd, 0xfc40, 0xfc40, 0xfc40, 0xfc40, 0xfc40,
    0xfc40, 0xfdcd, 0xffde, 0xe71c, 0x632c, 0x0000, 0x0000, 0x0000, 0x0000, 0x0000, 0x0000, 0x0000,
    0x0000, 0x39e7, 0xc618, 0xffff, 0xfdee, 0xfc40, 0xfc40, 0xfc40, 0xfc40, 0xfc40, 0xfc61, 0xfed5,
    0xffdf, 0x9cf3, 0x0000, 0x0000, 0x0000, 0x0000, 0x0000, 0x0000, 0x0000, 0x0000, 0x7bcf, 0xef7d,
    0xff9b, 0xfce5, 0xfc40, 0xfc40, 0xfc40, 0xfc40, 0xfc40, 0xfc82, 0xff18, 0xffdf, 0xa534, 0x2945,
    0x0000, 0x0000, 0x0000, 0x0000, 0x0000, 0x0000, 0x0000, 0x0000, 0x3186, 0xb5b6, 0xffff, 0xff7b,
    0xfed6, 0xfed5, 0xfed5, 0xfed5, 0xfed5, 0xfef6, 0xffbd, 0xffdf, 0xad55, 0x2945, 0x0000, 0x0000,
    0x0000, 0x0000, 0x0000, 0x0000, 0x0000, 0x94b2, 0xf7be, 0xfef7, 0xfc82, 0xfc40, 0xfc40, 0xfc40,
    0xfc40, 0xfc40, 0xfd27, 0xffbd, 0xe73c, 0x6b4d, 0x2945, 0x7bcf, 0x9cf3, 0xbdf7, 0xce59, 0xce59,
    0xce59, 0xbdf7, 0x9cd3, 0x630c, 0xad75, 0xffdf, 0xffff, 0xffff, 0xffff, 0xffff, 0xffff, 0xffff,
    0xffff, 0xffff, 0xffff, 0xb5b6, 0x3186, 0x0000, 0x0000, 0x0000, 0x0000, 0x0000, 0x0000, 0x3186,
    0xb5b6, 0xffff, 0xfe72, 0xfc40, 0xfc40, 0xfc40, 0xfc40, 0xfc40, 0xfc40, 0xfe0f, 0xffff, 0xd6ba,
    0xce59, 0xf7be, 0xffff, 0xffff, 0xffff, 0xffff, 0xffff, 0xffff, 0xffff, 0xffff, 0xffff, 0xf7be,
    0xdefb, 0xad75, 0x9cd3, 0x9cd3, 0x9cd3, 0x9cd3, 0x9cd3, 0x9cd3, 0x9cd3, 0x9cd3, 0x738e, 0x0000,
    0x0000, 0x0000, 0x0000, 0x0000, 0x0000, 0x0000, 0x4a49, 0xd69a, 0xffde, 0xfdac, 0xfc40, 0xfc40,
    0xfc40, 0xfc40, 0xfc40, 0xfc61, 0xfed5, 0xffff, 0xffff, 0xffff, 0xffff, 0xff7a, 0xfeb5, 0xfe0f,
    0xfdcd, 0xfdcd, 0xfdcd, 0xfe0f, 0xfef6, 0xffde, 0xffff, 0xffff, 0xffdf, 0xce59, 0x7bcf, 0x0000,
    0x0000, 0x0000, 0x0000, 0x0000, 0x0000, 0x0000, 0x0000, 0x0000, 0x0000, 0x0000, 0x0000, 0x0000,
    0x0000, 0x5aeb, 0xdefb, 0xffbd, 0xfd27, 0xfc40, 0xfc40, 0xfc40, 0xfc40, 0xfc40, 0xfca3, 0xff39,
    0xffff, 0xffde, 0xfe93, 0xfce5, 0xfc40, 0xfc40, 0xfc40, 0xfc40, 0xfc40, 0xfc40, 0xfc40, 0xfc40,
    0xfc40, 0xfd07, 0xfeb4, 0xffff, 0xffff, 0xf7be, 0xad75, 0x39e7, 0x0000, 0x0000, 0x0000, 0x0000,
    0x0000, 0x0000, 0x0000, 0x0000, 0x0000, 0x0000, 0x0000, 0x0000, 0x6b6d, 0xef5d, 0xff9b, 0xfce5,
    0xfc40, 0xfc40, 0xfc40, 0xfc40, 0xfc40, 0xfce6, 0xff9b, 0xfe94, 0xfcc4, 0xfc40, 0xfc40, 0xfc40,
    0xfc40, 0xfc40, 0xfc40, 0xfc40, 0xfc40, 0xfc40, 0xfc40, 0xfc40, 0xfc40, 0xfc40, 0xfcc4, 0xfeb4,
    0xffff, 0xffff, 0xce79, 0x630c, 0x0000, 0x0000, 0x0000, 0x0000, 0x0000, 0x0000, 0x0000, 0x0000,
    0x0000, 0x0000, 0x0000, 0x8410, 0xf79e, 0xff59, 0xfca3, 0xfc40, 0xfc40, 0xfc40, 0xfc40, 0xfc40,
    0xfd48, 0xfd8b, 0xfc40, 0xfc40, 0xfc40, 0xfc40, 0xfc40, 0xfc40, 0xfc40, 0xfc40, 0xfc40, 0xfc40,
    0xfc40, 0xfc40, 0xfc40, 0xfc40, 0xfc40, 0xfc40, 0xfc40, 0xfdab, 0xffbd, 0xffff, 0xdedb, 0x632c,
    0x0000, 0x0000, 0x0000, 0x0000, 0x0000, 0x0000, 0x0000, 0x0000, 0x0000, 0x0000, 0x9492, 0xf7be,
    0xff17, 0xfc82, 0xfc40, 0xfc40, 0xfc40, 0xfc40, 0xfc40, 0xfc40, 0xfc40, 0xfc40, 0xfc40, 0xfc40,
    0xfc40, 0xfc40, 0xfc40, 0xfc40, 0xfc40, 0xfc40, 0xfc40, 0xfc40, 0xfc40, 0xfc40, 0xfc40, 0xfc40,
    0xfc40, 0xfc40, 0xfc40, 0xfce6, 0xff5a, 0xffff, 0xce79, 0x52aa, 0x0000, 0x0000, 0x0000, 0x0000,
    0x0000, 0x0000, 0x0000, 0x0000, 0x0000, 0x9cf3, 0xffdf, 0xfeb5, 0xfc61, 0xfc40, 0xfc40, 0xfc40,
    0xfc40, 0xfc40, 0xfc40, 0xfc40, 0xfc40, 0xfc40, 0xfc40, 0xfc40, 0xfc40, 0xfc40, 0xfc40, 0xfc40,
    0xfc40, 0xfc40, 0xfc40, 0xfc40, 0xfc40, 0xfc40, 0xfc40, 0xfc40, 0xfc40, 0xfc40, 0xfc40, 0xfd06,
    0xff7b, 0xffdf, 0xb596, 0x39c7, 0x0000, 0x0000, 0x0000, 0x0000, 0x0000, 0x0000, 0x0000, 0x0000,
    0x9cf3, 0xffdf, 0xfeb5, 0xfc61, 0xfc40, 0xfc40, 0xfc40, 0xfc40, 0xfc40, 0xfc40, 0xfc40, 0xfc40,
    0xfc40, 0xfc40, 0xfc40, 0xfc40, 0xfca3, 0xfd27, 0xfdac, 0xfdab, 0xfd06, 0xfc82, 0xfc40, 0xfc40,
    0xfc40, 0xfc40, 0xfc40, 0xfc40, 0xfc40, 0xfc40, 0xfc40, 0xfd8b, 0xffde, 0xef7d, 0x8410, 0x0000,
    0x0000, 0x0000, 0x0000, 0x0000, 0x0000, 0x0000, 0x0000, 0xa534, 0xffdf, 0xfe93, 0xfc40, 0xfc40,
    0xfc40, 0xfc40, 0xfc40, 0xfc40, 0xfc40, 0xfc40, 0xfc40, 0xfc40, 0xfc40, 0xfd8b, 0xff59, 0xffff,
    0xffff, 0xffff, 0xffff, 0xffff, 0xffff, 0xfef6, 0xfd27, 0xfc40, 0xfc40, 0xfc40, 0xfc40, 0xfc40,
    0xfc40, 0xfc40, 0xfc61, 0xfe93, 0xffff, 0xce59, 0x4228, 0x0000, 0x0000, 0x0000, 0x0000, 0x0000,
    0x0000, 0x2945, 0xad55, 0xffdf, 0xfe73, 0xfc40, 0xfc40, 0xfc40, 0xfc40, 0xfc40, 0xfc40, 0xfc40,
    0xfc40, 0xfc40, 0xfca3, 0xfeb5, 0xffff, 0xffff, 0xffdf, 0xdefb, 0xce59, 0xce79, 0xe73c, 0xffdf,
    0xffff, 0xffde, 0xfe0f, 0xfc61, 0xfc40, 0xfc40, 0xfc40, 0xfc40, 0xfc40, 0xfc40, 0xfd27, 0xff9c,
    0xef7d, 0x7bef, 0x0000, 0x0000, 0x0000, 0x0000, 0x0000, 0x0000, 0x2945, 0xb596, 0xffff, 0xfe51,
    0xfc40, 0xfc40, 0xfc40, 0xfc40, 0xfc40, 0xfc40, 0xfc40, 0xfc40, 0xfc62, 0xfeb5, 0xffff, 0xf79e,
    0xad55, 0x4228, 0x0000, 0x0000, 0x0000, 0x0000, 0x5aeb, 0xc618, 0xffdf, 0xffff, 0xfe0f, 0xfc40,
    0xfc40, 0xfc40, 0xfc40, 0xfc40, 0xfc40, 0xfc61, 0xfeb5, 0xffff, 0xb596, 0x3186, 0x0000, 0x0000,
    0x0000, 0x0000, 0x0000, 0x2945, 0xad75, 0xffff, 0xfe72, 0xfc40, 0xfc40, 0xfc40, 0xfc40, 0xfc40,
    0xfc40, 0xfc40, 0xfc40, 0xfe30, 0xffff, 0xef7d, 0x8410, 0x0000, 0x0000, 0x0000, 0x0000, 0x0000,
    0x0000, 0x0000, 0x2945, 0xa514, 0xf7be, 0xffbd, 0xfd49, 0xfc40, 0xfc40, 0xfc40, 0xfc40, 0xfc40,
    0xfc40, 0xfdac, 0xffde, 0xd69a, 0x4a69, 0x0000, 0x0000, 0x0000, 0x0000, 0x0000, 0x0000, 0xa534,
    0xffdf, 0xfe93, 0xfc40, 0xfc40, 0xfc40, 0xfc40, 0xfc40, 0xfc40, 0xfc40, 0xfce5, 0xff9b, 0xf7be,
    0x94b2, 0x0000, 0x0000, 0x0000, 0x0000, 0x0000, 0x0000, 0x0000, 0x0000, 0x0000, 0x4208, 0xbdf7,
    0xffff, 0xfed5, 0xfc61, 0xfc40, 0xfc40, 0xfc40, 0xfc40, 0xfc40, 0xfd06, 0xff9c, 0xef5d, 0x6b6d,
    0x0000, 0x0000, 0x0000, 0x0000, 0x0000, 0x0000, 0xa514, 0xffdf, 0xfeb4, 0xfc61, 0xfc40, 0xfc40,
    0xfc40, 0xfc40, 0xfc40, 0xfc40, 0xfded, 0xffff, 0xd69a, 0x4a69, 0x0000, 0x0000, 0x0000, 0x0000,
    0x0000, 0x0000, 0x0000, 0x0000, 0x0000, 0x0000, 0x73ae, 0xef7d, 0xff9c, 0xfd06, 0xfc40, 0xfc40,
    0xfc40, 0xfc40, 0xfc40, 0xfca3, 0xff59, 0xf79e, 0x8430, 0x0000, 0x0000, 0x0000, 0x0000, 0x0000,
    0x0000, 0x9cd3, 0xffdf, 0xfed5, 0xfc61, 0xfc40, 0xfc40, 0xfc40, 0xfc40, 0xfc40, 0xfc61, 0xfe93,
    0xffdf, 0xad75, 0x2945, 0x0000, 0x0000, 0x0000, 0x0000, 0x0000, 0x0000, 0x0000, 0x0000, 0x0000,
    0x0000, 0x4a69, 0xd69a, 0xffde, 0xfd8b, 0xfc40, 0xfc40, 0xfc40, 0xfc40, 0xfc40, 0xfc82, 0xfef6,
    0xf7be, 0x94b2, 0x0000, 0x0000, 0x0000, 0x0000, 0x0000, 0x0000, 0x8c51, 0xf7be, 0xff18, 0xfc82,
    0xfc40, 0xfc40, 0xfc40, 0xfc40, 0xfc40, 0xfc82, 0xfef7, 0xf7be, 0x9492, 0x0000, 0x0000, 0x0000,
    0x0000, 0x0000, 0x0000, 0x0000, 0x0000, 0x0000, 0x0000, 0x0000, 0x39c7, 0xbdf7, 0xffff, 0xfe0f,
    0xfc40, 0xfc40, 0xfc40, 0xfc40, 0xfc40, 0xfc61, 0xfeb5, 0xffdf, 0x9cf3, 0x0000, 0x0000, 0x0000,
    0x0000, 0x0000, 0x0000, 0x7bcf, 0xef7d, 0xff7b, 0xfcc5, 0xfc40, 0xfc40, 0xfc40, 0xfc40, 0xfc40,
    0xfc82, 0xff17, 0xf7be, 0x8c71, 0x0000, 0x0000, 0x0000, 0x0000, 0x0000, 0x0000, 0x0000, 0x0000,
    0x0000, 0x0000, 0x0000, 0x39c7, 0xbdd7, 0xffdf, 0xfe30, 0xfc40, 0xfc40, 0xfc40, 0xfc40, 0xfc40,
    0xfc61, 0xfe93, 0xffdf, 0xa534, 0x0000, 0x0000, 0x0000, 0x0000, 0x0000, 0x0000, 0x630c, 0xe71c,
    0xffbd, 0xfd27, 0xfc40, 0xfc40, 0xfc40, 0xfc40, 0xfc40, 0xfc82, 0xfef6, 0xf7be, 0x9492, 0x0000,
    0x0000, 0x0000, 0x0000, 0x0000, 0x0000, 0x0000, 0x0000, 0x0000, 0x0000, 0x0000, 0x39c7, 0xbdf7,
    0xffff, 0xfe0f, 0xfc40, 0xfc40, 0xfc40, 0xfc40, 0xfc40, 0xfc61, 0xfeb4, 0xffdf, 0xa514, 0x0000,
    0x0000, 0x0000, 0x0000, 0x0000, 0x0000, 0x4a49, 0xd69a, 0xffde, 0xfdac, 0xfc40, 0xfc40, 0xfc40,
    0xfc40, 0xfc40, 0xfc61, 0xfeb4, 0xffdf, 0xa534, 0x2945, 0x0000, 0x0000, 0x0000, 0x0000, 0x0000,
    0x0000, 0x0000, 0x0000, 0x0000, 0x0000, 0x4208, 0xc638, 0xffff, 0xfdcd, 0xfc40, 0xfc40, 0xfc40,
    0xfc40, 0xfc40, 0xfc61, 0xfed5, 0xffdf, 0x9cd3, 0x0000, 0x0000, 0x0000, 0x0000, 0x0000, 0x0000,
    0x3186, 0xb5b6, 0xffff, 0xfe72, 0xfc40, 0xfc40, 0xfc40, 0xfc40, 0xfc40, 0xfc40, 0xfe0f, 0xffff,
    0xc638, 0x4208, 0x0000, 0x0000, 0x0000, 0x0000, 0x0000, 0x0000, 0x0000, 0x0000, 0x0000, 0x0000,
    0x630c, 0xdefb, 0xffbd, 0xfd28, 0xfc40, 0xfc40, 0xfc40, 0xfc40, 0xfc40, 0xfca3, 0xff38, 0xf7be,
    0x8c51, 0x0000, 0x0000, 0x0000, 0x0000, 0x0000, 0x0000, 0x0000, 0x9492, 0xf7be, 0xff38, 0xfca3,
    0xfc40, 0xfc40, 0xfc40, 0xfc40, 0xfc40, 0xfd07, 0xff9c, 0xef7d, 0x8410, 0x0000, 0x0000, 0x0000,
    0x0000, 0x0000, 0x0000, 0x0000, 0x0000, 0x0000, 0x0000, 0x9cd3, 0xf7be, 0xff39, 0xfca3, 0xfc40,
    0xfc40, 0xfc40, 0xfc40, 0xfc40, 0xfce6, 0xff9c, 0xef5d, 0x6b6d, 0x0000, 0x0000, 0x0000, 0x0000,
    0x0000, 0x0000, 0x0000, 0x632c, 0xe71c, 0xffbd, 0xfd48, 0xfc40, 0xfc40, 0xfc40, 0xfc40, 0xfc40,
    0xfc61, 0xfe93, 0xffff, 0xdedb, 0x630c, 0x0000, 0x0000, 0x0000, 0x0000, 0x0000, 0x0000, 0x0000,
    0x0000, 0x738e, 0xe73c, 0xffff, 0xfdee, 0xfc40, 0xfc40, 0xfc40, 0xfc40, 0xfc40, 0xfc40, 0xfdac,
    0xffde, 0xd6ba, 0x528a, 0x0000, 0x0000, 0x0000, 0x0000, 0x0000, 0x0000, 0x0000, 0x39e7, 0xc618,
    0xffff, 0xfe72, 0xfc61, 0xfc40, 0xfc40, 0xfc40, 0xfc40, 0xfc40, 0xfcc4, 0xff59, 0xffff, 0xe71c,
    0x8430, 0x0000, 0x0000, 0x0000, 0x0000, 0x0000, 0x0000, 0x8c51, 0xe73c, 0xffff, 0xfef7, 0xfca3,
    0xfc40, 0xfc40, 0xfc40, 0xfc40, 0xfc40, 0xfc61, 0xfeb4, 0xffff, 0xb596, 0x3186, 0x0000, 0x0000,
    0x0000, 0x0000, 0x0000, 0x0000, 0x0000, 0x0000, 0x8c51, 0xf79e, 0xff9b, 0xfce6, 0xfc40, 0xfc40,
    0xfc40, 0xfc40, 0xfc40, 0xfc40, 0xfce6, 0xff59, 0xffff, 0xffff, 0xdefb, 0xb596, 0x9cd3, 0x9cd3,
    0xb5b6, 0xdefb, 0xffff, 0xffff, 0xff38, 0xfcc5, 0xfc40, 0xfc40, 0xfc40, 0xfc40, 0xfc40, 0xfc40,
    0xfd27, 0xff9c, 0xef7d, 0x7bef, 0x0000, 0x0000, 0x0000, 0x0000, 0x0000, 0x0000, 0x0000, 0x0000,
    0x0000, 0x4a69, 0xce79, 0xffff, 0xfe72, 0xfc61, 0xfc40, 0xfc40, 0xfc40, 0xfc40, 0xfc40, 0xfc40,
    0xfc82, 0xfe51, 0xffde, 0xffff, 0xffff, 0xffff, 0xffff, 0xffff, 0xffff, 0xffde, 0xfe30, 0xfc61,
    0xfc40, 0xfc40, 0xfc40, 0xfc40, 0xfc40, 0xfc40, 0xfc61, 0xfe93, 0xffff, 0xce59, 0x4228, 0x0000,
    0x0000, 0x0000, 0x0000, 0x0000, 0x0000, 0x0000, 0x0000, 0x0000, 0x0000, 0x8c51, 0xf79e, 0xffbd,
    0xfd49, 0xfc40, 0xfc40, 0xfc40, 0xfc40, 0xfc40, 0xfc40, 0xfc40, 0xfc40, 0xfc82, 0xfd8b, 0xfe93,
    0xfed5, 0xfed5, 0xfe72, 0xfd6a, 0xfc82, 0xfc40, 0xfc40, 0xfc40, 0xfc40, 0xfc40, 0xfc40, 0xfc40,
    0xfc40, 0xfd6a, 0xffbd, 0xf79e, 0x8430, 0x0000, 0x0000, 0x0000, 0x0000, 0x0000, 0x0000, 0x0000,
    0x0000, 0x0000, 0x0000, 0x0000, 0x39e7, 0xbdd7, 0xffff, 0xff5a, 0xfcc5, 0xfc40, 0xfc40, 0xfc40,
    0xfc40, 0xfc40, 0xfc40, 0xfc40, 0xfc40, 0xfc40, 0xfc40, 0xfc40, 0xfc40, 0xfc40, 0xfc40, 0xfc40,
    0xfc40, 0xfc40, 0xfc40, 0xfc40, 0xfc40, 0xfc40, 0xfc40, 0xfcc5, 0xff5a, 0xffff, 0xb5b6, 0x39c7,
    0x0000, 0x0000, 0x0000, 0x0000, 0x0000, 0x0000, 0x0000, 0x0000, 0x0000, 0x0000, 0x0000, 0x0000,
    0x5aeb, 0xd6ba, 0xffff, 0xff38, 0xfcc4, 0xfc40, 0xfc40, 0xfc40, 0xfc40, 0xfc40, 0xfc40, 0xfc40,
    0xfc40, 0xfc40, 0xfc40, 0xfc40, 0xfc40, 0xfc40, 0xfc40, 0xfc40, 0xfc40, 0xfc40, 0xfc40, 0xfc40,
    0xfc40, 0xfca3, 0xfef7, 0xffff, 0xd6ba, 0x5aeb, 0x0000, 0x0000, 0x0000, 0x0000, 0x0000, 0x0000,
    0x0000, 0x0000, 0x0000, 0x0000, 0x0000, 0x0000, 0x0000, 0x0000, 0x738e, 0xe73c, 0xffff, 0xff39,
    0xfcc5, 0xfc40, 0xfc40, 0xfc40, 0xfc40, 0xfc40, 0xfc40, 0xfc40, 0xfc40, 0xfc40, 0xfc40, 0xfc40,
    0xfc40, 0xfc40, 0xfc40, 0xfc40, 0xfc40, 0xfc40, 0xfc40, 0xfcc5, 0xff18, 0xffff, 0xe73c, 0x738e,
    0x0000, 0x0000, 0x0000, 0x0000, 0x0000, 0x0000, 0x0000, 0x0000, 0x0000, 0x0000, 0x0000, 0x0000,
    0x0000, 0x0000, 0x0000, 0x0000, 0x7bcf, 0xe73c, 0xffff, 0xffbd, 0xfdcd, 0xfc40, 0xfc40, 0xfc40,
    0xfc40, 0xfc40, 0xfc40, 0xfc40, 0xfc40, 0xfc40, 0xfc40, 0xfc40, 0xfc40, 0xfc40, 0xfc40, 0xfc40,
    0xfc40, 0xfdab, 0xff9c, 0xffff, 0xe73c, 0x7bcf, 0x0000, 0x0000, 0x0000, 0x0000, 0x0000, 0x0000,
    0x0000, 0x0000, 0x0000, 0x0000, 0x0000, 0x0000, 0x0000, 0x0000, 0x0000, 0x0000, 0x0000, 0x0000,
    0x6b6d, 0xd6ba, 0xffff, 0xffff, 0xff38, 0xfd6a, 0xfc61, 0xfc40, 0xfc40, 0xfc40, 0xfc40, 0xfc40,
    0xfc40, 0xfc40, 0xfc40, 0xfc40, 0xfc40, 0xfc61, 0xfd8a, 0xff39, 0xffff, 0xffff, 0xd6ba, 0x6b4d,
    0x0000, 0x0000, 0x0000, 0x0000, 0x0000, 0x0000, 0x0000, 0x0000, 0x0000, 0x0000, 0x0000, 0x0000,
    0x0000, 0x0000, 0x0000, 0x0000, 0x0000, 0x0000, 0x0000, 0x0000, 0x4228, 0xad75, 0xf7be, 0xffff,
    0xffff, 0xffde, 0xfed5, 0xfdcd, 0xfd27, 0xfce5, 0xfcc5, 0xfcc5, 0xfce5, 0xfd27, 0xfdcd, 0xfeb5,
    0xffde, 0xffff, 0xffff, 0xf79e, 0xa534, 0x39e7, 0x0000, 0x0000, 0x0000, 0x0000, 0x0000, 0x0000,
    0x0000, 0x0000, 0x0000, 0x0000, 0x0000, 0x0000, 0x0000, 0x0000, 0x0000, 0x0000, 0x0000, 0x0000,
    0x0000, 0x0000, 0x0000, 0x0000, 0x0000, 0x5aeb, 0xb5b6, 0xef7d, 0xffff, 0xffff, 0xffff, 0xffff,
    0xffff, 0xffff, 0xffff, 0xffff, 0xffff, 0xffff, 0xffff, 0xffff, 0xe73c, 0xad55, 0x4a69, 0x0000,
    0x0000, 0x0000, 0x0000, 0x0000, 0x0000, 0x0000, 0x0000, 0x0000, 0x0000, 0x0000, 0x0000, 0x0000,
    0x0000, 0x0000, 0x0000, 0x0000, 0x0000, 0x0000, 0x0000, 0x0000, 0x0000, 0x0000, 0x0000, 0x0000,
    0x0000, 0x0000, 0x2945, 0x7bcf, 0xb5b6, 0xd69a, 0xe73c, 0xef5d, 0xef5d, 0xef5d, 0xef5d, 0xe73c,
    0xce79, 0xad75, 0x6b4d, 0x0000, 0x0000, 0x0000, 0x0000, 0x0000, 0x0000, 0x0000, 0x0000, 0x0000,
    0x0000, 0x0000, 0x0000, 0x0000, 0x0000, 0x0000, 0x0000, 0x0000, 0x0000, 0x0000, 0x0000, 0x0000,
    0x0000, 0x0000, 0x0000, 0x0000, 0x0000, 0x0000, 0x0000, 0x0000, 0x0000, 0x0000, 0x0000, 0x0000,
    0x0000, 0x0000, 0x0000, 0x0000, 0x0000, 0x0000, 0x0000, 0x0000, 0x0000, 0x0000, 0x0000, 0x0000,
    0x0000, 0x0000, 0x0000, 0x0000, 0x0000, 0x0000, 0x0000, 0x0000, 0x0000, 0x0000, 0x0000, 0x0000,
    0x0000, 0x0000, 0x0000, 0x0000, 0x0000, 0x0000, 0x0000, 0x0000, 0x0000, 0x0000, 0x0000, 0x0000,
    0x0000, 0x0000, 0x0000, 0x0000, 0x0000, 0x0000, 0x0000, 0x0000, 0x0000, 0x0000, 0x0000, 0x0000,
    0x0000, 0x0000, 0x0000, 0x0000, 0x0000, 0x0000, 0x0000, 0x0000, 0x0000, 0x0000, 0x0000, 0x0000,
    0x0000, 0x0000, 0x0000, 0x0000, 0x0000, 0x0000, 0x0000, 0x0000, 0x0000, 0x0000, 0x0000, 0x0000,
    0x0000, 0x0000, 0x0000, 0x0000, 0x0000, 0x0000, 0x0000, 0x0000, 0x0000, 0x0000, 0x0000, 0x0000,
    0x0000, 0x0000, 0x0000, 0x0000, 0x0000, 0x0000, 0x0000, 0x0000, 0x0000, 0x0000, 0x0000, 0x0000,
    0x0000, 0x0000, 0x0000, 0x0000, 0x0000, 0x0000, 0x0000, 0x0000, 0x0000, 0x0000, 0x0000, 0x0000,
    0x0000, 0x0000, 0x0000, 0x0000, 0x0000, 0x0000, 0x0000, 0x0000, 0x0000, 0x0000, 0x0000, 0x0000,
    0x0000, 0x0000, 0x0000, 0x0000, 0x0000, 0x0000, 0x0000, 0x0000, 0x0000, 0x0000, 0x0000, 0x0000,
    0x0000, 0x0000, 0x0000, 0x0000, 0x0000, 0x0000, 0x0000, 0x0000, 0x0000, 0x0000, 0x0000, 0x0000,
    0x0000, 0x0000, 0x0000, 0x0000, 0x0000, 0x0000, 0x0000, 0x0000, 0x0000, 0x0000, 0x0000, 0x0000,
    0x0000, 0x0000, 0x0000, 0x0000, 0x0000, 0x0000, 0x0000, 0x0000, 0x0000, 0x0000, 0x0000, 0x0000,
    0x0000, 0x0000, 0x0000, 0x0000, 0x0000, 0x0000, 0x0000, 0x0000, 0x0000, 0x0000, 0x0000, 0x0000,
    0x0000, 0x0000, 0x0000, 0x0000, 0x0000, 0x0000, 0x0000, 0x0000, 0x0000, 0x0000, 0x0000, 0x0000,
    0x0000, 0x0000, 0x0000, 0x0000, 0x0000, 0x0000, 0x0000, 0x0000, 0x0000, 0x0000, 0x0000, 0x0000,
    0x0000, 0x0000, 0x0000, 0x0000, 0x0000, 0x0000, 0x0000, 0x0000, 0x0000, 0x0000, 0x0000, 0x0000,
    0x0000, 0x0000, 0x0000, 0x0000, 0x0000, 0x0000, 0x0000, 0x0000, 0x0000, 0x0000, 0x0000, 0x0000,
    0x0000, 0x0000, 0x0000, 0x0000, 0x0000, 0x0000, 0x0000, 0x0000, 0x0000, 0x0000, 0x0000, 0x0000,
    0x0000, 0x0000, 0x0000, 0x0000, 0x0000, 0x0000, 0x0000, 0x0000, 0x0000, 0x0000, 0x0000, 0x0000,
    0x0000, 0x0000, 0x0000, 0x0000, 0x0000, 0x0000, 0x0000, 0x0000, 0x0000, 0x0000, 0x0000, 0x0000,
    0x0000, 0x0000, 0x0000, 0x0000, 0x0000, 0x0000, 0x0000, 0x0000, 0x0000, 0x0000, 0x0000, 0x0000,
    0x0000, 0x0000, 0x0000, 0x0000, 0x0000, 0x0000, 0x0000, 0x0000, 0x0000, 0x0000, 0x0000, 0x0000,
    0x0000, 0x0000, 0x0000, 0x0000, 0x0000, 0x0000, 0x0000, 0x0000, 0x0000, 0x0000, 0x0000, 0x0000,
    0x0000, 0x0000, 0x0000, 0x0000, 0x0000, 0x0000, 0x0000, 0x0000, 0x0000, 0x0000, 0x0000, 0x0000,
    0x0000, 0x0000, 0x0000, 0x0000, 0x0000, 0x0000, 0x0000, 0x0000, 0x0000, 0x0000, 0x0000, 0x0000,
    0x0000, 0x0000, 0x0000, 0x0000, 0x0000, 0x0000, 0x0000, 0x0000, 0x0000, 0x0000, 0x0000, 0x0000,
    0x0000, 0x0000, 0x0000, 0x0000, 0x0000, 0x0000, 0x0000, 0x0000, 0x0000, 0x0000, 0x0000, 0x0000,
    0x0000, 0x0000, 0x0000, 0x0000, 0x0000, 0x0000, 0x0000, 0x0000, 0x0000, 0x0000, 0x0000, 0x0000,
    0x0000, 0x0000, 0x0000, 0x0000, 0x0000, 0x0000, 0x0000, 0x0000, 0x0000, 0x0000, 0x0000, 0x0000,
    0x0000, 0x0000, 0x0000, 0x0000, 0x0000, 0x0000, 0x0000, 0x0000, 0x0000, 0x0000, 0x0000, 0x0000,
    0x0000, 0x0000, 0x0000, 0x0000, 0x0000, 0x0000, 0x0000, 0x0000, 0x0000, 0x0000, 0x0000, 0x0000,
    0x0000, 0x0000, 0x0000, 0x0000, 0x0000, 0x0000, 0x0000, 0x0000, 0x0000, 0x0000, 0x0000, 0x0000,
    0x0000, 0x0000, 0x0000, 0x0000, 0x0000, 0x0000, 0x0000, 0x0000, 0x0000, 0x0000, 0x0000, 0x0000,
    0x0000, 0x0000, 0x0000, 0x0000, 0x0000, 0x0000, 0x0000, 0x0000, 0x0000, 0x0000, 0x0000, 0x0000,
    0x0000, 0x0000, 0x0000, 0x0000, 0x0000, 0x0000, 0x0000, 0x0000, 0x0000, 0x0000, 0x0000, 0x0000,
    0x0000, 0x0000, 0x0000, 0x0000, 0x0000, 0x0000, 0x0000, 0x0000, 0x0000, 0x0000, 0x0000};

static const uint16_t image_data_sfc_43x65_f65_7[2795] = {
    0x0000, 0x0000, 0x0000, 0x0000, 0x0000, 0x0000, 0x0000, 0x0000, 0x0000, 0x0000, 0x0000, 0x0000,
    0x0000, 0x0000, 0x0000, 0x0000, 0x0000, 0x0000, 0x0000, 0x0000, 0x0000, 0x0000, 0x0000, 0x0000,
    0x0000, 0x0000, 0x0000, 0x0000, 0x0000, 0x0000, 0x0000, 0x0000, 0x0000, 0x0000, 0x0000, 0x0000,
    0x0000, 0x0000, 0x0000, 0x0000, 0x0000, 0x0000, 0x0000, 0x0000, 0x0000, 0x0000, 0x0000, 0x0000,
    0x0000, 0x0000, 0x0000, 0x0000, 0x0000, 0x0000, 0x0000, 0x0000, 0x0000, 0x0000, 0x0000, 0x0000,
    0x0000, 0x0000, 0x0000, 0x0000, 0x0000, 0x0000, 0x0000, 0x0000, 0x0000, 0x0000, 0x0000, 0x0000,
    0x0000, 0x0000, 0x0000, 0x0000, 0x0000, 0x0000, 0x0000, 0x0000, 0x0000, 0x0000, 0x0000, 0x0000,
    0x0000, 0x0000, 0x0000, 0x0000, 0x0000, 0x0000, 0x0000, 0x0000, 0x0000, 0x0000, 0x0000, 0x0000,
    0x0000, 0x0000, 0x0000, 0x0000, 0x0000, 0x0000, 0x0000, 0x0000, 0x0000, 0x0000, 0x0000, 0x0000,
    0x0000, 0x0000, 0x0000, 0x0000, 0x0000, 0x0000, 0x0000, 0x0000, 0x0000, 0x0000, 0x0000, 0x0000,
    0x0000, 0x0000, 0x0000, 0x0000, 0x0000, 0x0000, 0x0000, 0x0000, 0x0000, 0x0000, 0x0000, 0x0000,
    0x0000, 0x0000, 0x0000, 0x0000, 0x0000, 0x0000, 0x0000, 0x0000, 0x0000, 0x0000, 0x0000, 0x0000,
    0x0000, 0x0000, 0x0000, 0x0000, 0x0000, 0x0000, 0x0000, 0x0000, 0x0000, 0x0000, 0x0000, 0x0000,
    0x0000, 0x0000, 0x0000, 0x0000, 0x0000, 0x0000, 0x0000, 0x0000, 0x0000, 0x0000, 0x0000, 0x0000,
    0x0000, 0x0000, 0x0000, 0x0000, 0x0000, 0x0000, 0x0000, 0x0000, 0x0000, 0x738e, 0xbdf7, 0xce59,
    0xce59, 0xce59, 0xce59, 0xce59, 0xce59, 0xce59, 0xce59, 0xce59, 0xce59, 0xce59, 0xce59, 0xce59,
    0xce59, 0xce59, 0xce59, 0xce59, 0xce59, 0xce59, 0xce59, 0xce59, 0xce59, 0xce59, 0xce59, 0xce59,
    0xce59, 0xce59, 0xce59, 0xce59, 0xce59, 0xc638, 0x94b2, 0x2945, 0x0000, 0x0000, 0x0000, 0x0000,
    0x0000, 0x0000, 0x0000, 0x0000, 0x9492, 0xf7be, 0xffff, 0xffff, 0xffff, 0xffff, 0xffff, 0xffff,
    0xffff, 0xffff, 0xffff, 0xffff, 0xffff, 0xffff, 0xffff, 0xffff, 0xffff, 0xffff, 0xffff, 0xffff,
    0xffff, 0xffff, 0xffff, 0xffff, 0xffff, 0xffff, 0xffff, 0xffff, 0xffff, 0xffff, 0xffff, 0xffff,
    0xffff, 0xc618, 0x39e7, 0x0000, 0x0000, 0x0000, 0x0000, 0x0000, 0x0000, 0x0000, 0x0000, 0x9492,
    0xf7be, 0xff7b, 0xfe0f, 0xfdcc, 0xfdcc, 0xfdcc, 0xfdcc, 0xfdcc, 0xfdcc, 0xfdcc, 0xfdcc, 0xfdcc,
    0xfdcc, 0xfdcc, 0xfdcc, 0xfdcc, 0xfdcc, 0xfdcc, 0xfdcc, 0xfdcc, 0xfdcc, 0xfdcc, 0xfdcc, 0xfdcc,
    0xfdcc, 0xfdcc, 0xfdcc, 0xfdcc, 0xfdcc, 0xfdcd, 0xfef6, 0xffff, 0xc618, 0x39e7, 0x0000, 0x0000,
    0x0000, 0x0000, 0x0000, 0x0000, 0x0000, 0x0000, 0x9492, 0xf7be, 0xfef7, 0xfc82, 0xfc40, 0xfc40,
    0xfc40, 0xfc40, 0xfc40, 0xfc40, 0xfc40, 0xfc40, 0xfc40, 0xfc40, 0xfc40, 0xfc40, 0xfc40, 0xfc40,
    0xfc40, 0xfc40, 0xfc40, 0xfc40, 0xfc40, 0xfc40, 0xfc40, 0xfc40, 0xfc40, 0xfc40, 0xfc40, 0xfc40,
    0xfc40, 0xfdee, 0xffff, 0xc618, 0x39e7, 0x0000, 0x0000, 0x0000, 0x0000, 0x0000, 0x0000, 0x0000,
    0x0000, 0x9492, 0xf7be, 0xfef7, 0xfc82, 0xfc40, 0xfc40, 0xfc40, 0xfc40, 0xfc40, 0xfc40, 0xfc40,
    0xfc40, 0xfc40, 0xfc40, 0xfc40, 0xfc40, 0xfc40, 0xfc40, 0xfc40, 0xfc40, 0xfc40, 0xfc40, 0xfc40,
    0xfc40, 0xfc40, 0xfc40, 0xfc40, 0xfc40, 0xfc40, 0xfc40, 0xfc40, 0xfdee, 0xffff, 0xc618, 0x39e7,
    0x0000, 0x0000, 0x0000, 0x0000, 0x0000, 0x0000, 0x0000, 0x0000, 0x9492, 0xf7be, 0xfef7, 0xfc82,
    0xfc40, 0xfc40, 0xfc40, 0xfc40, 0xfc40, 0xfc40, 0xfc40, 0xfc40, 0xfc40, 0xfc40, 0xfc40, 0xfc40,
    0xfc40, 0xfc40, 0xfc40, 0xfc40, 0xfc40, 0xfc40, 0xfc40, 0xfc40, 0xfc40, 0xfc40, 0xfc40, 0xfc40,
    0xfc40, 0xfc40, 0xfc40, 0xfdee, 0xffff, 0xc618, 0x39e7, 0x0000, 0x0000, 0x0000, 0x0000, 0x0000,
    0x0000, 0x0000, 0x0000, 0x9492, 0xf7be, 0xfef7, 0xfc82, 0xfc40, 0xfc40, 0xfc40, 0xfc40, 0xfc40,
    0xfc40, 0xfc40, 0xfc40, 0xfc40, 0xfc40, 0xfc40, 0xfc40, 0xfc40, 0xfc40, 0xfc40, 0xfc40, 0xfc40,
    0xfc40, 0xfc40, 0xfc40, 0xfc40, 0xfc40, 0xfc40, 0xfc40, 0xfc40, 0xfc40, 0xfc40, 0xfdee, 0xffff,
    0xc618, 0x39e7, 0x0000, 0x0000, 0x0000, 0x0000, 0x0000, 0x0000, 0x0000, 0x0000, 0x9492, 0xf7be,
    0xfef7, 0xfc82, 0xfc40, 0xfc40, 0xfc40, 0xfc40, 0xfc40, 0xfc40, 0xfc40, 0xfc40, 0xfc40, 0xfc40,
    0xfc40, 0xfc40, 0xfc40, 0xfc40, 0xfc40, 0xfc40, 0xfc40, 0xfc40, 0xfc40, 0xfc40, 0xfc40, 0xfc40,
    0xfc40, 0xfc40, 0xfc40, 0xfc40, 0xfc40, 0xfdee, 0xffff, 0xc618, 0x39e7, 0x0000, 0x0000, 0x0000,
    0x0000, 0x0000, 0x0000, 0x0000, 0x0000, 0x9492, 0xf7be, 0xff7b, 0xfe0f, 0xfdcc, 0xfdcc, 0xfdcc,
    0xfdcc, 0xfdcc, 0xfdcc, 0xfdcc, 0xfdcc, 0xfdcc, 0xfdcc, 0xfdcc, 0xfdcc, 0xfdcc, 0xfdcc, 0xfdcc,
    0xfdcc, 0xfdcc, 0xfdcc, 0xfdcc, 0xfdab, 0xfc82, 0xfc40, 0xfc40, 0xfc40, 0xfc40, 0xfc40, 0xfc61,
    0xfeb4, 0xffff, 0xb596, 0x3186, 0x0000, 0x0000, 0x0000, 0x0000, 0x0000, 0x0000, 0x0000, 0x0000,
    0x9492, 0xf7be, 0xffff, 0xffff, 0xffff, 0xffff, 0xffff, 0xffff, 0xffff, 0xffff, 0xffff, 0xffff,
    0xffff, 0xffff, 0xffff, 0xffff, 0xffff, 0xffff, 0xffff, 0xffff, 0xffff, 0xffff, 0xffff, 0xfef6,
    0xfc82, 0xfc40, 0xfc40, 0xfc40, 0xfc40, 0xfc40, 0xfd27, 0xffbc, 0xef5d, 0x738e, 0x0000, 0x0000,
    0x0000, 0x0000, 0x0000, 0x0000, 0x0000, 0x0000, 0x0000, 0x738e, 0xbdf7, 0xce59, 0xce59, 0xce59,
    0xce59, 0xce59, 0xce59, 0xce59, 0xce59, 0xce59, 0xce59, 0xce59, 0xce59, 0xce59, 0xce59, 0xce59,
    0xce59, 0xce59, 0xce59, 0xd69a, 0xf7be, 0xffde, 0xfd8b, 0xfc40, 0xfc40, 0xfc40, 0xfc40, 0xfc40,
    0xfc40, 0xfe72, 0xffff, 0xbdf7, 0x39e7, 0x0000, 0x0000, 0x0000, 0x0000, 0x0000, 0x0000, 0x0000,
    0x0000, 0x0000, 0x0000, 0x0000, 0x0000, 0x0000, 0x0000, 0x0000, 0x0000, 0x0000, 0x0000, 0x0000,
    0x0000, 0x0000, 0x0000, 0x0000, 0x0000, 0x0000, 0x0000, 0x0000, 0x0000, 0x2945, 0xa514, 0xffdf,
    0xff17, 0xfc82, 0xfc40, 0xfc40, 0xfc40, 0xfc40, 0xfc40, 0xfce5, 0xff9b, 0xef7d, 0x7bef, 0x0000,
    0x0000, 0x0000, 0x0000, 0x0000, 0x0000, 0x0000, 0x0000, 0x0000, 0x0000, 0x0000, 0x0000, 0x0000,
    0x0000, 0x0000, 0x0000, 0x0000, 0x0000, 0x0000, 0x0000, 0x0000, 0x0000, 0x0000, 0x0000, 0x0000,
    0x0000, 0x0000, 0x0000, 0x0000, 0x5aeb, 0xdedb, 0xffde, 0xfdcc, 0xfc40, 0xfc40, 0xfc40, 0xfc40,
    0xfc40, 0xfc40, 0xfe30, 0xffff, 0xc638, 0x4228, 0x0000, 0x0000, 0x0000, 0x0000, 0x0000, 0x0000,
    0x0000, 0x0000, 0x0000, 0x0000, 0x0000, 0x0000, 0x0000, 0x0000, 0x0000, 0x0000, 0x0000, 0x0000,
    0x0000, 0x0000, 0x0000, 0x0000, 0x0000, 0x0000, 0x0000, 0x0000, 0x0000, 0x0000, 0x0000, 0x9cd3,
    0xf7be, 0xff39, 0xfca3, 0xfc40, 0xfc40, 0xfc40, 0xfc40, 0xfc40, 0xfcc4, 0xff5a, 0xf79e, 0x8c51,
    0x0000, 0x0000, 0x0000, 0x0000, 0x0000, 0x0000, 0x0000, 0x0000, 0x0000, 0x0000, 0x0000, 0x0000,
    0x0000, 0x0000, 0x0000, 0x0000, 0x0000, 0x0000, 0x0000, 0x0000, 0x0000, 0x0000, 0x0000, 0x0000,
    0x0000, 0x0000, 0x0000, 0x0000, 0x0000, 0x528a, 0xd6ba, 0xffff, 0xfdee, 0xfc40, 0xfc40, 0xfc40,
    0xfc40, 0xfc40, 0xfc40, 0xfdee, 0xffff, 0xd69a, 0x4a69, 0x0000, 0x0000, 0x0000, 0x0000, 0x0000,
    0x0000, 0x0000, 0x0000, 0x0000, 0x0000, 0x0000, 0x0000, 0x0000, 0x0000, 0x0000, 0x0000, 0x0000,
    0x0000, 0x0000, 0x0000, 0x0000, 0x0000, 0x0000, 0x0000, 0x0000, 0x0000, 0x0000, 0x0000, 0x0000,
    0x9492, 0xf7be, 0xff5a, 0xfcc4, 0xfc40, 0xfc40, 0xfc40, 0xfc40, 0xfc40, 0xfca3, 0xff39, 0xf7be,
    0x94b2, 0x0000, 0x0000, 0x0000, 0x0000, 0x0000, 0x0000, 0x0000, 0x0000, 0x0000, 0x0000, 0x0000,
    0x0000, 0x0000, 0x0000, 0x0000, 0x0000, 0x0000, 0x0000, 0x0000, 0x0000, 0x0000, 0x0000, 0x0000,
    0x0000, 0x0000, 0x0000, 0x0000, 0x0000, 0x0000, 0x4a49, 0xce79, 0xffff, 0xfe30, 0xfc40, 0xfc40,
    0xfc40, 0xfc40, 0xfc40, 0xfc40, 0xfdac, 0xffde, 0xdedb, 0x52aa, 0x0000, 0x0000, 0x0000, 0x0000,
    0x0000, 0x0000, 0x0000, 0x0000, 0x0000, 0x0000, 0x0000, 0x0000, 0x0000, 0x0000, 0x0000, 0x0000,
    0x0000, 0x0000, 0x0000, 0x0000, 0x0000, 0x0000, 0x0000, 0x0000, 0x0000, 0x0000, 0x0000, 0x0000,
    0x0000, 0x8c51, 0xf79e, 0xff7b, 0xfce5, 0xfc40, 0xfc40, 0xfc40, 0xfc40, 0xfc40, 0xfc82, 0xff17,
    0xffdf, 0xa514, 0x2945, 0x0000, 0x0000, 0x0000, 0x0000, 0x0000, 0x0000, 0x0000, 0x0000, 0x0000,
    0x0000, 0x0000, 0x0000, 0x0000, 0x0000, 0x0000, 0x0000, 0x0000, 0x0000, 0x0000, 0x0000, 0x0000,
    0x0000, 0x0000, 0x0000, 0x0000, 0x0000, 0x0000, 0x0000, 0x4228, 0xc638, 0xffff, 0xfe51, 0xfc40,
    0xfc40, 0xfc40, 0xfc40, 0xfc40, 0xfc40, 0xfd6a, 0xffde, 0xe71c, 0x630c, 0x0000, 0x0000, 0x0000,
    0x0000, 0x0000, 0x0000, 0x0000, 0x0000, 0x0000, 0x0000, 0x0000, 0x0000, 0x0000, 0x0000, 0x0000,
    0x0000, 0x0000, 0x0000, 0x0000, 0x0000, 0x0000, 0x0000, 0x0000, 0x0000, 0x0000, 0x0000, 0x0000,
    0x0000, 0x0000, 0x8410, 0xef7d, 0xff9c, 0xfd06, 0xfc40, 0xfc40, 0xfc40, 0xfc40, 0xfc40, 0xfc61,
    0xfed5, 0xffdf, 0xad75, 0x2945, 0x0000, 0x0000, 0x0000, 0x0000, 0x0000, 0x0000, 0x0000, 0x0000,
    0x0000, 0x0000, 0x0000, 0x0000, 0x0000, 0x0000, 0x0000, 0x0000, 0x0000, 0x0000, 0x0000, 0x0000,
    0x0000, 0x0000, 0x0000, 0x0000, 0x0000, 0x0000, 0x0000, 0x0000, 0x39e7, 0xbdf7, 0xffff, 0xfe93,
    0xfc61, 0xfc40, 0xfc40, 0xfc40, 0xfc40, 0xfc40, 0xfd48, 0xffbd, 0xe73c, 0x6b6d, 0x0000, 0x0000,
    0x0000, 0x0000, 0x0000, 0x0000, 0x0000, 0x0000, 0x0000, 0x0000, 0x0000, 0x0000, 0x0000, 0x0000,
    0x0000, 0x0000, 0x0000, 0x0000, 0x0000, 0x0000, 0x0000, 0x0000, 0x0000, 0x0000, 0x0000, 0x0000,
    0x0000, 0x0000, 0x0000, 0x7bcf, 0xef7d, 0xffbd, 0xfd28, 0xfc40, 0xfc40, 0xfc40, 0xfc40, 0xfc40,
    0xfc61, 0xfe94, 0xffff, 0xbdd7, 0x39c7, 0x0000, 0x0000, 0x0000, 0x0000, 0x0000, 0x0000, 0x0000,
    0x0000, 0x0000, 0x0000, 0x0000, 0x0000, 0x0000, 0x0000, 0x0000, 0x0000, 0x0000, 0x0000, 0x0000,
    0x0000, 0x0000, 0x0000, 0x0000, 0x0000, 0x0000, 0x0000, 0x0000, 0x0000, 0x39c7, 0xb5b6, 0xffff,
    0xfeb4, 0xfc61, 0xfc40, 0xfc40, 0xfc40, 0xfc40, 0xfc40, 0xfd07, 0xff9c, 0xef7d, 0x7bcf, 0x0000,
    0x0000, 0x0000, 0x0000, 0x0000, 0x0000, 0x0000, 0x0000, 0x0000, 0x0000, 0x0000, 0x0000, 0x0000,
    0x0000, 0x0000, 0x0000, 0x0000, 0x0000, 0x0000, 0x0000, 0x0000, 0x0000, 0x0000, 0x0000, 0x0000,
    0x0000, 0x0000, 0x0000, 0x0000, 0x738e, 0xe73c, 0xffbd, 0xfd49, 0xfc40, 0xfc40, 0xfc40, 0xfc40,
    0xfc40, 0xfc40, 0xfe51, 0xffff, 0xc618, 0x4208, 0x0000, 0x0000, 0x0000, 0x0000, 0x0000, 0x0000,
    0x0000, 0x0000, 0x0000, 0x0000, 0x0000, 0x0000, 0x0000, 0x0000, 0x0000, 0x0000, 0x0000, 0x0000,
    0x0000, 0x0000, 0x0000, 0x0000, 0x0000, 0x0000, 0x0000, 0x0000, 0x0000, 0x0000, 0x3186, 0xad75,
    0xffdf, 0xfed6, 0xfc82, 0xfc40, 0xfc40, 0xfc40, 0xfc40, 0xfc40, 0xfce5, 0xff7b, 0xf79e, 0x8430,
    0x0000, 0x0000, 0x0000, 0x0000, 0x0000, 0x0000, 0x0000, 0x0000, 0x0000, 0x0000, 0x0000, 0x0000,
    0x0000, 0x0000, 0x0000, 0x0000, 0x0000, 0x0000, 0x0000, 0x0000, 0x0000, 0x0000, 0x0000, 0x0000,
    0x0000, 0x0000, 0x0000, 0x0000, 0x0000, 0x6b4d, 0xe71c, 0xffde, 0xfd8b, 0xfc40, 0xfc40, 0xfc40,
    0xfc40, 0xfc40, 0xfc40, 0xfe30, 0xffff, 0xce59, 0x4a49, 0x0000, 0x0000, 0x0000, 0x0000, 0x0000,
    0x0000, 0x0000, 0x0000, 0x0000, 0x0000, 0x0000, 0x0000, 0x0000, 0x0000, 0x0000, 0x0000, 0x0000,
    0x0000, 0x0000, 0x0000, 0x0000, 0x0000, 0x0000, 0x0000, 0x0000, 0x0000, 0x0000, 0x0000, 0x2945,
    0xa534, 0xffdf, 0xff17, 0xfc82, 0xfc40, 0xfc40, 0xfc40, 0xfc40, 0xfc40, 0xfcc4, 0xff5a, 0xf7be,
    0x9492, 0x0000, 0x0000, 0x0000, 0x0000, 0x0000, 0x0000, 0x0000, 0x0000, 0x0000, 0x0000, 0x0000,
    0x0000, 0x0000, 0x0000, 0x0000, 0x0000, 0x0000, 0x0000, 0x0000, 0x0000, 0x0000, 0x0000, 0x0000,
    0x0000, 0x0000, 0x0000, 0x0000, 0x0000, 0x0000, 0x5aeb, 0xdefb, 0xffde, 0xfdac, 0xfc40, 0xfc40,
    0xfc40, 0xfc40, 0xfc40, 0xfc40, 0xfdee, 0xffff, 0xd6ba, 0x528a, 0x0000, 0x0000, 0x0000, 0x0000,
    0x0000, 0x0000, 0x0000, 0x0000, 0x0000, 0x0000, 0x0000, 0x0000, 0x0000, 0x0000, 0x0000, 0x0000,
    0x0000, 0x0000, 0x0000, 0x0000, 0x0000, 0x0000, 0x0000, 0x0000, 0x0000, 0x0000, 0x0000, 0x0000,
    0x0000, 0x9cf3, 0xffdf, 0xff38, 0xfca3, 0xfc40, 0xfc40, 0xfc40, 0xfc40, 0xfc40, 0xfca3, 0xff38,
    0xffdf, 0x9cf3, 0x0000, 0x0000, 0x0000, 0x0000, 0x0000, 0x0000, 0x0000, 0x0000, 0x0000, 0x0000,
    0x0000, 0x0000, 0x0000, 0x0000, 0x0000, 0x0000, 0x0000, 0x0000, 0x0000, 0x0000, 0x0000, 0x0000,
    0x0000, 0x0000, 0x0000, 0x0000, 0x0000, 0x0000, 0x0000, 0x52aa, 0xd6ba, 0xffff, 0xfdee, 0xfc40,
    0xfc40, 0xfc40, 0xfc40, 0xfc40, 0xfc40, 0xfdac, 0xffde, 0xdefb, 0x5aeb, 0x0000, 0x0000, 0x0000,
    0x0000, 0x0000, 0x0000, 0x0000, 0x0000, 0x0000, 0x0000, 0x0000, 0x0000, 0x0000, 0x0000, 0x0000,
    0x0000, 0x0000, 0x0000, 0x0000, 0x0000, 0x0000, 0x0000, 0x0000, 0x0000, 0x0000, 0x0000, 0x0000,
    0x0000, 0x0000, 0x94b2, 0xf7be, 0xff5a, 0xfcc4, 0xfc40, 0xfc40, 0xfc40, 0xfc40, 0xfc40, 0xfc82,
    0xfef7, 0xffdf, 0xad55, 0x2945, 0x0000, 0x0000, 0x0000, 0x0000, 0x0000, 0x0000, 0x0000, 0x0000,
    0x0000, 0x0000, 0x0000, 0x0000, 0x0000, 0x0000, 0x0000, 0x0000, 0x0000, 0x0000, 0x0000, 0x0000,
    0x0000, 0x0000, 0x0000, 0x0000, 0x0000, 0x0000, 0x0000, 0x0000, 0x528a, 0xd69a, 0xffff, 0xfe0f,
    0xfc40, 0xfc40, 0xfc40, 0xfc40, 0xfc40, 0xfc40, 0xfd6a, 0xffde, 0xe73c, 0x6b4d, 0x0000, 0x0000,
    0x0000, 0x0000, 0x0000, 0x0000, 0x0000, 0x0000, 0x0000, 0x0000, 0x0000, 0x0000, 0x0000, 0x0000,
    0x0000, 0x0000, 0x0000, 0x0000, 0x0000, 0x0000, 0x0000, 0x0000, 0x0000, 0x0000, 0x0000, 0x0000,
    0x0000, 0x0000, 0x0000, 0x8c71, 0xf7be, 0xff7b, 0xfce5, 0xfc40, 0xfc40, 0xfc40, 0xfc40, 0xfc40,
    0xfc61, 0xfed5, 0xffff, 0xb596, 0x3186, 0x0000, 0x0000, 0x0000, 0x0000, 0x0000, 0x0000, 0x0000,
    0x0000, 0x0000, 0x0000, 0x0000, 0x0000, 0x0000, 0x0000, 0x0000, 0x0000, 0x0000, 0x0000, 0x0000,
    0x0000, 0x0000, 0x0000, 0x0000, 0x0000, 0x0000, 0x0000, 0x0000, 0x0000, 0x4228, 0xce59, 0xffff,
    0xfe51, 0xfc40, 0xfc40, 0xfc40, 0xfc40, 0xfc40, 0xfc40, 0xfd48, 0xffbd, 0xef5d, 0x738e, 0x0000,
    0x0000, 0x0000, 0x0000, 0x0000, 0x0000, 0x0000, 0x0000, 0x0000, 0x0000, 0x0000, 0x0000, 0x0000,
    0x0000, 0x0000, 0x0000, 0x0000, 0x0000, 0x0000, 0x0000, 0x0000, 0x0000, 0x0000, 0x0000, 0x0000,
    0x0000, 0x0000, 0x0000, 0x0000, 0x8430, 0xf79e, 0xff9c, 0xfd06, 0xfc40, 0xfc40, 0xfc40, 0xfc40,
    0xfc40, 0xfc61, 0xfe93, 0xffff, 0xbdf7, 0x39e7, 0x0000, 0x0000, 0x0000, 0x0000, 0x0000, 0x0000,
    0x0000, 0x0000, 0x0000, 0x0000, 0x0000, 0x0000, 0x0000, 0x0000, 0x0000, 0x0000, 0x0000, 0x0000,
    0x0000, 0x0000, 0x0000, 0x0000, 0x0000, 0x0000, 0x0000, 0x0000, 0x0000, 0x0000, 0x4208, 0xc618,
    0xffff, 0xfe72, 0xfc61, 0xfc40, 0xfc40, 0xfc40, 0xfc40, 0xfc40, 0xfd06, 0xff9c, 0xef7d, 0x8410,
    0x0000, 0x0000, 0x0000, 0x0000, 0x0000, 0x0000, 0x0000, 0x0000, 0x0000, 0x0000, 0x0000, 0x0000,
    0x0000, 0x0000, 0x0000, 0x0000, 0x0000, 0x0000, 0x0000, 0x0000, 0x0000, 0x0000, 0x0000, 0x0000,
    0x0000, 0x0000, 0x0000, 0x0000, 0x0000, 0x7bcf, 0xef7d, 0xffbd, 0xfd27, 0xfc40, 0xfc40, 0xfc40,
    0xfc40, 0xfc40, 0xfc40, 0xfe51, 0xffff, 0xc638, 0x4228, 0x0000, 0x0000, 0x0000, 0x0000, 0x0000,
    0x0000, 0x0000, 0x0000, 0x0000, 0x0000, 0x0000, 0x0000, 0x0000, 0x0000, 0x0000, 0x0000, 0x0000,
    0x0000, 0x0000, 0x0000, 0x0000, 0x0000, 0x0000, 0x0000, 0x0000, 0x0000, 0x0000, 0x0000, 0x39c7,
    0xbdd7, 0xffff, 0xfeb4, 0xfc61, 0xfc40, 0xfc40, 0xfc40, 0xfc40, 0xfc40, 0xfce5, 0xff7b, 0xf79e,
    0x8c71, 0x0000, 0x0000, 0x0000, 0x0000, 0x0000, 0x0000, 0x0000, 0x0000, 0x0000, 0x0000, 0x0000,
    0x0000, 0x0000, 0x0000, 0x0000, 0x0000, 0x0000, 0x0000, 0x0000, 0x0000, 0x0000, 0x0000, 0x0000,
    0x0000, 0x0000, 0x0000, 0x0000, 0x0000, 0x0000, 0x738e, 0xef5d, 0xffbd, 0xfd49, 0xfc40, 0xfc40,
    0xfc40, 0xfc40, 0xfc40, 0xfc40, 0xfe0f, 0xffff, 0xd69a, 0x4a69, 0x0000, 0x0000, 0x0000, 0x0000,
    0x0000, 0x0000, 0x0000, 0x0000, 0x0000, 0x0000, 0x0000, 0x0000, 0x0000, 0x0000, 0x0000, 0x0000,
    0x0000, 0x0000, 0x0000, 0x0000, 0x0000, 0x0000, 0x0000, 0x0000, 0x0000, 0x0000, 0x0000, 0x0000,
    0x3186, 0xb596, 0xffff, 0xfed6, 0xfc62, 0xfc40, 0xfc40, 0xfc40, 0xfc40, 0xfc40, 0xfcc4, 0xff5a,
    0xf7be, 0x94b2, 0x0000, 0x0000, 0x0000, 0x0000, 0x0000, 0x0000, 0x0000, 0x0000, 0x0000, 0x0000,
    0x0000, 0x0000, 0x0000, 0x0000, 0x0000, 0x0000, 0x0000, 0x0000, 0x0000, 0x0000, 0x0000, 0x0000,
    0x0000, 0x0000, 0x0000, 0x0000, 0x0000, 0x0000, 0x0000, 0x6b4d, 0xe73c, 0xffde, 0xfd8a, 0xfc40,
    0xfc40, 0xfc40, 0xfc40, 0xfc40, 0xfc40, 0xfdcd, 0xffff, 0xdedb, 0x52aa, 0x0000, 0x0000, 0x0000,
    0x0000, 0x0000, 0x0000, 0x0000, 0x0000, 0x0000, 0x0000, 0x0000, 0x0000, 0x0000, 0x0000, 0x0000,
    0x0000, 0x0000, 0x0000, 0x0000, 0x0000, 0x0000, 0x0000, 0x0000, 0x0000, 0x0000, 0x0000, 0x0000,
    0x0000, 0x2945, 0xad55, 0xffdf, 0xff17, 0xfc82, 0xfc40, 0xfc40, 0xfc40, 0xfc40, 0xfc40, 0xfca3,
    0xff18, 0xffdf, 0xa514, 0x2945, 0x0000, 0x0000, 0x0000, 0x0000, 0x0000, 0x0000, 0x0000, 0x0000,
    0x0000, 0x0000, 0x0000, 0x0000, 0x0000, 0x0000, 0x0000, 0x0000, 0x0000, 0x0000, 0x0000, 0x0000,
    0x0000, 0x0000, 0x0000, 0x0000, 0x0000, 0x0000, 0x0000, 0x0000, 0x630c, 0xdefb, 0xffde, 0xfdac,
    0xfc40, 0xfc40, 0xfc40, 0xfc40, 0xfc40, 0xfc40, 0xfd8b, 0xffde, 0xe71c, 0x630c, 0x0000, 0x0000,
    0x0000, 0x0000, 0x0000, 0x0000, 0x0000, 0x0000, 0x0000, 0x0000, 0x0000, 0x0000, 0x0000, 0x0000,
    0x0000, 0x0000, 0x0000, 0x0000, 0x0000, 0x0000, 0x0000, 0x0000, 0x0000, 0x0000, 0x0000, 0x0000,
    0x0000, 0x0000, 0x2945, 0xa514, 0xffdf, 0xff38, 0xfca3, 0xfc40, 0xfc40, 0xfc40, 0xfc40, 0xfc40,
    0xfc82, 0xfef6, 0xffdf, 0xad75, 0x2945, 0x0000, 0x0000, 0x0000, 0x0000, 0x0000, 0x0000, 0x0000,
    0x0000, 0x0000, 0x0000, 0x0000, 0x0000, 0x0000, 0x0000, 0x0000, 0x0000, 0x0000, 0x0000, 0x0000,
    0x0000, 0x0000, 0x0000, 0x0000, 0x0000, 0x0000, 0x0000, 0x0000, 0x0000, 0x5aeb, 0xdedb, 0xffff,
    0xfdee, 0xfc40, 0xfc40, 0xfc40, 0xfc40, 0xfc40, 0xfc40, 0xfd69, 0xffde, 0xe73c, 0x6b6d, 0x0000,
    0x0000, 0x0000, 0x0000, 0x0000, 0x0000, 0x0000, 0x0000, 0x0000, 0x0000, 0x0000, 0x0000, 0x0000,
    0x0000, 0x0000, 0x0000, 0x0000, 0x0000, 0x0000, 0x0000, 0x0000, 0x0000, 0x0000, 0x0000, 0x0000,
    0x0000, 0x0000, 0x0000, 0x0000, 0x9cd3, 0xffdf, 0xff5a, 0xfcc4, 0xfc40, 0xfc40, 0xfc40, 0xfc40,
    0xfc40, 0xfc61, 0xfeb5, 0xffff, 0xbdd7, 0x39c7, 0x0000, 0x0000, 0x0000, 0x0000, 0x0000, 0x0000,
    0x0000, 0x0000, 0x0000, 0x0000, 0x0000, 0x0000, 0x0000, 0x0000, 0x0000, 0x0000, 0x0000, 0x0000,
    0x0000, 0x0000, 0x0000, 0x0000, 0x0000, 0x0000, 0x0000, 0x0000, 0x0000, 0x0000, 0x528a, 0xd6ba,
    0xffff, 0xfe0f, 0xfc40, 0xfc40, 0xfc40, 0xfc40, 0xfc40, 0xfc40, 0xfd28, 0xffbd, 0xef7d, 0x7bcf,
    0x0000, 0x0000, 0x0000, 0x0000, 0x0000, 0x0000, 0x0000, 0x0000, 0x0000, 0x0000, 0x0000, 0x0000,
    0x0000, 0x0000, 0x0000, 0x0000, 0x0000, 0x0000, 0x0000, 0x0000, 0x0000, 0x0000, 0x0000, 0x0000,
    0x0000, 0x0000, 0x0000, 0x0000, 0x0000, 0x9492, 0xf7be, 0xffff, 0xffff, 0xffff, 0xffff, 0xffff,
    0xffff, 0xffff, 0xffff, 0xffff, 0xffff, 0xc618, 0x4208, 0x0000, 0x0000, 0x0000, 0x0000, 0x0000,
    0x0000, 0x0000, 0x0000, 0x0000, 0x0000, 0x0000, 0x0000, 0x0000, 0x0000, 0x0000, 0x0000, 0x0000,
    0x0000, 0x0000, 0x0000, 0x0000, 0x0000, 0x0000, 0x0000, 0x0000, 0x0000, 0x0000, 0x0000, 0x4a49,
    0xce79, 0xffff, 0xffff, 0xffff, 0xffff, 0xffff, 0xffff, 0xffff, 0xffff, 0xffff, 0xffff, 0xf79e,
    0x8430, 0x0000, 0x0000, 0x0000, 0x0000, 0x0000, 0x0000, 0x0000, 0x0000, 0x0000, 0x0000, 0x0000,
    0x0000, 0x0000, 0x0000, 0x0000, 0x0000, 0x0000, 0x0000, 0x0000, 0x0000, 0x0000, 0x0000, 0x0000,
    0x0000, 0x0000, 0x0000, 0x0000, 0x0000, 0x0000, 0x0000, 0x0000, 0x0000, 0x0000, 0x0000, 0x0000,
    0x0000, 0x0000, 0x0000, 0x0000, 0x0000, 0x0000, 0x0000, 0x0000, 0x0000, 0x0000, 0x0000, 0x0000,
    0x0000, 0x0000, 0x0000, 0x0000, 0x0000, 0x0000, 0x0000, 0x0000, 0x0000, 0x0000, 0x0000, 0x0000,
    0x0000, 0x0000, 0x0000, 0x0000, 0x0000, 0x0000, 0x0000, 0x0000, 0x0000, 0x0000, 0x0000, 0x0000,
    0x0000, 0x0000, 0x0000, 0x0000, 0x0000, 0x0000, 0x0000, 0x0000, 0x0000, 0x0000, 0x0000, 0x0000,
    0x0000, 0x0000, 0x0000, 0x0000, 0x0000, 0x0000, 0x0000, 0x0000, 0x0000, 0x0000, 0x0000, 0x0000,
    0x0000, 0x0000, 0x0000, 0x0000, 0x0000, 0x0000, 0x0000, 0x0000, 0x0000, 0x0000, 0x0000, 0x0000,
    0x0000, 0x0000, 0x0000, 0x0000, 0x0000, 0x0000, 0x0000, 0x0000, 0x0000, 0x0000, 0x0000, 0x0000,
    0x0000, 0x0000, 0x0000, 0x0000, 0x0000, 0x0000, 0x0000, 0x0000, 0x0000, 0x0000, 0x0000, 0x0000,
    0x0000, 0x0000, 0x0000, 0x0000, 0x0000, 0x0000, 0x0000, 0x0000, 0x0000, 0x0000, 0x0000, 0x0000,
    0x0000, 0x0000, 0x0000, 0x0000, 0x0000, 0x0000, 0x0000, 0x0000, 0x0000, 0x0000, 0x0000, 0x0000,
    0x0000, 0x0000, 0x0000, 0x0000, 0x0000, 0x0000, 0x0000, 0x0000, 0x0000, 0x0000, 0x0000, 0x0000,
    0x0000, 0x0000, 0x0000, 0x0000, 0x0000, 0x0000, 0x0000, 0x0000, 0x0000, 0x0000, 0x0000, 0x0000,
    0x0000, 0x0000, 0x0000, 0x0000, 0x0000, 0x0000, 0x0000, 0x0000, 0x0000, 0x0000, 0x0000, 0x0000,
    0x0000, 0x0000, 0x0000, 0x0000, 0x0000, 0x0000, 0x0000, 0x0000, 0x0000, 0x0000, 0x0000, 0x0000,
    0x0000, 0x0000, 0x0000, 0x0000, 0x0000, 0x0000, 0x0000, 0x0000, 0x0000, 0x0000, 0x0000, 0x0000,
    0x0000, 0x0000, 0x0000, 0x0000, 0x0000, 0x0000, 0x0000, 0x0000, 0x0000, 0x0000, 0x0000, 0x0000,
    0x0000, 0x0000, 0x0000, 0x0000, 0x0000, 0x0000, 0x0000, 0x0000, 0x0000, 0x0000, 0x0000, 0x0000,
    0x0000, 0x0000, 0x0000, 0x0000, 0x0000, 0x0000, 0x0000, 0x0000, 0x0000, 0x0000, 0x0000, 0x0000,
    0x0000, 0x0000, 0x0000, 0x0000, 0x0000, 0x0000, 0x0000, 0x0000, 0x0000, 0x0000, 0x0000, 0x0000,
    0x0000, 0x0000, 0x0000, 0x0000, 0x0000, 0x0000, 0x0000, 0x0000, 0x0000, 0x0000, 0x0000, 0x0000,
    0x0000, 0x0000, 0x0000, 0x0000, 0x0000, 0x0000, 0x0000, 0x0000, 0x0000, 0x0000, 0x0000, 0x0000,
    0x0000, 0x0000, 0x0000, 0x0000, 0x0000, 0x0000, 0x0000, 0x0000, 0x0000, 0x0000, 0x0000, 0x0000,
    0x0000, 0x0000, 0x0000, 0x0000, 0x0000, 0x0000, 0x0000, 0x0000, 0x0000, 0x0000, 0x0000, 0x0000,
    0x0000, 0x0000, 0x0000, 0x0000, 0x0000, 0x0000, 0x0000, 0x0000, 0x0000, 0x0000, 0x0000, 0x0000,
    0x0000, 0x0000, 0x0000, 0x0000, 0x0000, 0x0000, 0x0000, 0x0000, 0x0000, 0x0000, 0x0000, 0x0000,
    0x0000, 0x0000, 0x0000, 0x0000, 0x0000, 0x0000, 0x0000, 0x0000, 0x0000, 0x0000, 0x0000, 0x0000,
    0x0000, 0x0000, 0x0000, 0x0000, 0x0000, 0x0000, 0x0000, 0x0000, 0x0000, 0x0000, 0x0000, 0x0000,
    0x0000, 0x0000, 0x0000, 0x0000, 0x0000, 0x0000, 0x0000, 0x0000, 0x0000, 0x0000, 0x0000, 0x0000,
    0x0000, 0x0000, 0x0000, 0x0000, 0x0000, 0x0000, 0x0000, 0x0000, 0x0000, 0x0000, 0x0000, 0x0000,
    0x0000, 0x0000, 0x0000, 0x0000, 0x0000, 0x0000, 0x0000, 0x0000, 0x0000, 0x0000, 0x0000, 0x0000,
    0x0000, 0x0000, 0x0000, 0x0000, 0x0000, 0x0000, 0x0000, 0x0000, 0x0000, 0x0000, 0x0000, 0x0000,
    0x0000, 0x0000, 0x0000, 0x0000, 0x0000, 0x0000, 0x0000, 0x0000, 0x0000, 0x0000, 0x0000, 0x0000,
    0x0000, 0x0000, 0x0000, 0x0000, 0x0000, 0x0000, 0x0000, 0x0000, 0x0000, 0x0000, 0x0000, 0x0000,
    0x0000, 0x0000, 0x0000, 0x0000, 0x0000, 0x0000, 0x0000, 0x0000, 0x0000, 0x0000, 0x0000, 0x0000,
    0x0000, 0x0000, 0x0000, 0x0000, 0x0000, 0x0000, 0x0000, 0x0000, 0x0000, 0x0000, 0x0000, 0x0000,
    0x0000, 0x0000, 0x0000, 0x0000, 0x0000, 0x0000, 0x0000, 0x0000, 0x0000, 0x0000, 0x0000, 0x0000,
    0x0000, 0x0000, 0x0000, 0x0000, 0x0000, 0x0000, 0x0000, 0x0000, 0x0000, 0x0000, 0x0000, 0x0000,
    0x0000, 0x0000, 0x0000, 0x0000, 0x0000, 0x0000, 0x0000, 0x0000, 0x0000, 0x0000, 0x0000, 0x0000,
    0x0000, 0x0000, 0x0000, 0x0000, 0x0000, 0x0000, 0x0000, 0x0000, 0x0000, 0x0000, 0x0000, 0x0000,
    0x0000, 0x0000, 0x0000, 0x0000, 0x0000, 0x0000, 0x0000, 0x0000, 0x0000, 0x0000, 0x0000, 0x0000,
    0x0000, 0x0000, 0x0000, 0x0000, 0x0000, 0x0000, 0x0000, 0x0000, 0x0000, 0x0000, 0x0000, 0x0000,
    0x0000, 0x0000, 0x0000, 0x0000, 0x0000, 0x0000, 0x0000, 0x0000, 0x0000, 0x0000, 0x0000};

static const uint16_t image_data_sfc_43x65_f65_8[2795] = {
    0x0000, 0x0000, 0x0000, 0x0000, 0x0000, 0x0000, 0x0000, 0x0000, 0x0000, 0x0000, 0x0000, 0x0000,
    0x0000, 0x0000, 0x0000, 0x0000, 0x0000, 0x0000, 0x0000, 0x0000, 0x0000, 0x0000, 0x0000, 0x0000,
    0x0000, 0x0000, 0x0000, 0x0000, 0x0000, 0x0000, 0x0000, 0x0000, 0x0000, 0x0000, 0x0000, 0x0000,
    0x0000, 0x0000, 0x0000, 0x0000, 0x0000, 0x0000, 0x0000, 0x0000, 0x0000, 0x0000, 0x0000, 0x0000,
    0x0000, 0x0000, 0x0000, 0x0000, 0x0000, 0x0000, 0x0000, 0x0000, 0x0000, 0x0000, 0x0000, 0x0000,
    0x0000, 0x0000, 0x0000, 0x0000, 0x0000, 0x0000, 0x0000, 0x0000, 0x0000, 0x0000, 0x0000, 0x0000,
    0x0000, 0x0000, 0x0000, 0x0000, 0x0000, 0x0000, 0x0000, 0x0000, 0x0000, 0x0000, 0x0000, 0x0000,
    0x0000, 0x0000, 0x0000, 0x0000, 0x0000, 0x0000, 0x0000, 0x0000, 0x0000, 0x0000, 0x0000, 0x0000,
    0x0000, 0x0000, 0x0000, 0x0000, 0x0000, 0x0000, 0x0000, 0x0000, 0x0000, 0x0000, 0x0000, 0x0000,
    0x0000, 0x0000, 0x0000, 0x0000, 0x0000, 0x0000, 0x0000, 0x0000, 0x0000, 0x0000, 0x0000, 0x0000,
    0x0000, 0x0000, 0x0000, 0x0000, 0x0000, 0x0000, 0x0000, 0x0000, 0x0000, 0x0000, 0x0000, 0x0000,
    0x0000, 0x0000, 0x0000, 0x0000, 0x0000, 0x0000, 0x0000, 0x0000, 0x0000, 0x0000, 0x0000, 0x0000,
    0x0000, 0x0000, 0x39e7, 0x8430, 0xad55, 0xc638, 0xce59, 0xce59, 0xce59, 0xbdf7, 0x9cd3, 0x6b4d,
    0x0000, 0x0000, 0x0000, 0x0000, 0x0000, 0x0000, 0x0000, 0x0000, 0x0000, 0x0000, 0x0000, 0x0000,
    0x0000, 0x0000, 0x0000, 0x0000, 0x0000, 0x0000, 0x0000, 0x0000, 0x0000, 0x0000, 0x0000, 0x0000,
    0x0000, 0x0000, 0x0000, 0x0000, 0x0000, 0x0000, 0x528a, 0xad75, 0xe71c, 0xffff, 0xffff, 0xffff,
    0xffff, 0xffff, 0xffff, 0xffff, 0xffff, 0xffff, 0xffff, 0xf79e, 0xce79, 0x8410, 0x2945, 0x0000,
    0x0000, 0x0000, 0x0000, 0x0000, 0x0000, 0x0000, 0x0000, 0x0000, 0x0000, 0x0000, 0x0000, 0x0000,
    0x0000, 0x0000, 0x0000, 0x0000, 0x0000, 0x0000, 0x0000, 0x0000, 0x0000, 0x0000, 0x0000, 0x52aa,
    0xbdd7, 0xf7be, 0xffff, 0xffff, 0xffff, 0xff5a, 0xfe93, 0xfdcd, 0xfdcd, 0xfdcd, 0xfdcd, 0xfe0f,
    0xfef6, 0xffde, 0xffff, 0xffff, 0xffff, 0xdefb, 0x8c71, 0x2945, 0x0000, 0x0000, 0x0000, 0x0000,
    0x0000, 0x0000, 0x0000, 0x0000, 0x0000, 0x0000, 0x0000, 0x0000, 0x0000, 0x0000, 0x0000, 0x0000,
    0x0000, 0x0000, 0x0000, 0x0000, 0x0000, 0x8c51, 0xe73c, 0xffff, 0xffff, 0xff18, 0xfd8a, 0xfc61,
    0xfc40, 0xfc40, 0xfc40, 0xfc40, 0xfc40, 0xfc40, 0xfc40, 0xfc40, 0xfc40, 0xfce5, 0xfe51, 0xffbd,
    0xffff, 0xffdf, 0xbdf7, 0x528a, 0x0000, 0x0000, 0x0000, 0x0000, 0x0000, 0x0000, 0x0000, 0x0000,
    0x0000, 0x0000, 0x0000, 0x0000, 0x0000, 0x0000, 0x0000, 0x0000, 0x0000, 0x0000, 0x39e7, 0xad75,
    0xffdf, 0xffff, 0xff39, 0xfd27, 0xfc40, 0xfc40, 0xfc40, 0xfc40, 0xfc40, 0xfc40, 0xfc40, 0xfc40,
    0xfc40, 0xfc40, 0xfc40, 0xfc40, 0xfc40, 0xfc40, 0xfc82, 0xfe30, 0xffde, 0xffff, 0xdefb, 0x738e,
    0x0000, 0x0000, 0x0000, 0x0000, 0x0000, 0x0000, 0x0000, 0x0000, 0x0000, 0x0000, 0x0000, 0x0000,
    0x0000, 0x0000, 0x0000, 0x0000, 0x39e7, 0xb596, 0xffdf, 0xffde, 0xfe51, 0xfc61, 0xfc40, 0xfc40,
    0xfc40, 0xfc40, 0xfc40, 0xfc40, 0xfc40, 0xfc40, 0xfc40, 0xfc40, 0xfc40, 0xfc40, 0xfc40, 0xfc40,
    0xfc40, 0xfc40, 0xfc40, 0xfd27, 0xff5a, 0xffff, 0xe71c, 0x738e, 0x0000, 0x0000, 0x0000, 0x0000,
    0x0000, 0x0000, 0x0000, 0x0000, 0x0000, 0x0000, 0x0000, 0x0000, 0x0000, 0x0000, 0x2945, 0xa534,
    0xffdf, 0xffde, 0xfdcd, 0xfc40, 0xfc40, 0xfc40, 0xfc40, 0xfc40, 0xfc40, 0xfc40, 0xfc40, 0xfc40,
    0xfc40, 0xfc40, 0xfc40, 0xfc40, 0xfc40, 0xfc40, 0xfc40, 0xfc40, 0xfc40, 0xfc40, 0xfc40, 0xfcc4,
    0xff18, 0xffff, 0xd6ba, 0x5aeb, 0x0000, 0x0000, 0x0000, 0x0000, 0x0000, 0x0000, 0x0000, 0x0000,
    0x0000, 0x0000, 0x0000, 0x0000, 0x0000, 0x7bef, 0xef7d, 0xffde, 0xfe0e, 0xfc40, 0xfc40, 0xfc40,
    0xfc40, 0xfc40, 0xfc40, 0xfc40, 0xfc40, 0xfc40, 0xfc40, 0xfc40, 0xfc40, 0xfc40, 0xfc40, 0xfc40,
    0xfc40, 0xfc40, 0xfc40, 0xfc40, 0xfc40, 0xfc40, 0xfc40, 0xfce5, 0xff5a, 0xffdf, 0xb596, 0x39c7,
    0x0000, 0x0000, 0x0000, 0x0000, 0x0000, 0x0000, 0x0000, 0x0000, 0x0000, 0x0000, 0x0000, 0x4228,
    0xce59, 0xffff, 0xfeb5, 0xfc61, 0xfc40, 0xfc40, 0xfc40, 0xfc40, 0xfc40, 0xfc40, 0xfc40, 0xfc40,
    0xfc61, 0xfd06, 0xfdab, 0xfdcc, 0xfd69, 0xfca3, 0xfc40, 0xfc40, 0xfc40, 0xfc40, 0xfc40, 0xfc40,
    0xfc40, 0xfc40, 0xfc40, 0xfd8a, 0xffde, 0xef5d, 0x7bcf, 0x0000, 0x0000, 0x0000, 0x0000, 0x0000,
    0x0000, 0x0000, 0x0000, 0x0000, 0x0000, 0x0000, 0x8410, 0xf79e, 0xff9c, 0xfd27, 0xfc40, 0xfc40,
    0xfc40, 0xfc40, 0xfc40, 0xfc40, 0xfc40, 0xfcc4, 0xfe93, 0xffde, 0xffff, 0xffff, 0xffff, 0xffff,
    0xffff, 0xff7a, 0xfd8b, 0xfc40, 0xfc40, 0xfc40, 0xfc40, 0xfc40, 0xfc40, 0xfc40, 0xfc61, 0xfeb5,
    0xffff, 0xbdd7, 0x3186, 0x0000, 0x0000, 0x0000, 0x0000, 0x0000, 0x0000, 0x0000, 0x0000, 0x0000,
    0x3186, 0xb5b6, 0xffff, 0xfe94, 0xfc61, 0xfc40, 0xfc40, 0xfc40, 0xfc40, 0xfc40, 0xfc40, 0xfd8b,
    0xffbd, 0xffff, 0xffff, 0xe73c, 0xce79, 0xce59, 0xdedb, 0xf7be, 0xffff, 0xffff, 0xfeb5, 0xfc82,
    0xfc40, 0xfc40, 0xfc40, 0xfc40, 0xfc40, 0xfc40, 0xfd8a, 0xffde, 0xdefb, 0x5aeb, 0x0000, 0x0000,
    0x0000, 0x0000, 0x0000, 0x0000, 0x0000, 0x0000, 0x0000, 0x528a, 0xd6ba, 0xffde, 0xfdab, 0xfc40,
    0xfc40, 0xfc40, 0xfc40, 0xfc40, 0xfc40, 0xfd48, 0xffbd, 0xffff, 0xce79, 0x6b6d, 0x0000, 0x0000,
    0x0000, 0x0000, 0x39e7, 0xa514, 0xf79e, 0xffff, 0xfe73, 0xfc61, 0xfc40, 0xfc40, 0xfc40, 0xfc40,
    0xfc40, 0xfcc4, 0xff7a, 0xf79e, 0x8410, 0x0000, 0x0000, 0x0000, 0x0000, 0x0000, 0x0000, 0x0000,
    0x0000, 0x0000, 0x6b4d, 0xe73c, 0xffbc, 0xfd07, 0xfc40, 0xfc40, 0xfc40, 0xfc40, 0xfc40, 0xfc61,
    0xfed5, 0xffff, 0xc638, 0x4228, 0x0000, 0x0000, 0x0000, 0x0000, 0x0000, 0x0000, 0x0000, 0x8c51,
    0xf79e, 0xffbd, 0xfd28, 0xfc40, 0xfc40, 0xfc40, 0xfc40, 0xfc40, 0xfc61, 0xfed5, 0xffdf, 0x9cf3,
    0x0000, 0x0000, 0x0000, 0x0000, 0x0000, 0x0000, 0x0000, 0x0000, 0x0000, 0x73ae, 0xef7d, 0xff7b,
    0xfcc4, 0xfc40, 0xfc40, 0xfc40, 0xfc40, 0xfc40, 0xfce5, 0xff9b, 0xef7d, 0x7bcf, 0x0000, 0x0000,
    0x0000, 0x0000, 0x0000, 0x0000, 0x0000, 0x0000, 0x4208, 0xc638, 0xffff, 0xfe0f, 0xfc40, 0xfc40,
    0xfc40, 0xfc40, 0xfc40, 0xfc40, 0xfe51, 0xffff, 0xb596, 0x2945, 0x0000, 0x0000, 0x0000, 0x0000,
    0x0000, 0x0000, 0x0000, 0x0000, 0x7bcf, 0xef7d, 0xff5a, 0xfcc4, 0xfc40, 0xfc40, 0xfc40, 0xfc40,
    0xfc40, 0xfd28, 0xffbd, 0xdefb, 0x5acb, 0x0000, 0x0000, 0x0000, 0x0000, 0x0000, 0x0000, 0x0000,
    0x0000, 0x0000, 0xa534, 0xffdf, 0xfe93, 0xfc61, 0xfc40, 0xfc40, 0xfc40, 0xfc40, 0xfc40, 0xfe30,
    0xffdf, 0xbdd7, 0x39c7, 0x0000, 0x0000, 0x0000, 0x0000, 0x0000, 0x0000, 0x0000, 0x0000, 0x738e,
    0xef5d, 0xff7b, 0xfcc5, 0xfc40, 0xfc40, 0xfc40, 0xfc40, 0xfc40, 0xfd28, 0xffbd, 0xdefb, 0x5acb,
    0x0000, 0x0000, 0x0000, 0x0000, 0x0000, 0x0000, 0x0000, 0x0000, 0x0000, 0xa514, 0xffdf, 0xfe93,
    0xfc61, 0xfc40, 0xfc40, 0xfc40, 0xfc40, 0xfc40, 0xfe30, 0xffdf, 0xbdd7, 0x39c7, 0x0000, 0x0000,
    0x0000, 0x0000, 0x0000, 0x0000, 0x0000, 0x0000, 0x632c, 0xe73c, 0xff9c, 0xfce6, 0xfc40, 0xfc40,
    0xfc40, 0xfc40, 0xfc40, 0xfce5, 0xff9b, 0xef7d, 0x7bcf, 0x0000, 0x0000, 0x0000, 0x0000, 0x0000,
    0x0000, 0x0000, 0x0000, 0x39e7, 0xbdf7, 0xffff, 0xfe30, 0xfc40, 0xfc40, 0xfc40, 0xfc40, 0xfc40,
    0xfc40, 0xfe51, 0xffff, 0xb596, 0x3186, 0x0000, 0x0000, 0x0000, 0x0000, 0x0000, 0x0000, 0x0000,
    0x0000, 0x52aa, 0xdedb, 0xffde, 0xfd8a, 0xfc40, 0xfc40, 0xfc40, 0xfc40, 0xfc40, 0xfc61, 0xfed5,
    0xffff, 0xbdf7, 0x4208, 0x0000, 0x0000, 0x0000, 0x0000, 0x0000, 0x0000, 0x0000, 0x7bef, 0xef7d,
    0xffbd, 0xfd49, 0xfc40, 0xfc40, 0xfc40, 0xfc40, 0xfc40, 0xfc61, 0xfed5, 0xffdf, 0x9cf3, 0x0000,
    0x0000, 0x0000, 0x0000, 0x0000, 0x0000, 0x0000, 0x0000, 0x0000, 0x39c7, 0xbdf7, 0xffff, 0xfe31,
    0xfc40, 0xfc40, 0xfc40, 0xfc40, 0xfc40, 0xfc40, 0xfd49, 0xffbd, 0xffdf, 0xbdd7, 0x4a49, 0x0000,
    0x0000, 0x0000, 0x0000, 0x0000, 0x8410, 0xe73c, 0xffff, 0xfeb5, 0xfc61, 0xfc40, 0xfc40, 0xfc40,
    0xfc40, 0xfc40, 0xfcc5, 0xff7b, 0xef7d, 0x7bef, 0x0000, 0x0000, 0x0000, 0x0000, 0x0000, 0x0000,
    0x0000, 0x0000, 0x0000, 0x0000, 0x94b2, 0xf7be, 0xff5a, 0xfcc4, 0xfc40, 0xfc40, 0xfc40, 0xfc40,
    0xfc40, 0xfc40, 0xfdcd, 0xffde, 0xffff, 0xf79e, 0xce59, 0xa514, 0x9cd3, 0xb5b6, 0xdefb, 0xffff,
    0xffff, 0xff18, 0xfca4, 0xfc40, 0xfc40, 0xfc40, 0xfc40, 0xfc40, 0xfc40, 0xfdee, 0xffff, 0xd6ba,
    0x528a, 0x0000, 0x0000, 0x0000, 0x0000, 0x0000, 0x0000, 0x0000, 0x0000, 0x0000, 0x0000, 0x5aeb,
    0xdedb, 0xffde, 0xfdee, 0xfc40, 0xfc40, 0xfc40, 0xfc40, 0xfc40, 0xfc40, 0xfc40, 0xfd48, 0xff59,
    0xffff, 0xffff, 0xffff, 0xffff, 0xffff, 0xffff, 0xffde, 0xfe51, 0xfc82, 0xfc40, 0xfc40, 0xfc40,
    0xfc40, 0xfc40, 0xfc40, 0xfcc4, 0xff5a, 0xffdf, 0xa514, 0x2945, 0x0000, 0x0000, 0x0000, 0x0000,
    0x0000, 0x0000, 0x0000, 0x0000, 0x0000, 0x0000, 0x2945, 0x9cf3, 0xffdf, 0xff9c, 0xfd28, 0xfc40,
    0xfc40, 0xfc40, 0xfc40, 0xfc40, 0xfc40, 0xfc40, 0xfc40, 0xfd06, 0xfdee, 0xfeb4, 0xfed5, 0xfe30,
    0xfd6a, 0xfc82, 0xfc40, 0xfc40, 0xfc40, 0xfc40, 0xfc40, 0xfc40, 0xfc40, 0xfc61, 0xfe93, 0xffff,
    0xdedb, 0x5aeb, 0x0000, 0x0000, 0x0000, 0x0000, 0x0000, 0x0000, 0x0000, 0x0000, 0x0000, 0x0000,
    0x0000, 0x0000, 0x4228, 0xc638, 0xffff, 0xff7b, 0xfd28, 0xfc40, 0xfc40, 0xfc40, 0xfc40, 0xfc40,
    0xfc40, 0xfc40, 0xfc40, 0xfc40, 0xfc40, 0xfc40, 0xfc40, 0xfc40, 0xfc40, 0xfc40, 0xfc40, 0xfc40,
    0xfc40, 0xfc40, 0xfc40, 0xfc61, 0xfe51, 0xffff, 0xef7d, 0x8430, 0x0000, 0x0000, 0x0000, 0x0000,
    0x0000, 0x0000, 0x0000, 0x0000, 0x0000, 0x0000, 0x0000, 0x0000, 0x0000, 0x0000, 0x630c, 0xd6ba,
    0xffff, 0xffbd, 0xfd8b, 0xfc40, 0xfc40, 0xfc40, 0xfc40, 0xfc40, 0xfc40, 0xfc40, 0xfc40, 0xfc40,
    0xfc40, 0xfc40, 0xfc40, 0xfc40, 0xfc40, 0xfc40, 0xfc40, 0xfc40, 0xfc40, 0xfca3, 0xfeb4, 0xffff,
    0xf7be, 0x9cd3, 0x2945, 0x0000, 0x0000, 0x0000, 0x0000, 0x0000, 0x0000, 0x0000, 0x0000, 0x0000,
    0x0000, 0x0000, 0x0000, 0x0000, 0x0000, 0x4a69, 0xbdf7, 0xffdf, 0xffff, 0xff39, 0xfd06, 0xfc40,
    0xfc40, 0xfc40, 0xfc40, 0xfc40, 0xfc40, 0xfc40, 0xfc40, 0xfc40, 0xfc40, 0xfc40, 0xfc40, 0xfc40,
    0xfc40, 0xfc40, 0xfc40, 0xfc61, 0xfe30, 0xffde, 0xffff, 0xe73c, 0x7bef, 0x0000, 0x0000, 0x0000,
    0x0000, 0x0000, 0x0000, 0x0000, 0x0000, 0x0000, 0x0000, 0x0000, 0x0000, 0x0000, 0x0000, 0x52aa,
    0xce79, 0xffff, 0xffde, 0xfe30, 0xfc61, 0xfc40, 0xfc40, 0xfc40, 0xfc40, 0xfc40, 0xfc40, 0xfc40,
    0xfc40, 0xfc40, 0xfc40, 0xfc40, 0xfc40, 0xfc40, 0xfc40, 0xfc40, 0xfc40, 0xfc40, 0xfc40, 0xfc40,
    0xfd06, 0xff39, 0xffff, 0xef7d, 0x8410, 0x0000, 0x0000, 0x0000, 0x0000, 0x0000, 0x0000, 0x0000,
    0x0000, 0x0000, 0x0000, 0x0000, 0x0000, 0x4a69, 0xce59, 0xffff, 0xff9c, 0xfd69, 0xfc40, 0xfc40,
    0xfc40, 0xfc40, 0xfc40, 0xfc40, 0xfc40, 0xfc40, 0xfc40, 0xfc40, 0xfc40, 0xfc40, 0xfc40, 0xfc40,
    0xfc40, 0xfc40, 0xfc40, 0xfc40, 0xfc40, 0xfc40, 0xfc40, 0xfc40, 0xfc82, 0xfed5, 0xffff, 0xe73c,
    0x738e, 0x0000, 0x0000, 0x0000, 0x0000, 0x0000, 0x0000, 0x0000, 0x0000, 0x0000, 0x0000, 0x3186,
    0xad75, 0xffdf, 0xff9c, 0xfd48, 0xfc40, 0xfc40, 0xfc40, 0xfc40, 0xfc40, 0xfc40, 0xfc40, 0xfc40,
    0xfc40, 0xfc40, 0xfca3, 0xfcc5, 0xfcc5, 0xfcc5, 0xfc61, 0xfc40, 0xfc40, 0xfc40, 0xfc40, 0xfc40,
    0xfc40, 0xfc40, 0xfc40, 0xfc40, 0xfca3, 0xfef7, 0xffff, 0xce79, 0x528a, 0x0000, 0x0000, 0x0000,
    0x0000, 0x0000, 0x0000, 0x0000, 0x0000, 0x0000, 0x7bef, 0xef7d, 0xffde, 0xfdac, 0xfc40, 0xfc40,
    0xfc40, 0xfc40, 0xfc40, 0xfc40, 0xfc40, 0xfc40, 0xfd27, 0xfeb4, 0xffde, 0xffff, 0xffff, 0xffff,
    0xffff, 0xffff, 0xff5a, 0xfded, 0xfc82, 0xfc40, 0xfc40, 0xfc40, 0xfc40, 0xfc40, 0xfc40, 0xfc40,
    0xfd06, 0xff7b, 0xffdf, 0xa514, 0x2945, 0x0000, 0x0000, 0x0000, 0x0000, 0x0000, 0x0000, 0x0000,
    0x4208, 0xc618, 0xffff, 0xfeb5, 0xfc61, 0xfc40, 0xfc40, 0xfc40, 0xfc40, 0xfc40, 0xfc40, 0xfca3,
    0xfeb5, 0xffff, 0xffff, 0xffff, 0xf7be, 0xef5d, 0xef5d, 0xef7d, 0xffdf, 0xffff, 0xffff, 0xff9b,
    0xfd8a, 0xfc40, 0xfc40, 0xfc40, 0xfc40, 0xfc40, 0xfc40, 0xfc40, 0xfded, 0xffde, 0xdedb, 0x5aeb,
    0x0000, 0x0000, 0x0000, 0x0000, 0x0000, 0x0000, 0x0000, 0x6b4d, 0xe73c, 0xffbd, 0xfd49, 0xfc40,
    0xfc40, 0xfc40, 0xfc40, 0xfc40, 0xfc40, 0xfcc4, 0xff38, 0xffff, 0xf7be, 0xbdf7, 0x632c, 0x0000,
    0x0000, 0x0000, 0x0000, 0x39c7, 0x94b2, 0xdefb, 0xffff, 0xffde, 0xfdcd, 0xfc40, 0xfc40, 0xfc40,
    0xfc40, 0xfc40, 0xfc40, 0xfcc4, 0xff5a, 0xf7be, 0x94b2, 0x0000, 0x0000, 0x0000, 0x0000, 0x0000,
    0x0000, 0x0000, 0x94b2, 0xf7be, 0xff38, 0xfca3, 0xfc40, 0xfc40, 0xfc40, 0xfc40, 0xfc40, 0xfc82,
    0xfed5, 0xffff, 0xe71c, 0x73ae, 0x0000, 0x0000, 0x0000, 0x0000, 0x0000, 0x0000, 0x0000, 0x0000,
    0x4208, 0xb596, 0xffdf, 0xffbd, 0xfd48, 0xfc40, 0xfc40, 0xfc40, 0xfc40, 0xfc40, 0xfc40, 0xfe51,
    0xffff, 0xbdf7, 0x39c7, 0x0000, 0x0000, 0x0000, 0x0000, 0x0000, 0x3186, 0xb596, 0xffff, 0xfe72,
    0xfc40, 0xfc40, 0xfc40, 0xfc40, 0xfc40, 0xfc40, 0xfd8b, 0xffde, 0xef5d, 0x73ae, 0x0000, 0x0000,
    0x0000, 0x0000, 0x0000, 0x0000, 0x0000, 0x0000, 0x0000, 0x0000, 0x4208, 0xc618, 0xffff, 0xfed5,
    0xfc61, 0xfc40, 0xfc40, 0xfc40, 0xfc40, 0xfc40, 0xfd8a, 0xffde, 0xdedb, 0x52aa, 0x0000, 0x0000,
    0x0000, 0x0000, 0x0000, 0x39e7, 0xc638, 0xffff, 0xfdee, 0xfc40, 0xfc40, 0xfc40, 0xfc40, 0xfc40,
    0xfc61, 0xfe93, 0xffff, 0xb596, 0x3186, 0x0000, 0x0000, 0x0000, 0x0000, 0x0000, 0x0000, 0x0000,
    0x0000, 0x0000, 0x0000, 0x0000, 0x7bcf, 0xef7d, 0xff9b, 0xfce5, 0xfc40, 0xfc40, 0xfc40, 0xfc40,
    0xfc40, 0xfce5, 0xff9b, 0xef5d, 0x6b6d, 0x0000, 0x0000, 0x0000, 0x0000, 0x0000, 0x4228, 0xce79,
    0xffde, 0xfdab, 0xfc40, 0xfc40, 0xfc40, 0xfc40, 0xfc40, 0xfc82, 0xff17, 0xf7be, 0x8c71, 0x0000,
    0x0000, 0x0000, 0x0000, 0x0000, 0x0000, 0x0000, 0x0000, 0x0000, 0x0000, 0x0000, 0x0000, 0x52aa,
    0xdefb, 0xffbd, 0xfd48, 0xfc40, 0xfc40, 0xfc40, 0xfc40, 0xfc40, 0xfcc4, 0xff5a, 0xef7d, 0x7bcf,
    0x0000, 0x0000, 0x0000, 0x0000, 0x0000, 0x4228, 0xce79, 0xffde, 0xfd8b, 0xfc40, 0xfc40, 0xfc40,
    0xfc40, 0xfc40, 0xfc83, 0xff38, 0xf79e, 0x8430, 0x0000, 0x0000, 0x0000, 0x0000, 0x0000, 0x0000,
    0x0000, 0x0000, 0x0000, 0x0000, 0x0000, 0x0000, 0x528a, 0xd6ba, 0xffde, 0xfd6a, 0xfc40, 0xfc40,
    0xfc40, 0xfc40, 0xfc40, 0xfca3, 0xff39, 0xf79e, 0x8410, 0x0000, 0x0000, 0x0000, 0x0000, 0x0000,
    0x4228, 0xce79, 0xffde, 0xfd8b, 0xfc40, 0xfc40, 0xfc40, 0xfc40, 0xfc40, 0xfc61, 0xfef6, 0xffdf,
    0x9cd3, 0x0000, 0x0000, 0x0000, 0x0000, 0x0000, 0x0000, 0x0000, 0x0000, 0x0000, 0x0000, 0x0000,
    0x0000, 0x5aeb, 0xe71c, 0xffbd, 0xfd27, 0xfc40, 0xfc40, 0xfc40, 0xfc40, 0xfc40, 0xfca4, 0xff5a,
    0xef7d, 0x7bcf, 0x0000, 0x0000, 0x0000, 0x0000, 0x0000, 0x39e7, 0xc638, 0xffff, 0xfdee, 0xfc40,
    0xfc40, 0xfc40, 0xfc40, 0xfc40, 0xfc40, 0xfe30, 0xffff, 0xce59, 0x4228, 0x0000, 0x0000, 0x0000,
    0x0000, 0x0000, 0x0000, 0x0000, 0x0000, 0x0000, 0x0000, 0x0000, 0x9492, 0xf7be, 0xff59, 0xfca3,
    0xfc40, 0xfc40, 0xfc40, 0xfc40, 0xfc40, 0xfce5, 0xff9b, 0xef5d, 0x738e, 0x0000, 0x0000, 0x0000,
    0x0000, 0x0000, 0x2945, 0xb596, 0xffff, 0xfe72, 0xfc40, 0xfc40, 0xfc40, 0xfc40, 0xfc40, 0xfc40,
    0xfd07, 0xff9c, 0xf7be, 0x9cf3, 0x2945, 0x0000, 0x0000, 0x0000, 0x0000, 0x0000, 0x0000, 0x0000,
    0x0000, 0x0000, 0x6b4d, 0xdefb, 0xffff, 0xfe51, 0xfc40, 0xfc40, 0xfc40, 0xfc40, 0xfc40, 0xfc40,
    0xfd49, 0xffde, 0xdefb, 0x5acb, 0x0000, 0x0000, 0x0000, 0x0000, 0x0000, 0x0000, 0x9492, 0xf7be,
    0xff38, 0xfca3, 0xfc40, 0xfc40, 0xfc40, 0xfc40, 0xfc40, 0xfc40, 0xfe0f, 0xffff, 0xf7be, 0xb596,
    0x4228, 0x0000, 0x0000, 0x0000, 0x0000, 0x0000, 0x0000, 0x0000, 0x7bcf, 0xdefb, 0xffff, 0xff39,
    0xfca4, 0xfc40, 0xfc40, 0xfc40, 0xfc40, 0xfc40, 0xfc40, 0xfe30, 0xffff, 0xc638, 0x4208, 0x0000,
    0x0000, 0x0000, 0x0000, 0x0000, 0x0000, 0x6b4d, 0xe73c, 0xffde, 0xfd69, 0xfc40, 0xfc40, 0xfc40,
    0xfc40, 0xfc40, 0xfc40, 0xfc61, 0xfe30, 0xffff, 0xffff, 0xef7d, 0xc618, 0x9cd3, 0x6b6d, 0x4228,
    0x8c51, 0xad55, 0xd6ba, 0xffdf, 0xffff, 0xff5a, 0xfce5, 0xfc40, 0xfc40, 0xfc40, 0xfc40, 0xfc40,
    0xfc40, 0xfca3, 0xff39, 0xffdf, 0x9cf3, 0x0000, 0x0000, 0x0000, 0x0000, 0x0000, 0x0000, 0x0000,
    0x39c7, 0xbdf7, 0xffff, 0xfeb5, 0xfc61, 0xfc40, 0xfc40, 0xfc40, 0xfc40, 0xfc40, 0xfc40, 0xfc40,
    0xfd6a, 0xff5a, 0xffff, 0xffff, 0xffff, 0xffff, 0xffff, 0xffff, 0xffff, 0xffff, 0xffde, 0xfe72,
    0xfc82, 0xfc40, 0xfc40, 0xfc40, 0xfc40, 0xfc40, 0xfc40, 0xfc40, 0xfdcd, 0xffde, 0xdefb, 0x630c,
    0x0000, 0x0000, 0x0000, 0x0000, 0x0000, 0x0000, 0x0000, 0x0000, 0x7bcf, 0xef5d, 0xffde, 0xfdab,
    0xfc40, 0xfc40, 0xfc40, 0xfc40, 0xfc40, 0xfc40, 0xfc40, 0xfc40, 0xfc40, 0xfd28, 0xfe30, 0xfed5,
    0xff9b, 0xffde, 0xff18, 0xfe94, 0xfdcc, 0xfca3, 0xfc40, 0xfc40, 0xfc40, 0xfc40, 0xfc40, 0xfc40,
    0xfc40, 0xfc40, 0xfcc5, 0xff5a, 0xffdf, 0xad55, 0x2945, 0x0000, 0x0000, 0x0000, 0x0000, 0x0000,
    0x0000, 0x0000, 0x0000, 0x39c7, 0xb596, 0xffdf, 0xff7b, 0xfd06, 0xfc40, 0xfc40, 0xfc40, 0xfc40,
    0xfc40, 0xfc40, 0xfc40, 0xfc40, 0xfc40, 0xfc40, 0xfc40, 0xfc40, 0xfc40, 0xfc40, 0xfc40, 0xfc40,
    0xfc40, 0xfc40, 0xfc40, 0xfc40, 0xfc40, 0xfc40, 0xfc40, 0xfc40, 0xfc82, 0xfed5, 0xffff, 0xd6ba,
    0x52aa, 0x0000, 0x0000, 0x0000, 0x0000, 0x0000, 0x0000, 0x0000, 0x0000, 0x0000, 0x0000, 0x52aa,
    0xd69a, 0xffff, 0xff5a, 0xfce5, 0xfc40, 0xfc40, 0xfc40, 0xfc40, 0xfc40, 0xfc40, 0xfc40, 0xfc40,
    0xfc40, 0xfc40, 0xfc40, 0xfc40, 0xfc40, 0xfc40, 0xfc40, 0xfc40, 0xfc40, 0xfc40, 0xfc40, 0xfc40,
    0xfc40, 0xfc40, 0xfc82, 0xfe94, 0xffff, 0xef5d, 0x7bef, 0x0000, 0x0000, 0x0000, 0x0000, 0x0000,
    0x0000, 0x0000, 0x0000, 0x0000, 0x0000, 0x0000, 0x0000, 0x632c, 0xdedb, 0xffff, 0xff7b, 0xfd69,
    0xfc40, 0xfc40, 0xfc40, 0xfc40, 0xfc40, 0xfc40, 0xfc40, 0xfc40, 0xfc40, 0xfc40, 0xfc40, 0xfc40,
    0xfc40, 0xfc40, 0xfc40, 0xfc40, 0xfc40, 0xfc40, 0xfc40, 0xfc40, 0xfcc5, 0xfef7, 0xffff, 0xef7d,
    0x8c71, 0x0000, 0x0000, 0x0000, 0x0000, 0x0000, 0x0000, 0x0000, 0x0000, 0x0000, 0x0000, 0x0000,
    0x0000, 0x0000, 0x0000, 0x632c, 0xd6ba, 0xffff, 0xffff, 0xfe72, 0xfc82, 0xfc40, 0xfc40, 0xfc40,
    0xfc40, 0xfc40, 0xfc40, 0xfc40, 0xfc40, 0xfc40, 0xfc40, 0xfc40, 0xfc40, 0xfc40, 0xfc40, 0xfc40,
    0xfc40, 0xfc40, 0xfdcd, 0xffbd, 0xffff, 0xef5d, 0x8c51, 0x0000, 0x0000, 0x0000, 0x0000, 0x0000,
    0x0000, 0x0000, 0x0000, 0x0000, 0x0000, 0x0000, 0x0000, 0x0000, 0x0000, 0x0000, 0x0000, 0x4228,
    0xb596, 0xf7be, 0xffff, 0xffbd, 0xfe51, 0xfcc4, 0xfc40, 0xfc40, 0xfc40, 0xfc40, 0xfc40, 0xfc40,
    0xfc40, 0xfc40, 0xfc40, 0xfc40, 0xfc40, 0xfc40, 0xfc82, 0xfdcd, 0xff7b, 0xffff, 0xffff, 0xce79,
    0x632c, 0x0000, 0x0000, 0x0000, 0x0000, 0x0000, 0x0000, 0x0000, 0x0000, 0x0000, 0x0000, 0x0000,
    0x0000, 0x0000, 0x0000, 0x0000, 0x0000, 0x0000, 0x0000, 0x0000, 0x8410, 0xdedb, 0xffff, 0xffff,
    0xffff, 0xff7b, 0xfe72, 0xfd6a, 0xfce5, 0xfcc5, 0xfc82, 0xfc61, 0xfcc5, 0xfce5, 0xfd28, 0xfe0f,
    0xff18, 0xffff, 0xffff, 0xffff, 0xef7d, 0xa514, 0x39e7, 0x0000, 0x0000, 0x0000, 0x0000, 0x0000,
    0x0000, 0x0000, 0x0000, 0x0000, 0x0000, 0x0000, 0x0000, 0x0000, 0x0000, 0x0000, 0x0000, 0x0000,
    0x0000, 0x0000, 0x0000, 0x0000, 0x0000, 0x7bef, 0xce79, 0xffdf, 0xffff, 0xffff, 0xffff, 0xffff,
    0xffff, 0xffff, 0xffff, 0xffff, 0xffff, 0xffff, 0xffff, 0xffff, 0xffff, 0xdefb, 0x94b2, 0x39e7,
    0x0000, 0x0000, 0x0000, 0x0000, 0x0000, 0x0000, 0x0000, 0x0000, 0x0000, 0x0000, 0x0000, 0x0000,
    0x0000, 0x0000, 0x0000, 0x0000, 0x0000, 0x0000, 0x0000, 0x0000, 0x0000, 0x0000, 0x0000, 0x0000,
    0x0000, 0x0000, 0x39c7, 0x8430, 0xbdd7, 0xdedb, 0xef5d, 0xef5d, 0xf7be, 0xf7be, 0xef5d, 0xef5d,
    0xe71c, 0xc618, 0x94b2, 0x4a69, 0x0000, 0x0000, 0x0000, 0x0000, 0x0000, 0x0000, 0x0000, 0x0000,
    0x0000, 0x0000, 0x0000, 0x0000, 0x0000, 0x0000, 0x0000, 0x0000, 0x0000, 0x0000, 0x0000, 0x0000,
    0x0000, 0x0000, 0x0000, 0x0000, 0x0000, 0x0000, 0x0000, 0x0000, 0x0000, 0x0000, 0x0000, 0x0000,
    0x0000, 0x0000, 0x0000, 0x0000, 0x0000, 0x0000, 0x0000, 0x0000, 0x0000, 0x0000, 0x0000, 0x0000,
    0x0000, 0x0000, 0x0000, 0x0000, 0x0000, 0x0000, 0x0000, 0x0000, 0x0000, 0x0000, 0x0000, 0x0000,
    0x0000, 0x0000, 0x0000, 0x0000, 0x0000, 0x0000, 0x0000, 0x0000, 0x0000, 0x0000, 0x0000, 0x0000,
    0x0000, 0x0000, 0x0000, 0x0000, 0x0000, 0x0000, 0x0000, 0x0000, 0x0000, 0x0000, 0x0000, 0x0000,
    0x0000, 0x0000, 0x0000, 0x0000, 0x0000, 0x0000, 0x0000, 0x0000, 0x0000, 0x0000, 0x0000, 0x0000,
    0x0000, 0x0000, 0x0000, 0x0000, 0x0000, 0x0000, 0x0000, 0x0000, 0x0000, 0x0000, 0x0000, 0x0000,
    0x0000, 0x0000, 0x0000, 0x0000, 0x0000, 0x0000, 0x0000, 0x0000, 0x0000, 0x0000, 0x0000, 0x0000,
    0x0000, 0x0000, 0x0000, 0x0000, 0x0000, 0x0000, 0x0000, 0x0000, 0x0000, 0x0000, 0x0000, 0x0000,
    0x0000, 0x0000, 0x0000, 0x0000, 0x0000, 0x0000, 0x0000, 0x0000, 0x0000, 0x0000, 0x0000, 0x0000,
    0x0000, 0x0000, 0x0000, 0x0000, 0x0000, 0x0000, 0x0000, 0x0000, 0x0000, 0x0000, 0x0000, 0x0000,
    0x0000, 0x0000, 0x0000, 0x0000, 0x0000, 0x0000, 0x0000, 0x0000, 0x0000, 0x0000, 0x0000, 0x0000,
    0x0000, 0x0000, 0x0000, 0x0000, 0x0000, 0x0000, 0x0000, 0x0000, 0x0000, 0x0000, 0x0000, 0x0000,
    0x0000, 0x0000, 0x0000, 0x0000, 0x0000, 0x0000, 0x0000, 0x0000, 0x0000, 0x0000, 0x0000, 0x0000,
    0x0000, 0x0000, 0x0000, 0x0000, 0x0000, 0x0000, 0x0000, 0x0000, 0x0000, 0x0000, 0x0000, 0x0000,
    0x0000, 0x0000, 0x0000, 0x0000, 0x0000, 0x0000, 0x0000, 0x0000, 0x0000, 0x0000, 0x0000, 0x0000,
    0x0000, 0x0000, 0x0000, 0x0000, 0x0000, 0x0000, 0x0000, 0x0000, 0x0000, 0x0000, 0x0000, 0x0000,
    0x0000, 0x0000, 0x0000, 0x0000, 0x0000, 0x0000, 0x0000, 0x0000, 0x0000, 0x0000, 0x0000, 0x0000,
    0x0000, 0x0000, 0x0000, 0x0000, 0x0000, 0x0000, 0x0000, 0x0000, 0x0000, 0x0000, 0x0000, 0x0000,
    0x0000, 0x0000, 0x0000, 0x0000, 0x0000, 0x0000, 0x0000, 0x0000, 0x0000, 0x0000, 0x0000, 0x0000,
    0x0000, 0x0000, 0x0000, 0x0000, 0x0000, 0x0000, 0x0000, 0x0000, 0x0000, 0x0000, 0x0000, 0x0000,
    0x0000, 0x0000, 0x0000, 0x0000, 0x0000, 0x0000, 0x0000, 0x0000, 0x0000, 0x0000, 0x0000, 0x0000,
    0x0000, 0x0000, 0x0000, 0x0000, 0x0000, 0x0000, 0x0000, 0x0000, 0x0000, 0x0000, 0x0000, 0x0000,
    0x0000, 0x0000, 0x0000, 0x0000, 0x0000, 0x0000, 0x0000, 0x0000, 0x0000, 0x0000, 0x0000, 0x0000,
    0x0000, 0x0000, 0x0000, 0x0000, 0x0000, 0x0000, 0x0000, 0x0000, 0x0000, 0x0000, 0x0000, 0x0000,
    0x0000, 0x0000, 0x0000, 0x0000, 0x0000, 0x0000, 0x0000, 0x0000, 0x0000, 0x0000, 0x0000, 0x0000,
    0x0000, 0x0000, 0x0000, 0x0000, 0x0000, 0x0000, 0x0000, 0x0000, 0x0000, 0x0000, 0x0000, 0x0000,
    0x0000, 0x0000, 0x0000, 0x0000, 0x0000, 0x0000, 0x0000, 0x0000, 0x0000, 0x0000, 0x0000, 0x0000,
    0x0000, 0x0000, 0x0000, 0x0000, 0x0000, 0x0000, 0x0000, 0x0000, 0x0000, 0x0000, 0x0000, 0x0000,
    0x0000, 0x0000, 0x0000, 0x0000, 0x0000, 0x0000, 0x0000, 0x0000, 0x0000, 0x0000, 0x0000, 0x0000,
    0x0000, 0x0000, 0x0000, 0x0000, 0x0000, 0x0000, 0x0000, 0x0000, 0x0000, 0x0000, 0x0000, 0x0000,
    0x0000, 0x0000, 0x0000, 0x0000, 0x0000, 0x0000, 0x0000, 0x0000, 0x0000, 0x0000, 0x0000, 0x0000,
    0x0000, 0x0000, 0x0000, 0x0000, 0x0000, 0x0000, 0x0000, 0x0000, 0x0000, 0x0000, 0x0000, 0x0000,
    0x0000, 0x0000, 0x0000, 0x0000, 0x0000, 0x0000, 0x0000, 0x0000, 0x0000, 0x0000, 0x0000, 0x0000,
    0x0000, 0x0000, 0x0000, 0x0000, 0x0000, 0x0000, 0x0000, 0x0000, 0x0000, 0x0000, 0x0000, 0x0000,
    0x0000, 0x0000, 0x0000, 0x0000, 0x0000, 0x0000, 0x0000, 0x0000, 0x0000, 0x0000, 0x0000, 0x0000,
    0x0000, 0x0000, 0x0000, 0x0000, 0x0000, 0x0000, 0x0000, 0x0000, 0x0000, 0x0000, 0x0000, 0x0000,
    0x0000, 0x0000, 0x0000, 0x0000, 0x0000, 0x0000, 0x0000, 0x0000, 0x0000, 0x0000, 0x0000, 0x0000,
    0x0000, 0x0000, 0x0000, 0x0000, 0x0000, 0x0000, 0x0000, 0x0000, 0x0000, 0x0000, 0x0000};

static const uint16_t image_data_sfc_43x65_f65_9[2795] = {
    0x0000, 0x0000, 0x0000, 0x0000, 0x0000, 0x0000, 0x0000, 0x0000, 0x0000, 0x0000, 0x0000, 0x0000,
    0x0000, 0x0000, 0x0000, 0x0000, 0x0000, 0x0000, 0x0000, 0x0000, 0x0000, 0x0000, 0x0000, 0x0000,
    0x0000, 0x0000, 0x0000, 0x0000, 0x0000, 0x0000, 0x0000, 0x0000, 0x0000, 0x0000, 0x0000, 0x0000,
    0x0000, 0x0000, 0x0000, 0x0000, 0x0000, 0x0000, 0x0000, 0x0000, 0x0000, 0x0000, 0x0000, 0x0000,
    0x0000, 0x0000, 0x0000, 0x0000, 0x0000, 0x0000, 0x0000, 0x0000, 0x0000, 0x0000, 0x0000, 0x0000,
    0x0000, 0x0000, 0x0000, 0x0000, 0x0000, 0x0000, 0x0000, 0x0000, 0x0000, 0x0000, 0x0000, 0x0000,
    0x0000, 0x0000, 0x0000, 0x0000, 0x0000, 0x0000, 0x0000, 0x0000, 0x0000, 0x0000, 0x0000, 0x0000,
    0x0000, 0x0000, 0x0000, 0x0000, 0x0000, 0x0000, 0x0000, 0x0000, 0x0000, 0x0000, 0x0000, 0x0000,
    0x0000, 0x0000, 0x0000, 0x0000, 0x0000, 0x0000, 0x0000, 0x0000, 0x0000, 0x0000, 0x0000, 0x0000,
    0x0000, 0x0000, 0x0000, 0x0000, 0x0000, 0x0000, 0x0000, 0x0000, 0x0000, 0x0000, 0x0000, 0x0000,
    0x0000, 0x0000, 0x0000, 0x0000, 0x0000, 0x0000, 0x0000, 0x0000, 0x0000, 0x0000, 0x0000, 0x0000,
    0x0000, 0x0000, 0x0000, 0x0000, 0x0000, 0x0000, 0x0000, 0x0000, 0x0000, 0x0000, 0x0000, 0x0000,
    0x0000, 0x0000, 0x738e, 0x94b2, 0xad55, 0xc638, 0xce59, 0xc638, 0xb5b6, 0x9cd3, 0x7bcf, 0x2945,
    0x0000, 0x0000, 0x0000, 0x0000, 0x0000, 0x0000, 0x0000, 0x0000, 0x0000, 0x0000, 0x0000, 0x0000,
    0x0000, 0x0000, 0x0000, 0x0000, 0x0000, 0x0000, 0x0000, 0x0000, 0x0000, 0x0000, 0x0000, 0x0000,
    0x0000, 0x0000, 0x0000, 0x0000, 0x0000, 0x2945, 0x8c51, 0xce79, 0xf79e, 0xffff, 0xffff, 0xffff,
    0xffff, 0xffff, 0xffff, 0xffff, 0xffff, 0xffff, 0xffdf, 0xdedb, 0x9cf3, 0x4228, 0x0000, 0x0000,
    0x0000, 0x0000, 0x0000, 0x0000, 0x0000, 0x0000, 0x0000, 0x0000, 0x0000, 0x0000, 0x0000, 0x0000,
    0x0000, 0x0000, 0x0000, 0x0000, 0x0000, 0x0000, 0x0000, 0x0000, 0x0000, 0x0000, 0x2945, 0x8c51,
    0xdefb, 0xffff, 0xffff, 0xffff, 0xffbd, 0xfef6, 0xfe73, 0xfdcd, 0xfdcd, 0xfdcd, 0xfe51, 0xfef6,
    0xffbd, 0xffff, 0xffff, 0xffff, 0xf79e, 0xb596, 0x528a, 0x0000, 0x0000, 0x0000, 0x0000, 0x0000,
    0x0000, 0x0000, 0x0000, 0x0000, 0x0000, 0x0000, 0x0000, 0x0000, 0x0000, 0x0000, 0x0000, 0x0000,
    0x0000, 0x0000, 0x0000, 0x0000, 0x52aa, 0xc638, 0xffff, 0xffff, 0xffbd, 0xfe30, 0xfce5, 0xfc40,
    0xfc40, 0xfc40, 0xfc40, 0xfc40, 0xfc40, 0xfc40, 0xfc40, 0xfc40, 0xfcc4, 0xfe0e, 0xff7b, 0xffff,
    0xffff, 0xe73c, 0x8c51, 0x0000, 0x0000, 0x0000, 0x0000, 0x0000, 0x0000, 0x0000, 0x0000, 0x0000,
    0x0000, 0x0000, 0x0000, 0x0000, 0x0000, 0x0000, 0x0000, 0x0000, 0x0000, 0x0000, 0x738e, 0xdedb,
    0xffff, 0xffde, 0xfe30, 0xfc82, 0xfc40, 0xfc40, 0xfc40, 0xfc40, 0xfc40, 0xfc40, 0xfc40, 0xfc40,
    0xfc40, 0xfc40, 0xfc40, 0xfc40, 0xfc40, 0xfc40, 0xfdac, 0xff9c, 0xffff, 0xf7be, 0xa514, 0x3186,
    0x0000, 0x0000, 0x0000, 0x0000, 0x0000, 0x0000, 0x0000, 0x0000, 0x0000, 0x0000, 0x0000, 0x0000,
    0x0000, 0x0000, 0x0000, 0x0000, 0x7bef, 0xef5d, 0xffff, 0xff7a, 0xfd27, 0xfc40, 0xfc40, 0xfc40,
    0xfc40, 0xfc40, 0xfc40, 0xfc40, 0xfc40, 0xfc40, 0xfc40, 0xfc40, 0xfc40, 0xfc40, 0xfc40, 0xfc40,
    0xfc40, 0xfc40, 0xfca3, 0xfed5, 0xffff, 0xf7be, 0xa514, 0x2945, 0x0000, 0x0000, 0x0000, 0x0000,
    0x0000, 0x0000, 0x0000, 0x0000, 0x0000, 0x0000, 0x0000, 0x0000, 0x0000, 0x0000, 0x738e, 0xe73c,
    0xffff, 0xfef6, 0xfca3, 0xfc40, 0xfc40, 0xfc40, 0xfc40, 0xfc40, 0xfc40, 0xfc40, 0xfc40, 0xfc40,
    0xfc40, 0xfc40, 0xfc40, 0xfc40, 0xfc40, 0xfc40, 0xfc40, 0xfc40, 0xfc40, 0xfc40, 0xfc62, 0xfe93,
    0xffff, 0xf79e, 0x8c71, 0x0000, 0x0000, 0x0000, 0x0000, 0x0000, 0x0000, 0x0000, 0x0000, 0x0000,
    0x0000, 0x0000, 0x0000, 0x0000, 0x528a, 0xd69a, 0xffff, 0xfef7, 0xfca3, 0xfc40, 0xfc40, 0xfc40,
    0xfc40, 0xfc40, 0xfc40, 0xfc40, 0xfc40, 0xfc40, 0xfc40, 0xfc40, 0xfc40, 0xfc40, 0xfc40, 0xfc40,
    0xfc40, 0xfc40, 0xfc40, 0xfc40, 0xfc40, 0xfc40, 0xfc82, 0xfed5, 0xffff, 0xdefb, 0x632c, 0x0000,
    0x0000, 0x0000, 0x0000, 0x0000, 0x0000, 0x0000, 0x0000, 0x0000, 0x0000, 0x0000, 0x2945, 0xa534,
    0xffdf, 0xff7b, 0xfce5, 0xfc40, 0xfc40, 0xfc40, 0xfc40, 0xfc40, 0xfc40, 0xfc40, 0xfc40, 0xfc40,
    0xfc61, 0xfce5, 0xfd49, 0xfd28, 0xfcc4, 0xfc40, 0xfc40, 0xfc40, 0xfc40, 0xfc40, 0xfc40, 0xfc40,
    0xfc40, 0xfc40, 0xfcc5, 0xff5a, 0xffff, 0xbdd7, 0x39c7, 0x0000, 0x0000, 0x0000, 0x0000, 0x0000,
    0x0000, 0x0000, 0x0000, 0x0000, 0x0000, 0x632c, 0xe71c, 0xffde, 0xfdcd, 0xfc40, 0xfc40, 0xfc40,
    0xfc40, 0xfc40, 0xfc40, 0xfc40, 0xfc40, 0xfd48, 0xff17, 0xffff, 0xffff, 0xffff, 0xffff, 0xffff,
    0xffde, 0xfe72, 0xfca4, 0xfc40, 0xfc40, 0xfc40, 0xfc40, 0xfc40, 0xfc40, 0xfc40, 0xfdac, 0xffde,
    0xef5d, 0x73ae, 0x0000, 0x0000, 0x0000, 0x0000, 0x0000, 0x0000, 0x0000, 0x0000, 0x0000, 0x2945,
    0xad55, 0xffdf, 0xff17, 0xfc82, 0xfc40, 0xfc40, 0xfc40, 0xfc40, 0xfc40, 0xfc40, 0xfca3, 0xfeb4,
    0xffff, 0xffff, 0xffff, 0xef7d, 0xdedb, 0xdefb, 0xef7d, 0xffff, 0xffff, 0xffbd, 0xfd8b, 0xfc40,
    0xfc40, 0xfc40, 0xfc40, 0xfc40, 0xfc40, 0xfc82, 0xff17, 0xffff, 0xb5b6, 0x3186, 0x0000, 0x0000,
    0x0000, 0x0000, 0x0000, 0x0000, 0x0000, 0x0000, 0x528a, 0xd6ba, 0xffde, 0xfdcd, 0xfc40, 0xfc40,
    0xfc40, 0xfc40, 0xfc40, 0xfc40, 0xfca3, 0xfef7, 0xffff, 0xf7be, 0xb5b6, 0x528a, 0x0000, 0x0000,
    0x0000, 0x0000, 0x73ae, 0xd69a, 0xffff, 0xffde, 0xfd8a, 0xfc40, 0xfc40, 0xfc40, 0xfc40, 0xfc40,
    0xfc40, 0xfdac, 0xffde, 0xe71c, 0x630c, 0x0000, 0x0000, 0x0000, 0x0000, 0x0000, 0x0000, 0x0000,
    0x0000, 0x8410, 0xf79e, 0xff7b, 0xfcc5, 0xfc40, 0xfc40, 0xfc40, 0xfc40, 0xfc40, 0xfc61, 0xfe72,
    0xffff, 0xe73c, 0x7bef, 0x0000, 0x0000, 0x0000, 0x0000, 0x0000, 0x0000, 0x0000, 0x4208, 0xbdd7,
    0xffff, 0xff7b, 0xfce6, 0xfc40, 0xfc40, 0xfc40, 0xfc40, 0xfc40, 0xfca4, 0xff5a, 0xf7be, 0x9492,
    0x0000, 0x0000, 0x0000, 0x0000, 0x0000, 0x0000, 0x0000, 0x2945, 0xa534, 0xffdf, 0xfed5, 0xfc61,
    0xfc40, 0xfc40, 0xfc40, 0xfc40, 0xfc40, 0xfd48, 0xffbd, 0xf79e, 0x8430, 0x0000, 0x0000, 0x0000,
    0x0000, 0x0000, 0x0000, 0x0000, 0x0000, 0x0000, 0x528a, 0xd69a, 0xffff, 0xfe51, 0xfc40, 0xfc40,
    0xfc40, 0xfc40, 0xfc40, 0xfc40, 0xfe72, 0xffff, 0xbdf7, 0x39c7, 0x0000, 0x0000, 0x0000, 0x0000,
    0x0000, 0x0000, 0x39e7, 0xc618, 0xffff, 0xfe0f, 0xfc40, 0xfc40, 0xfc40, 0xfc40, 0xfc40, 0xfc40,
    0xfe31, 0xffff, 0xc618, 0x4208, 0x0000, 0x0000, 0x0000, 0x0000, 0x0000, 0x0000, 0x0000, 0x0000,
    0x0000, 0x0000, 0x9492, 0xf7be, 0xff39, 0xfca3, 0xfc40, 0xfc40, 0xfc40, 0xfc40, 0xfc40, 0xfd8b,
    0xffde, 0xdedb, 0x52aa, 0x0000, 0x0000, 0x0000, 0x0000, 0x0000, 0x0000, 0x4a49, 0xd69a, 0xffde,
    0xfd8b, 0xfc40, 0xfc40, 0xfc40, 0xfc40, 0xfc40, 0xfc82, 0xfef7, 0xffdf, 0x9cd3, 0x0000, 0x0000,
    0x0000, 0x0000, 0x0000, 0x0000, 0x0000, 0x0000, 0x0000, 0x0000, 0x0000, 0x632c, 0xe73c, 0xffbd,
    0xfd27, 0xfc40, 0xfc40, 0xfc40, 0xfc40, 0xfc40, 0xfce6, 0xff9c, 0xef7d, 0x73ae, 0x0000, 0x0000,
    0x0000, 0x0000, 0x0000, 0x0000, 0x52aa, 0xdedb, 0xffbd, 0xfd48, 0xfc40, 0xfc40, 0xfc40, 0xfc40,
    0xfc40, 0xfca3, 0xff59, 0xf79e, 0x8410, 0x0000, 0x0000, 0x0000, 0x0000, 0x0000, 0x0000, 0x0000,
    0x0000, 0x0000, 0x0000, 0x0000, 0x528a, 0xd6ba, 0xffde, 0xfd6a, 0xfc40, 0xfc40, 0xfc40, 0xfc40,
    0xfc40, 0xfc82, 0xff18, 0xf7be, 0x8c71, 0x0000, 0x0000, 0x0000, 0x0000, 0x0000, 0x0000, 0x52aa,
    0xdefb, 0xffbd, 0xfd48, 0xfc40, 0xfc40, 0xfc40, 0xfc40, 0xfc40, 0xfcc4, 0xff7b, 0xef7d, 0x73ae,
    0x0000, 0x0000, 0x0000, 0x0000, 0x0000, 0x0000, 0x0000, 0x0000, 0x0000, 0x0000, 0x0000, 0x4228,
    0xce79, 0xffde, 0xfdab, 0xfc40, 0xfc40, 0xfc40, 0xfc40, 0xfc40, 0xfc61, 0xfeb4, 0xffdf, 0xa534,
    0x2945, 0x0000, 0x0000, 0x0000, 0x0000, 0x0000, 0x52aa, 0xdefb, 0xffbd, 0xfd48, 0xfc40, 0xfc40,
    0xfc40, 0xfc40, 0xfc40, 0xfcc4, 0xff5a, 0xef7d, 0x7bcf, 0x0000, 0x0000, 0x0000, 0x0000, 0x0000,
    0x0000, 0x0000, 0x0000, 0x0000, 0x0000, 0x0000, 0x4a49, 0xd69a, 0xffde, 0xfd8a, 0xfc40, 0xfc40,
    0xfc40, 0xfc40, 0xfc40, 0xfc40, 0xfe31, 0xffff, 0xbdd7, 0x39c7, 0x0000, 0x0000, 0x0000, 0x0000,
    0x0000, 0x52aa, 0xdedb, 0xffde, 0xfd49, 0xfc40, 0xfc40, 0xfc40, 0xfc40, 0xfc40, 0xfca3, 0xff39,
    0xf79e, 0x8430, 0x0000, 0x0000, 0x0000, 0x0000, 0x0000, 0x0000, 0x0000, 0x0000, 0x0000, 0x0000,
    0x0000, 0x5aeb, 0xdefb, 0xffbd, 0xfd48, 0xfc40, 0xfc40, 0xfc40, 0xfc40, 0xfc40, 0xfc40, 0xfdcd,
    0xffff, 0xc638, 0x39e7, 0x0000, 0x0000, 0x0000, 0x0000, 0x0000, 0x4228, 0xce79, 0xffde, 0xfdac,
    0xfc40, 0xfc40, 0xfc40, 0xfc40, 0xfc40, 0xfc61, 0xfed5, 0xffdf, 0xa534, 0x2945, 0x0000, 0x0000,
    0x0000, 0x0000, 0x0000, 0x0000, 0x0000, 0x0000, 0x0000, 0x0000, 0x8410, 0xf79e, 0xff7a, 0xfcc4,
    0xfc40, 0xfc40, 0xfc40, 0xfc40, 0xfc40, 0xfc40, 0xfd8b, 0xffde, 0xd69a, 0x4a49, 0x0000, 0x0000,
    0x0000, 0x0000, 0x0000, 0x39c7, 0xbdd7, 0xffdf, 0xfe0f, 0xfc40, 0xfc40, 0xfc40, 0xfc40, 0xfc40,
    0xfc40, 0xfe0f, 0xffff, 0xd69a, 0x528a, 0x0000, 0x0000, 0x0000, 0x0000, 0x0000, 0x0000, 0x0000,
    0x0000, 0x0000, 0x4208, 0xc618, 0xffff, 0xfeb4, 0xfc61, 0xfc40, 0xfc40, 0xfc40, 0xfc40, 0xfc40,
    0xfc40, 0xfd69, 0xffde, 0xdedb, 0x52aa, 0x0000, 0x0000, 0x0000, 0x0000, 0x0000, 0x2945, 0xa534,
    0xffdf, 0xfed5, 0xfc61, 0xfc40, 0xfc40, 0xfc40, 0xfc40, 0xfc40, 0xfcc5, 0xff7a, 0xf7be, 0xa514,
    0x2945, 0x0000, 0x0000, 0x0000, 0x0000, 0x0000, 0x0000, 0x0000, 0x2945, 0x9cf3, 0xf7be, 0xffbc,
    0xfd28, 0xfc40, 0xfc40, 0xfc40, 0xfc40, 0xfc40, 0xfc40, 0xfc40, 0xfd48, 0xffbd, 0xdefb, 0x52aa,
    0x0000, 0x0000, 0x0000, 0x0000, 0x0000, 0x0000, 0x7bef, 0xef7d, 0xff7b, 0xfce5, 0xfc40, 0xfc40,
    0xfc40, 0xfc40, 0xfc40, 0xfc40, 0xfdee, 0xffde, 0xf7be, 0xad55, 0x39e7, 0x0000, 0x0000, 0x0000,
    0x0000, 0x0000, 0x39e7, 0xad55, 0xf7be, 0xffff, 0xfe0f, 0xfc40, 0xfc40, 0xfc40, 0xfc40, 0xfc40,
    0xfc40, 0xfc40, 0xfc40, 0xfd27, 0xffbd, 0xdefb, 0x5aeb, 0x0000, 0x0000, 0x0000, 0x0000, 0x0000,
    0x0000, 0x528a, 0xd6ba, 0xffde, 0xfdcd, 0xfc40, 0xfc40, 0xfc40, 0xfc40, 0xfc40, 0xfc40, 0xfc61,
    0xfe51, 0xffff, 0xffff, 0xe73c, 0xb596, 0x7bcf, 0x3186, 0x7bcf, 0xad75, 0xe73c, 0xffff, 0xffff,
    0xfe51, 0xfc61, 0xfc40, 0xfc40, 0xfc40, 0xfc40, 0xfc40, 0xfc40, 0xfc40, 0xfc40, 0xfd07, 0xffbd,
    0xe71c, 0x5aeb, 0x0000, 0x0000, 0x0000, 0x0000, 0x0000, 0x0000, 0x2945, 0xa534, 0xffdf, 0xff18,
    0xfc83, 0xfc40, 0xfc40, 0xfc40, 0xfc40, 0xfc40, 0xfc40, 0xfc40, 0xfdab, 0xff9c, 0xffff, 0xffff,
    0xffff, 0xffff, 0xffff, 0xffff, 0xffff, 0xff9b, 0xfd8b, 0xfc40, 0xfc40, 0xfc40, 0xfc40, 0xfc40,
    0xfc40, 0xfc40, 0xfc40, 0xfc40, 0xfc40, 0xfd27, 0xffbd, 0xe71c, 0x5aeb, 0x0000, 0x0000, 0x0000,
    0x0000, 0x0000, 0x0000, 0x0000, 0x632c, 0xe71c, 0xffde, 0xfdcd, 0xfc40, 0xfc40, 0xfc40, 0xfc40,
    0xfc40, 0xfc40, 0xfc40, 0xfc40, 0xfc61, 0xfd8b, 0xfe93, 0xff5a, 0xffff, 0xff7a, 0xfe93, 0xfd8b,
    0xfc61, 0xfc40, 0xfc40, 0xfc40, 0xfc40, 0xfc40, 0xfc40, 0xfc40, 0xfc40, 0xfc40, 0xfc40, 0xfc40,
    0xfd48, 0xffbd, 0xdefb, 0x52aa, 0x0000, 0x0000, 0x0000, 0x0000, 0x0000, 0x0000, 0x0000, 0x2945,
    0xa534, 0xffdf, 0xff7b, 0xfce5, 0xfc40, 0xfc40, 0xfc40, 0xfc40, 0xfc40, 0xfc40, 0xfc40, 0xfc40,
    0xfc40, 0xfc40, 0xfc40, 0xfc40, 0xfc40, 0xfc40, 0xfc40, 0xfc40, 0xfc40, 0xfc40, 0xfc40, 0xfc40,
    0xfc40, 0xfc40, 0xfc40, 0xfc40, 0xfc40, 0xfc40, 0xfc40, 0xfd48, 0xffbd, 0xdedb, 0x52aa, 0x0000,
    0x0000, 0x0000, 0x0000, 0x0000, 0x0000, 0x0000, 0x0000, 0x528a, 0xd69a, 0xffff, 0xff17, 0xfca3,
    0xfc40, 0xfc40, 0xfc40, 0xfc40, 0xfc40, 0xfc40, 0xfc40, 0xfc40, 0xfc40, 0xfc40, 0xfc40, 0xfc40,
    0xfc40, 0xfc40, 0xfc40, 0xfc40, 0xfc40, 0xfc40, 0xfc40, 0xfc40, 0xfc40, 0xfc40, 0xfc40, 0xfc40,
    0xfc40, 0xfc40, 0xfd8a, 0xffde, 0xd69a, 0x4a69, 0x0000, 0x0000, 0x0000, 0x0000, 0x0000, 0x0000,
    0x0000, 0x0000, 0x0000, 0x738e, 0xe71c, 0xffff, 0xff17, 0xfcc4, 0xfc40, 0xfc40, 0xfc40, 0xfc40,
    0xfc40, 0xfc40, 0xfc40, 0xfc40, 0xfc40, 0xfc40, 0xfc40, 0xfc40, 0xfc40, 0xfc40, 0xfc40, 0xfc40,
    0xfc40, 0xfc61, 0xfd69, 0xfc61, 0xfc40, 0xfc40, 0xfc40, 0xfc40, 0xfc40, 0xfdac, 0xffff, 0xce59,
    0x4208, 0x0000, 0x0000, 0x0000, 0x0000, 0x0000, 0x0000, 0x0000, 0x0000, 0x0000, 0x0000, 0x7bef,
    0xe73c, 0xffff, 0xff7b, 0xfd49, 0xfc40, 0xfc40, 0xfc40, 0xfc40, 0xfc40, 0xfc40, 0xfc40, 0xfc40,
    0xfc40, 0xfc40, 0xfc40, 0xfc40, 0xfc40, 0xfc40, 0xfc40, 0xfca3, 0xfeb4, 0xfe93, 0xfc61, 0xfc40,
    0xfc40, 0xfc40, 0xfc40, 0xfc40, 0xfe0f, 0xffff, 0xbdf7, 0x39c7, 0x0000, 0x0000, 0x0000, 0x0000,
    0x0000, 0x0000, 0x0000, 0x0000, 0x0000, 0x0000, 0x0000, 0x6b4d, 0xd6ba, 0xffff, 0xffff, 0xfeb4,
    0xfcc4, 0xfc40, 0xfc40, 0xfc40, 0xfc40, 0xfc40, 0xfc40, 0xfc40, 0xfc40, 0xfc40, 0xfc40, 0xfc40,
    0xfc61, 0xfded, 0xff9c, 0xffff, 0xfe30, 0xfc40, 0xfc40, 0xfc40, 0xfc40, 0xfc40, 0xfc40, 0xfe73,
    0xffdf, 0xad75, 0x2945, 0x0000, 0x0000, 0x0000, 0x0000, 0x0000, 0x0000, 0x0000, 0x0000, 0x0000,
    0x0000, 0x0000, 0x0000, 0x4a69, 0xbdd7, 0xffdf, 0xffff, 0xffff, 0xfef6, 0xfdac, 0xfcc4, 0xfc40,
    0xfc40, 0xfc40, 0xfc40, 0xfc40, 0xfce5, 0xfd8b, 0xfeb4, 0xffde, 0xffff, 0xffff, 0xffde, 0xfdab,
    0xfc40, 0xfc40, 0xfc40, 0xfc40, 0xfc40, 0xfc61, 0xfef6, 0xffdf, 0x9cd3, 0x0000, 0x0000, 0x0000,
    0x0000, 0x0000, 0x0000, 0x2945, 0x7bcf, 0x9cd3, 0x9cd3, 0x9cd3, 0x9cd3, 0x9cd3, 0x9cd3, 0x9cd3,
    0xad75, 0xef5d, 0xffff, 0xffff, 0xffff, 0xffff, 0xffff, 0xffff, 0xffff, 0xffff, 0xffff, 0xffff,
    0xffff, 0xffff, 0xffff, 0xef7d, 0xffdf, 0xff9c, 0xfd06, 0xfc40, 0xfc40, 0xfc40, 0xfc40, 0xfc40,
    0xfcc4, 0xff7a, 0xf79e, 0x8410, 0x0000, 0x0000, 0x0000, 0x0000, 0x0000, 0x0000, 0x4228, 0xce59,
    0xffff, 0xffff, 0xffff, 0xffff, 0xffff, 0xffff, 0xffff, 0xffff, 0xffff, 0xdedb, 0xad75, 0xdedb,
    0xef7d, 0xffff, 0xffff, 0xffff, 0xffff, 0xffff, 0xef7d, 0xd6ba, 0xb596, 0x6b4d, 0x9cd3, 0xffdf,
    0xff17, 0xfc82, 0xfc40, 0xfc40, 0xfc40, 0xfc40, 0xfc40, 0xfd27, 0xffbd, 0xe71c, 0x630c, 0x0000,
    0x0000, 0x0000, 0x0000, 0x0000, 0x0000, 0x39e7, 0xc618, 0xffff, 0xff7b, 0xfed6, 0xfed5, 0xfed5,
    0xfed5, 0xfed5, 0xff38, 0xffff, 0xe71c, 0x630c, 0x0000, 0x0000, 0x0000, 0x0000, 0x0000, 0x0000,
    0x0000, 0x0000, 0x0000, 0x0000, 0x4228, 0xce59, 0xffff, 0xfe31, 0xfc40, 0xfc40, 0xfc40, 0xfc40,
    0xfc40, 0xfc40, 0xfdee, 0xffff, 0xce59, 0x4228, 0x0000, 0x0000, 0x0000, 0x0000, 0x0000, 0x0000,
    0x3186, 0xb5b6, 0xffff, 0xfe30, 0xfc40, 0xfc40, 0xfc40, 0xfc40, 0xfc40, 0xfcc5, 0xff7b, 0xef7d,
    0x7bcf, 0x0000, 0x0000, 0x0000, 0x0000, 0x0000, 0x0000, 0x0000, 0x0000, 0x0000, 0x0000, 0x8410,
    0xef7d, 0xff9c, 0xfd27, 0xfc40, 0xfc40, 0xfc40, 0xfc40, 0xfc40, 0xfc61, 0xfed5, 0xffdf, 0xa534,
    0x2945, 0x0000, 0x0000, 0x0000, 0x0000, 0x0000, 0x0000, 0x2945, 0xa534, 0xffdf, 0xfeb4, 0xfc61,
    0xfc40, 0xfc40, 0xfc40, 0xfc40, 0xfc82, 0xfef6, 0xffdf, 0xad55, 0x2945, 0x0000, 0x0000, 0x0000,
    0x0000, 0x0000, 0x0000, 0x0000, 0x0000, 0x4228, 0xc638, 0xffff, 0xfe93, 0xfc61, 0xfc40, 0xfc40,
    0xfc40, 0xfc40, 0xfc40, 0xfce6, 0xff9c, 0xef7d, 0x7bef, 0x0000, 0x0000, 0x0000, 0x0000, 0x0000,
    0x0000, 0x0000, 0x0000, 0x8c71, 0xf7be, 0xff18, 0xfc82, 0xfc40, 0xfc40, 0xfc40, 0xfc40, 0xfc40,
    0xfdcd, 0xffde, 0xe73c, 0x73ae, 0x0000, 0x0000, 0x0000, 0x0000, 0x0000, 0x0000, 0x0000, 0x2945,
    0xa534, 0xffdf, 0xff9c, 0xfd27, 0xfc40, 0xfc40, 0xfc40, 0xfc40, 0xfc40, 0xfc40, 0xfdee, 0xffff,
    0xd69a, 0x528a, 0x0000, 0x0000, 0x0000, 0x0000, 0x0000, 0x0000, 0x0000, 0x0000, 0x738e, 0xef5d,
    0xff9c, 0xfd07, 0xfc40, 0xfc40, 0xfc40, 0xfc40, 0xfc40, 0xfc82, 0xfed6, 0xffff, 0xe71c, 0x7bcf,
    0x0000, 0x0000, 0x0000, 0x0000, 0x0000, 0x4208, 0xb596, 0xffdf, 0xffde, 0xfded, 0xfc40, 0xfc40,
    0xfc40, 0xfc40, 0xfc40, 0xfc40, 0xfca3, 0xff38, 0xffdf, 0xa514, 0x2945, 0x0000, 0x0000, 0x0000,
    0x0000, 0x0000, 0x0000, 0x0000, 0x0000, 0x4228, 0xce59, 0xffff, 0xfe0f, 0xfc40, 0xfc40, 0xfc40,
    0xfc40, 0xfc40, 0xfc40, 0xfcc4, 0xff38, 0xffff, 0xffdf, 0xd6ba, 0xad75, 0x9cd3, 0xa534, 0xce59,
    0xef7d, 0xffff, 0xffde, 0xfe30, 0xfc61, 0xfc40, 0xfc40, 0xfc40, 0xfc40, 0xfc40, 0xfc40, 0xfdcd,
    0xffde, 0xe71c, 0x632c, 0x0000, 0x0000, 0x0000, 0x0000, 0x0000, 0x0000, 0x0000, 0x0000, 0x0000,
    0x0000, 0x9cf3, 0xffdf, 0xff5a, 0xfcc4, 0xfc40, 0xfc40, 0xfc40, 0xfc40, 0xfc40, 0xfc40, 0xfca3,
    0xfe93, 0xffff, 0xffff, 0xffff, 0xffff, 0xffff, 0xffff, 0xffff, 0xff7b, 0xfd6a, 0xfc40, 0xfc40,
    0xfc40, 0xfc40, 0xfc40, 0xfc40, 0xfc40, 0xfcc4, 0xff59, 0xffdf, 0xad55, 0x2945, 0x0000, 0x0000,
    0x0000, 0x0000, 0x0000, 0x0000, 0x0000, 0x0000, 0x0000, 0x0000, 0x5aeb, 0xdedb, 0xffff, 0xfe30,
    0xfc40, 0xfc40, 0xfc40, 0xfc40, 0xfc40, 0xfc40, 0xfc40, 0xfc40, 0xfca3, 0xfdab, 0xfe93, 0xfed5,
    0xfeb4, 0xfdee, 0xfd27, 0xfc40, 0xfc40, 0xfc40, 0xfc40, 0xfc40, 0xfc40, 0xfc40, 0xfc40, 0xfc40,
    0xfe51, 0xffff, 0xdedb, 0x5aeb, 0x0000, 0x0000, 0x0000, 0x0000, 0x0000, 0x0000, 0x0000, 0x0000,
    0x0000, 0x0000, 0x0000, 0x0000, 0x9492, 0xf7be, 0xffbd, 0xfd69, 0xfc40, 0xfc40, 0xfc40, 0xfc40,
    0xfc40, 0xfc40, 0xfc40, 0xfc40, 0xfc40, 0xfc40, 0xfc40, 0xfc40, 0xfc40, 0xfc40, 0xfc40, 0xfc40,
    0xfc40, 0xfc40, 0xfc40, 0xfc40, 0xfc40, 0xfc40, 0xfdac, 0xffde, 0xf79e, 0x8c71, 0x0000, 0x0000,
    0x0000, 0x0000, 0x0000, 0x0000, 0x0000, 0x0000, 0x0000, 0x0000, 0x0000, 0x0000, 0x0000, 0x4208,
    0xbdf7, 0xffff, 0xff7b, 0xfd06, 0xfc40, 0xfc40, 0xfc40, 0xfc40, 0xfc40, 0xfc40, 0xfc40, 0xfc40,
    0xfc40, 0xfc40, 0xfc40, 0xfc40, 0xfc40, 0xfc40, 0xfc40, 0xfc40, 0xfc40, 0xfc40, 0xfc40, 0xfc40,
    0xfd49, 0xff9c, 0xffdf, 0xad75, 0x3186, 0x0000, 0x0000, 0x0000, 0x0000, 0x0000, 0x0000, 0x0000,
    0x0000, 0x0000, 0x0000, 0x0000, 0x0000, 0x0000, 0x0000, 0x52aa, 0xd69a, 0xffff, 0xff5a, 0xfd06,
    0xfc40, 0xfc40, 0xfc40, 0xfc40, 0xfc40, 0xfc40, 0xfc40, 0xfc40, 0xfc40, 0xfc40, 0xfc40, 0xfc40,
    0xfc40, 0xfc40, 0xfc40, 0xfc40, 0xfc40, 0xfc40, 0xfd8a, 0xffbd, 0xffff, 0xc638, 0x4a69, 0x0000,
    0x0000, 0x0000, 0x0000, 0x0000, 0x0000, 0x0000, 0x0000, 0x0000, 0x0000, 0x0000, 0x0000, 0x0000,
    0x0000, 0x0000, 0x0000, 0x632c, 0xdedb, 0xffff, 0xffbd, 0xfdcd, 0xfc40, 0xfc40, 0xfc40, 0xfc40,
    0xfc40, 0xfc40, 0xfc40, 0xfc40, 0xfc40, 0xfc40, 0xfc40, 0xfc40, 0xfc40, 0xfc40, 0xfc40, 0xfc62,
    0xfe30, 0xffde, 0xffff, 0xce59, 0x528a, 0x0000, 0x0000, 0x0000, 0x0000, 0x0000, 0x0000, 0x0000,
    0x0000, 0x0000, 0x0000, 0x0000, 0x0000, 0x0000, 0x0000, 0x0000, 0x0000, 0x0000, 0x0000, 0x5aeb,
    0xce59, 0xffff, 0xffff, 0xff5a, 0xfdab, 0xfc62, 0xfc40, 0xfc40, 0xfc40, 0xfc40, 0xfc40, 0xfc40,
    0xfc40, 0xfc40, 0xfc40, 0xfc40, 0xfc61, 0xfdcc, 0xff7b, 0xffff, 0xffdf, 0xbdd7, 0x4228, 0x0000,
    0x0000, 0x0000, 0x0000, 0x0000, 0x0000, 0x0000, 0x0000, 0x0000, 0x0000, 0x0000, 0x0000, 0x0000,
    0x0000, 0x0000, 0x0000, 0x0000, 0x0000, 0x0000, 0x0000, 0x39c7, 0x9cf3, 0xef7d, 0xffff, 0xffff,
    0xffff, 0xff18, 0xfe0f, 0xfd6a, 0xfce5, 0xfcc5, 0xfcc5, 0xfce5, 0xfd27, 0xfded, 0xfef6, 0xffde,
    0xffff, 0xffff, 0xe73c, 0x8c71, 0x2945, 0x0000, 0x0000, 0x0000, 0x0000, 0x0000, 0x0000, 0x0000,
    0x0000, 0x0000, 0x0000, 0x0000, 0x0000, 0x0000, 0x0000, 0x0000, 0x0000, 0x0000, 0x0000, 0x0000,
    0x0000, 0x0000, 0x0000, 0x0000, 0x4228, 0xa534, 0xdefb, 0xffff, 0xffff, 0xffff, 0xffff, 0xffff,
    0xffff, 0xffff, 0xffff, 0xffff, 0xffff, 0xffff, 0xffff, 0xe71c, 0x9cf3, 0x4208, 0x0000, 0x0000,
    0x0000, 0x0000, 0x0000, 0x0000, 0x0000, 0x0000, 0x0000, 0x0000, 0x0000, 0x0000, 0x0000, 0x0000,
    0x0000, 0x0000, 0x0000, 0x0000, 0x0000, 0x0000, 0x0000, 0x0000, 0x0000, 0x0000, 0x0000, 0x0000,
    0x0000, 0x0000, 0x4a69, 0x9cd3, 0xc618, 0xd6ba, 0xef5d, 0xef5d, 0xef5d, 0xef5d, 0xe71c, 0xce59,
    0xad55, 0x630c, 0x0000, 0x0000, 0x0000, 0x0000, 0x0000, 0x0000, 0x0000, 0x0000, 0x0000, 0x0000,
    0x0000, 0x0000, 0x0000, 0x0000, 0x0000, 0x0000, 0x0000, 0x0000, 0x0000, 0x0000, 0x0000, 0x0000,
    0x0000, 0x0000, 0x0000, 0x0000, 0x0000, 0x0000, 0x0000, 0x0000, 0x0000, 0x0000, 0x0000, 0x0000,
    0x0000, 0x0000, 0x0000, 0x0000, 0x0000, 0x0000, 0x0000, 0x0000, 0x0000, 0x0000, 0x0000, 0x0000,
    0x0000, 0x0000, 0x0000, 0x0000, 0x0000, 0x0000, 0x0000, 0x0000, 0x0000, 0x0000, 0x0000, 0x0000,
    0x0000, 0x0000, 0x0000, 0x0000, 0x0000, 0x0000, 0x0000, 0x0000, 0x0000, 0x0000, 0x0000, 0x0000,
    0x0000, 0x0000, 0x0000, 0x0000, 0x0000, 0x0000, 0x0000, 0x0000, 0x0000, 0x0000, 0x0000, 0x0000,
    0x0000, 0x0000, 0x0000, 0x0000, 0x0000, 0x0000, 0x0000, 0x0000, 0x0000, 0x0000, 0x0000, 0x0000,
    0x0000, 0x0000, 0x0000, 0x0000, 0x0000, 0x0000, 0x0000, 0x0000, 0x0000, 0x0000, 0x0000, 0x0000,
    0x0000, 0x0000, 0x0000, 0x0000, 0x0000, 0x0000, 0x0000, 0x0000, 0x0000, 0x0000, 0x0000, 0x0000,
    0x0000, 0x0000, 0x0000, 0x0000, 0x0000, 0x0000, 0x0000, 0x0000, 0x0000, 0x0000, 0x0000, 0x0000,
    0x0000, 0x0000, 0x0000, 0x0000, 0x0000, 0x0000, 0x0000, 0x0000, 0x0000, 0x0000, 0x0000, 0x0000,
    0x0000, 0x0000, 0x0000, 0x0000, 0x0000, 0x0000, 0x0000, 0x0000, 0x0000, 0x0000, 0x0000, 0x0000,
    0x0000, 0x0000, 0x0000, 0x0000, 0x0000, 0x0000, 0x0000, 0x0000, 0x0000, 0x0000, 0x0000, 0x0000,
    0x0000, 0x0000, 0x0000, 0x0000, 0x0000, 0x0000, 0x0000, 0x0000, 0x0000, 0x0000, 0x0000, 0x0000,
    0x0000, 0x0000, 0x0000, 0x0000, 0x0000, 0x0000, 0x0000, 0x0000, 0x0000, 0x0000, 0x0000, 0x0000,
    0x0000, 0x0000, 0x0000, 0x0000, 0x0000, 0x0000, 0x0000, 0x0000, 0x0000, 0x0000, 0x0000, 0x0000,
    0x0000, 0x0000, 0x0000, 0x0000, 0x0000, 0x0000, 0x0000, 0x0000, 0x0000, 0x0000, 0x0000, 0x0000,
    0x0000, 0x0000, 0x0000, 0x0000, 0x0000, 0x0000, 0x0000, 0x0000, 0x0000, 0x0000, 0x0000, 0x0000,
    0x0000, 0x0000, 0x0000, 0x0000, 0x0000, 0x0000, 0x0000, 0x0000, 0x0000, 0x0000, 0x0000, 0x0000,
    0x0000, 0x0000, 0x0000, 0x0000, 0x0000, 0x0000, 0x0000, 0x0000, 0x0000, 0x0000, 0x0000, 0x0000,
    0x0000, 0x0000, 0x0000, 0x0000, 0x0000, 0x0000, 0x0000, 0x0000, 0x0000, 0x0000, 0x0000, 0x0000,
    0x0000, 0x0000, 0x0000, 0x0000, 0x0000, 0x0000, 0x0000, 0x0000, 0x0000, 0x0000, 0x0000, 0x0000,
    0x0000, 0x0000, 0x0000, 0x0000, 0x0000, 0x0000, 0x0000, 0x0000, 0x0000, 0x0000, 0x0000, 0x0000,
    0x0000, 0x0000, 0x0000, 0x0000, 0x0000, 0x0000, 0x0000, 0x0000, 0x0000, 0x0000, 0x0000, 0x0000,
    0x0000, 0x0000, 0x0000, 0x0000, 0x0000, 0x0000, 0x0000, 0x0000, 0x0000, 0x0000, 0x0000, 0x0000,
    0x0000, 0x0000, 0x0000, 0x0000, 0x0000, 0x0000, 0x0000, 0x0000, 0x0000, 0x0000, 0x0000, 0x0000,
    0x0000, 0x0000, 0x0000, 0x0000, 0x0000, 0x0000, 0x0000, 0x0000, 0x0000, 0x0000, 0x0000, 0x0000,
    0x0000, 0x0000, 0x0000, 0x0000, 0x0000, 0x0000, 0x0000, 0x0000, 0x0000, 0x0000, 0x0000, 0x0000,
    0x0000, 0x0000, 0x0000, 0x0000, 0x0000, 0x0000, 0x0000, 0x0000, 0x0000, 0x0000, 0x0000, 0x0000,
    0x0000, 0x0000, 0x0000, 0x0000, 0x0000, 0x0000, 0x0000, 0x0000, 0x0000, 0x0000, 0x0000, 0x0000,
    0x0000, 0x0000, 0x0000, 0x0000, 0x0000, 0x0000, 0x0000, 0x0000, 0x0000, 0x0000, 0x0000, 0x0000,
    0x0000, 0x0000, 0x0000, 0x0000, 0x0000, 0x0000, 0x0000, 0x0000, 0x0000, 0x0000, 0x0000, 0x0000,
    0x0000, 0x0000, 0x0000, 0x0000, 0x0000, 0x0000, 0x0000, 0x0000, 0x0000, 0x0000, 0x0000, 0x0000,
    0x0000, 0x0000, 0x0000, 0x0000, 0x0000, 0x0000, 0x0000, 0x0000, 0x0000, 0x0000, 0x0000, 0x0000,
    0x0000, 0x0000, 0x0000, 0x0000, 0x0000, 0x0000, 0x0000, 0x0000, 0x0000, 0x0000, 0x0000, 0x0000,
    0x0000, 0x0000, 0x0000, 0x0000, 0x0000, 0x0000, 0x0000, 0x0000, 0x0000, 0x0000, 0x0000, 0x0000,
    0x0000, 0x0000, 0x0000, 0x0000, 0x0000, 0x0000, 0x0000, 0x0000, 0x0000, 0x0000, 0x0000, 0x0000,
    0x0000, 0x0000, 0x0000, 0x0000, 0x0000, 0x0000, 0x0000, 0x0000, 0x0000, 0x0000, 0x0000, 0x0000,
    0x0000, 0x0000, 0x0000, 0x0000, 0x0000, 0x0000, 0x0000, 0x0000, 0x0000, 0x0000, 0x0000, 0x0000,
    0x0000, 0x0000, 0x0000, 0x0000, 0x0000, 0x0000, 0x0000, 0x0000, 0x0000, 0x0000, 0x0000};

static const uint16_t image_data_sfc_19x65_f65_dot[1235] = {
    0x0000, 0x0000, 0x0000, 0x0000, 0x0000, 0x0000, 0x0000, 0x0000, 0x0000, 0x0000, 0x0000, 0x0000,
    0x0000, 0x0000, 0x0000, 0x0000, 0x0000, 0x0000, 0x0000, 0x0000, 0x0000, 0x0000, 0x0000, 0x0000,
    0x0000, 0x0000, 0x0000, 0x0000, 0x0000, 0x0000, 0x0000, 0x0000, 0x0000, 0x0000, 0x0000, 0x0000,
    0x0000, 0x0000, 0x0000, 0x0000, 0x0000, 0x0000, 0x0000, 0x0000, 0x0000, 0x0000, 0x0000, 0x0000,
    0x0000, 0x0000, 0x0000, 0x0000, 0x0000, 0x0000, 0x0000, 0x0000, 0x0000, 0x0000, 0x0000, 0x0000,
    0x0000, 0x0000, 0x0000, 0x0000, 0x0000, 0x0000, 0x0000, 0x0000, 0x0000, 0x0000, 0x0000, 0x0000,
    0x0000, 0x0000, 0x0000, 0x0000, 0x0000, 0x0000, 0x0000, 0x0000, 0x0000, 0x0000, 0x0000, 0x0000,
    0x0000, 0x0000, 0x0000, 0x0000, 0x0000, 0x0000, 0x0000, 0x0000, 0x0000, 0x0000, 0x0000, 0x0000,
    0x0000, 0x0000, 0x0000, 0x0000, 0x0000, 0x0000, 0x0000, 0x0000, 0x0000, 0x0000, 0x0000, 0x0000,
    0x0000, 0x0000, 0x0000, 0x0000, 0x0000, 0x0000, 0x0000, 0x0000, 0x0000, 0x0000, 0x0000, 0x0000,
    0x0000, 0x0000, 0x0000, 0x0000, 0x0000, 0x0000, 0x0000, 0x0000, 0x0000, 0x0000, 0x0000, 0x0000,
    0x0000, 0x0000, 0x0000, 0x0000, 0x0000, 0x0000, 0x0000, 0x0000, 0x0000, 0x0000, 0x0000, 0x0000,
    0x0000, 0x0000, 0x0000, 0x0000, 0x0000, 0x0000, 0x0000, 0x0000, 0x0000, 0x0000, 0x0000, 0x0000,
    0x0000, 0x0000, 0x0000, 0x0000, 0x0000, 0x0000, 0x0000, 0x0000, 0x0000, 0x0000, 0x0000, 0x0000,
    0x0000, 0x0000, 0x0000, 0x0000, 0x0000, 0x0000, 0x0000, 0x0000, 0x0000, 0x0000, 0x0000, 0x0000,
    0x0000, 0x0000, 0x0000, 0x0000, 0x0000, 0x0000, 0x0000, 0x0000, 0x0000, 0x0000, 0x0000, 0x0000,
    0x0000, 0x0000, 0x0000, 0x0000, 0x0000, 0x0000, 0x0000, 0x0000, 0x0000, 0x0000, 0x0000, 0x0000,
    0x0000, 0x0000, 0x0000, 0x0000, 0x0000, 0x0000, 0x0000, 0x0000, 0x0000, 0x0000, 0x0000, 0x0000,
    0x0000, 0x0000, 0x0000, 0x0000, 0x0000, 0x0000, 0x0000, 0x0000, 0x0000, 0x0000, 0x0000, 0x0000,
    0x0000, 0x0000, 0x0000, 0x0000, 0x0000, 0x0000, 0x0000, 0x0000, 0x0000, 0x0000, 0x0000, 0x0000,
    0x0000, 0x0000, 0x0000, 0x0000, 0x0000, 0x0000, 0x0000, 0x0000, 0x0000, 0x0000, 0x0000, 0x0000,
    0x0000, 0x0000, 0x0000, 0x0000, 0x0000, 0x0000, 0x0000, 0x0000, 0x0000, 0x0000, 0x0000, 0x0000,
    0x0000, 0x0000, 0x0000, 0x0000, 0x0000, 0x0000, 0x0000, 0x0000, 0x0000, 0x0000, 0x0000, 0x0000,
    0x0000, 0x0000, 0x0000, 0x0000, 0x0000, 0x0000, 0x0000, 0x0000, 0x0000, 0x0000, 0x0000, 0x0000,
    0x0000, 0x0000, 0x0000, 0x0000, 0x0000, 0x0000, 0x0000, 0x0000, 0x0000, 0x0000, 0x0000, 0x0000,
    0x0000, 0x0000, 0x0000, 0x0000, 0x0000, 0x0000, 0x0000, 0x0000, 0x0000, 0x0000, 0x0000, 0x0000,
    0x0000, 0x0000, 0x0000, 0x0000, 0x0000, 0x0000, 0x0000, 0x0000, 0x0000, 0x0000, 0x0000, 0x0000,
    0x0000, 0x0000, 0x0000, 0x0000, 0x0000, 0x0000, 0x0000, 0x0000, 0x0000, 0x0000, 0x0000, 0x0000,
    0x0000, 0x0000, 0x0000, 0x0000, 0x0000, 0x0000, 0x0000, 0x0000, 0x0000, 0x0000, 0x0000, 0x0000,
    0x0000, 0x0000, 0x0000, 0x0000, 0x0000, 0x0000, 0x0000, 0x0000, 0x0000, 0x0000, 0x0000, 0x0000,
    0x0000, 0x0000, 0x0000, 0x0000, 0x0000, 0x0000, 0x0000, 0x0000, 0x0000, 0x0000, 0x0000, 0x0000,
    0x0000, 0x0000, 0x0000, 0x0000, 0x0000, 0x0000, 0x0000, 0x0000, 0x0000, 0x0000, 0x0000, 0x0000,
    0x0000, 0x0000, 0x0000, 0x0000, 0x0000, 0x0000, 0x0000, 0x0000, 0x0000, 0x0000, 0x0000, 0x0000,
    0x0000, 0x0000, 0x0000, 0x0000, 0x0000, 0x0000, 0x0000, 0x0000, 0x0000, 0x0000, 0x0000, 0x0000,
    0x0000, 0x0000, 0x0000, 0x0000, 0x0000, 0x0000, 0x0000, 0x0000, 0x0000, 0x0000, 0x0000, 0x0000,
    0x0000, 0x0000, 0x0000, 0x0000, 0x0000, 0x0000, 0x0000, 0x0000, 0x0000, 0x0000, 0x0000, 0x0000,
    0x0000, 0x0000, 0x0000, 0x0000, 0x0000, 0x0000, 0x0000, 0x0000, 0x0000, 0x0000, 0x0000, 0x0000,
    0x0000, 0x0000, 0x0000, 0x0000, 0x0000, 0x0000, 0x0000, 0x0000, 0x0000, 0x0000, 0x0000, 0x0000,
    0x0000, 0x0000, 0x0000, 0x0000, 0x0000, 0x0000, 0x0000, 0x0000, 0x0000, 0x0000, 0x0000, 0x0000,
    0x0000, 0x0000, 0x0000, 0x0000, 0x0000, 0x0000, 0x0000, 0x0000, 0x0000, 0x0000, 0x0000, 0x0000,
    0x0000, 0x0000, 0x0000, 0x0000, 0x0000, 0x0000, 0x0000, 0x0000, 0x0000, 0x0000, 0x0000, 0x0000,
    0x0000, 0x0000, 0x0000, 0x0000, 0x0000, 0x0000, 0x0000, 0x0000, 0x0000, 0x0000, 0x0000, 0x0000,
    0x0000, 0x0000, 0x0000, 0x0000, 0x0000, 0x0000, 0x0000, 0x0000, 0x0000, 0x0000, 0x0000, 0x0000,
    0x0000, 0x0000, 0x0000, 0x0000, 0x0000, 0x0000, 0x0000, 0x0000, 0x0000, 0x0000, 0x0000, 0x0000,
    0x0000, 0x0000, 0x0000, 0x0000, 0x0000, 0x0000, 0x0000, 0x0000, 0x0000, 0x0000, 0x0000, 0x0000,
    0x0000, 0x0000, 0x0000, 0x0000, 0x0000, 0x0000, 0x0000, 0x0000, 0x0000, 0x0000, 0x0000, 0x0000,
    0x0000, 0x0000, 0x0000, 0x0000, 0x0000, 0x0000, 0x0000, 0x0000, 0x0000, 0x0000, 0x0000, 0x0000,
    0x0000, 0x0000, 0x0000, 0x0000, 0x0000, 0x0000, 0x0000, 0x0000, 0x0000, 0x0000, 0x0000, 0x0000,
    0x0000, 0x0000, 0x0000, 0x0000, 0x0000, 0x0000, 0x0000, 0x0000, 0x0000, 0x0000, 0x0000, 0x0000,
    0x0000, 0x0000, 0x0000, 0x0000, 0x0000, 0x0000, 0x0000, 0x0000, 0x0000, 0x0000, 0x0000, 0x0000,
    0x0000, 0x0000, 0x0000, 0x0000, 0x0000, 0x0000, 0x0000, 0x0000, 0x0000, 0x0000, 0x0000, 0x0000,
    0x0000, 0x0000, 0x0000, 0x0000, 0x0000, 0x0000, 0x0000, 0x0000, 0x0000, 0x0000, 0x0000, 0x0000,
    0x0000, 0x0000, 0x0000, 0x0000, 0x0000, 0x0000, 0x0000, 0x0000, 0x0000, 0x0000, 0x0000, 0x0000,
    0x0000, 0x0000, 0x0000, 0x0000, 0x0000, 0x0000, 0x0000, 0x0000, 0x0000, 0x0000, 0x0000, 0x0000,
    0x0000, 0x0000, 0x0000, 0x0000, 0x0000, 0x0000, 0x0000, 0x0000, 0x0000, 0x0000, 0x0000, 0x0000,
    0x0000, 0x0000, 0x0000, 0x0000, 0x0000, 0x0000, 0x0000, 0x0000, 0x0000, 0x0000, 0x0000, 0x0000,
    0x0000, 0x0000, 0x0000, 0x0000, 0x0000, 0x0000, 0x0000, 0x0000, 0x0000, 0x0000, 0x0000, 0x0000,
    0x0000, 0x0000, 0x0000, 0x0000, 0x0000, 0x0000, 0x0000, 0x0000, 0x0000, 0x0000, 0x0000, 0x0000,
    0x0000, 0x0000, 0x0000, 0x0000, 0x0000, 0x0000, 0x0000, 0x0000, 0x0000, 0x0000, 0x0000, 0x0000,
    0x0000, 0x0000, 0x0000, 0x0000, 0x0000, 0x0000, 0x0000, 0x0000, 0x0000, 0x0000, 0x0000, 0x0000,
    0x0000, 0x0000, 0x0000, 0x0000, 0x0000, 0x0000, 0x0000, 0x0000, 0x0000, 0x0000, 0x0000, 0x0000,
    0x0000, 0x0000, 0x0000, 0x0000, 0x0000, 0x0000, 0x0000, 0x0000, 0x0000, 0x0000, 0x0000, 0x0000,
    0x0000, 0x0000, 0x0000, 0x0000, 0x0000, 0x0000, 0x0000, 0x0000, 0x0000, 0x0000, 0x0000, 0x0000,
    0x0000, 0x0000, 0x0000, 0x0000, 0x0000, 0x0000, 0x0000, 0x0000, 0x0000, 0x0000, 0x0000, 0x0000,
    0x0000, 0x0000, 0x0000, 0x0000, 0x0000, 0x0000, 0x0000, 0x0000, 0x0000, 0x0000, 0x0000, 0x0000,
    0x0000, 0x0000, 0x0000, 0x0000, 0x0000, 0x4a49, 0xad55, 0xdefb, 0xf7be, 0xffdf, 0xe71c, 0xb5b6,
    0x5aeb, 0x0000, 0x0000, 0x0000, 0x0000, 0x0000, 0x0000, 0x0000, 0x0000, 0x0000, 0x0000, 0x7bef,
    0xdefb, 0xffff, 0xffff, 0xffff, 0xffff, 0xffff, 0xffff, 0xef7d, 0x9492, 0x2945, 0x0000, 0x0000,
    0x0000, 0x0000, 0x0000, 0x0000, 0x0000, 0x7bcf, 0xef5d, 0xffff, 0xff5a, 0xfd8a, 0xfc82, 0xfc61,
    0xfd48, 0xff17, 0xffff, 0xf79e, 0x9492, 0x0000, 0x0000, 0x0000, 0x0000, 0x0000, 0x0000, 0x4228,
    0xce59, 0xffff, 0xfef6, 0xfc83, 0xfc40, 0xfc40, 0xfc40, 0xfc40, 0xfc61, 0xfe72, 0xffff, 0xdedb,
    0x5aeb, 0x0000, 0x0000, 0x0000, 0x0000, 0x0000, 0x7bcf, 0xef7d, 0xff9c, 0xfd07, 0xfc40, 0xfc40,
    0xfc40, 0xfc40, 0xfc40, 0xfc40, 0xfca4, 0xff39, 0xf7be, 0x9492, 0x0000, 0x0000, 0x0000, 0x0000,
    0x0000, 0x94b2, 0xf7be, 0xff17, 0xfc82, 0xfc40, 0xfc40, 0xfc40, 0xfc40, 0xfc40, 0xfc40, 0xfc40,
    0xfe73, 0xffff, 0xad75, 0x2945, 0x0000, 0x0000, 0x0000, 0x0000, 0x9cf3, 0xffdf, 0xfeb5, 0xfc61,
    0xfc40, 0xfc40, 0xfc40, 0xfc40, 0xfc40, 0xfc40, 0xfc40, 0xfe30, 0xffff, 0xb5b6, 0x3186, 0x0000,
    0x0000, 0x0000, 0x0000, 0x8c71, 0xf7be, 0xff38, 0xfca3, 0xfc40, 0xfc40, 0xfc40, 0xfc40, 0xfc40,
    0xfc40, 0xfc61, 0xfeb4, 0xffdf, 0xad55, 0x2945, 0x0000, 0x0000, 0x0000, 0x0000, 0x6b4d, 0xe73c,
    0xffde, 0xfd8b, 0xfc40, 0xfc40, 0xfc40, 0xfc40, 0xfc40, 0xfc40, 0xfd27, 0xffbc, 0xef7d, 0x7bef,
    0x0000, 0x0000, 0x0000, 0x0000, 0x0000, 0x3186, 0xad75, 0xffdf, 0xff9b, 0xfd69, 0xfc40, 0xfc40,
    0xfc40, 0xfc40, 0xfd06, 0xff39, 0xffff, 0xc638, 0x4228, 0x0000, 0x0000, 0x0000, 0x0000, 0x0000,
    0x0000, 0x528a, 0xce59, 0xffff, 0xffff, 0xfef6, 0xfdee, 0xfdcd, 0xfeb4, 0xffde, 0xffff, 0xdefb,
    0x6b4d, 0x0000, 0x0000, 0x0000, 0x0000, 0x0000, 0x0000, 0x0000, 0x0000, 0x4a69, 0xbdd7, 0xffdf,
    0xffff, 0xffff, 0xffff, 0xffff, 0xffff, 0xce79, 0x630c, 0x0000, 0x0000, 0x0000, 0x0000, 0x0000,
    0x0000, 0x0000, 0x0000, 0x0000, 0x0000, 0x0000, 0x6b6d, 0xb596, 0xce59, 0xce59, 0xbdd7, 0x7bef,
    0x2945, 0x0000, 0x0000, 0x0000, 0x0000, 0x0000, 0x0000, 0x0000, 0x0000, 0x0000, 0x0000, 0x0000,
    0x0000, 0x0000, 0x0000, 0x0000, 0x0000, 0x0000, 0x0000, 0x0000, 0x0000, 0x0000, 0x0000, 0x0000,
    0x0000, 0x0000, 0x0000, 0x0000, 0x0000, 0x0000, 0x0000, 0x0000, 0x0000, 0x0000, 0x0000, 0x0000,
    0x0000, 0x0000, 0x0000, 0x0000, 0x0000, 0x0000, 0x0000, 0x0000, 0x0000, 0x0000, 0x0000, 0x0000,
    0x0000, 0x0000, 0x0000, 0x0000, 0x0000, 0x0000, 0x0000, 0x0000, 0x0000, 0x0000, 0x0000, 0x0000,
    0x0000, 0x0000, 0x0000, 0x0000, 0x0000, 0x0000, 0x0000, 0x0000, 0x0000, 0x0000, 0x0000, 0x0000,
    0x0000, 0x0000, 0x0000, 0x0000, 0x0000, 0x0000, 0x0000, 0x0000, 0x0000, 0x0000, 0x0000, 0x0000,
    0x0000, 0x0000, 0x0000, 0x0000, 0x0000, 0x0000, 0x0000, 0x0000, 0x0000, 0x0000, 0x0000, 0x0000,
    0x0000, 0x0000, 0x0000, 0x0000, 0x0000, 0x0000, 0x0000, 0x0000, 0x0000, 0x0000, 0x0000, 0x0000,
    0x0000, 0x0000, 0x0000, 0x0000, 0x0000, 0x0000, 0x0000, 0x0000, 0x0000, 0x0000, 0x0000, 0x0000,
    0x0000, 0x0000, 0x0000, 0x0000, 0x0000, 0x0000, 0x0000, 0x0000, 0x0000, 0x0000, 0x0000, 0x0000,
    0x0000, 0x0000, 0x0000, 0x0000, 0x0000, 0x0000, 0x0000, 0x0000, 0x0000, 0x0000, 0x0000, 0x0000,
    0x0000, 0x0000, 0x0000, 0x0000, 0x0000, 0x0000, 0x0000, 0x0000, 0x0000, 0x0000, 0x0000, 0x0000,
    0x0000, 0x0000, 0x0000, 0x0000, 0x0000, 0x0000, 0x0000, 0x0000, 0x0000, 0x0000, 0x0000, 0x0000,
    0x0000, 0x0000, 0x0000, 0x0000, 0x0000, 0x0000, 0x0000, 0x0000, 0x0000, 0x0000, 0x0000, 0x0000,
    0x0000, 0x0000, 0x0000, 0x0000, 0x0000, 0x0000, 0x0000, 0x0000, 0x0000, 0x0000, 0x0000, 0x0000,
    0x0000, 0x0000, 0x0000, 0x0000, 0x0000, 0x0000, 0x0000, 0x0000, 0x0000, 0x0000, 0x0000, 0x0000,
    0x0000, 0x0000, 0x0000, 0x0000, 0x0000, 0x0000, 0x0000, 0x0000, 0x0000, 0x0000, 0x0000};

static const uint16_t image_data_sfc_19x65_f65_colon[1235] = {
    0x0000, 0x0000, 0x0000, 0x0000, 0x0000, 0x0000, 0x0000, 0x0000, 0x0000, 0x0000, 0x0000, 0x0000,
    0x0000, 0x0000, 0x0000, 0x0000, 0x0000, 0x0000, 0x0000, 0x0000, 0x0000, 0x0000, 0x0000, 0x0000,
    0x0000, 0x0000, 0x0000, 0x0000, 0x0000, 0x0000, 0x0000, 0x0000, 0x0000, 0x0000, 0x0000, 0x0000,
    0x0000, 0x0000, 0x0000, 0x0000, 0x0000, 0x0000, 0x0000, 0x0000, 0x0000, 0x0000, 0x0000, 0x0000,
    0x0000, 0x0000, 0x0000, 0x0000, 0x0000, 0x0000, 0x0000, 0x0000, 0x0000, 0x0000, 0x0000, 0x0000,
    0x0000, 0x0000, 0x0000, 0x0000, 0x0000, 0x0000, 0x0000, 0x0000, 0x0000, 0x0000, 0x0000, 0x0000,
    0x0000, 0x0000, 0x0000, 0x0000, 0x0000, 0x0000, 0x0000, 0x0000, 0x0000, 0x0000, 0x0000, 0x0000,
    0x0000, 0x0000, 0x0000, 0x0000, 0x0000, 0x0000, 0x0000, 0x0000, 0x0000, 0x0000, 0x0000, 0x0000,
    0x0000, 0x0000, 0x0000, 0x0000, 0x0000, 0x0000, 0x0000, 0x0000, 0x0000, 0x0000, 0x0000, 0x0000,
    0x0000, 0x0000, 0x0000, 0x0000, 0x0000, 0x0000, 0x0000, 0x0000, 0x0000, 0x0000, 0x0000, 0x0000,
    0x0000, 0x0000, 0x0000, 0x0000, 0x0000, 0x0000, 0x0000, 0x0000, 0x0000, 0x0000, 0x0000, 0x0000,
    0x0000, 0x0000, 0x0000, 0x0000, 0x0000, 0x0000, 0x0000, 0x0000, 0x0000, 0x0000, 0x0000, 0x0000,
    0x0000, 0x0000, 0x0000, 0x0000, 0x0000, 0x0000, 0x0000, 0x0000, 0x0000, 0x0000, 0x0000, 0x0000,
    0x0000, 0x0000, 0x0000, 0x0000, 0x0000, 0x0000, 0x0000, 0x0000, 0x0000, 0x0000, 0x0000, 0x0000,
    0x0000, 0x0000, 0x0000, 0x0000, 0x0000, 0x0000, 0x0000, 0x0000, 0x0000, 0x0000, 0x0000, 0x0000,
    0x0000, 0x0000, 0x0000, 0x0000, 0x0000, 0x0000, 0x0000, 0x0000, 0x0000, 0x0000, 0x0000, 0x0000,
    0x0000, 0x0000, 0x0000, 0x0000, 0x0000, 0x0000, 0x0000, 0x0000, 0x0000, 0x0000, 0x0000, 0x0000,
    0x0000, 0x0000, 0x0000, 0x0000, 0x0000, 0x0000, 0x0000, 0x0000, 0x0000, 0x0000, 0x0000, 0x0000,
    0x5aeb, 0x9cf3, 0xc618, 0xc638, 0xa514, 0x52aa, 0x0000, 0x0000, 0x0000, 0x0000, 0x0000, 0x0000,
    0x0000, 0x0000, 0x0000, 0x0000, 0x0000, 0x528a, 0xbdf7, 0xffdf, 0xffff, 0xffff, 0xffff, 0xffff,
    0xf7be, 0xad75, 0x4208, 0x0000, 0x0000, 0x0000, 0x0000, 0x0000, 0x0000, 0x0000, 0x0000, 0x6b4d,
    0xdefb, 0xffff, 0xffde, 0xfef6, 0xfe0e, 0xfe30, 0xff39, 0xffff, 0xffff, 0xbdd7, 0x4208, 0x0000,
    0x0000, 0x0000, 0x0000, 0x0000, 0x0000, 0x4228, 0xce59, 0xffff, 0xff5a, 0xfd27, 0xfc40, 0xfc40,
    0xfc40, 0xfc40, 0xfdcd, 0xffbd, 0xf7be, 0x9cf3, 0x2945, 0x0000, 0x0000, 0x0000, 0x0000, 0x0000,
    0x8c51, 0xf79e, 0xff9c, 0xfd06, 0xfc40, 0xfc40, 0xfc40, 0xfc40, 0xfc40, 0xfc40, 0xfe0f, 0xffff,
    0xd6ba, 0x528a, 0x0000, 0x0000, 0x0000, 0x0000, 0x2945, 0xad75, 0xffdf, 0xfe93, 0xfc61, 0xfc40,
    0xfc40, 0xfc40, 0xfc40, 0xfc40, 0xfc40, 0xfcc5, 0xff7b, 0xf79e, 0x7bef, 0x0000, 0x0000, 0x0000,
    0x0000, 0x39c7, 0xbdf7, 0xffff, 0xfe0f, 0xfc40, 0xfc40, 0xfc40, 0xfc40, 0xfc40, 0xfc40, 0xfc40,
    0xfc82, 0xff18, 0xf7be, 0x8c51, 0x0000, 0x0000, 0x0000, 0x0000, 0x3186, 0xb5b6, 0xffff, 0xfe31,
    0xfc40, 0xfc40, 0xfc40, 0xfc40, 0xfc40, 0xfc40, 0xfc40, 0xfca3, 0xff39, 0xf79e, 0x8430, 0x0000,
    0x0000, 0x0000, 0x0000, 0x0000, 0x9cf3, 0xffdf, 0xff17, 0xfc82, 0xfc40, 0xfc40, 0xfc40, 0xfc40,
    0xfc40, 0xfc40, 0xfd49, 0xffbd, 0xe73c, 0x6b4d, 0x0000, 0x0000, 0x0000, 0x0000, 0x0000, 0x6b4d,
    0xe73c, 0xffde, 0xfe0f, 0xfc40, 0xfc40, 0xfc40, 0xfc40, 0xfc40, 0xfca3, 0xfef7, 0xffff, 0xc618,
    0x4208, 0x0000, 0x0000, 0x0000, 0x0000, 0x0000, 0x2945, 0x9cf3, 0xf7be, 0xffff, 0xfed5, 0xfd06,
    0xfc40, 0xfc61, 0xfd69, 0xff5a, 0xffff, 0xe71c, 0x6b6d, 0x0000, 0x0000, 0x0000, 0x0000, 0x0000,
    0x0000, 0x0000, 0x39c7, 0xa514, 0xf79e, 0xffff, 0xffff, 0xffff, 0xffff, 0xffff, 0xffff, 0xe73c,
    0x8410, 0x0000, 0x0000, 0x0000, 0x0000, 0x0000, 0x0000, 0x0000, 0x0000, 0x0000, 0x0000, 0x6b4d,
    0xc638, 0xef5d, 0xffff, 0xffff, 0xef7d, 0xbdd7, 0x5aeb, 0x0000, 0x0000, 0x0000, 0x0000, 0x0000,
    0x0000, 0x0000, 0x0000, 0x0000, 0x0000, 0x0000, 0x0000, 0x0000, 0x0000, 0x0000, 0x0000, 0x0000,
    0x0000, 0x0000, 0x0000, 0x0000, 0x0000, 0x0000, 0x0000, 0x0000, 0x0000, 0x0000, 0x0000, 0x0000,
    0x0000, 0x0000, 0x0000, 0x0000, 0x0000, 0x0000, 0x0000, 0x0000, 0x0000, 0x0000, 0x0000, 0x0000,
    0x0000, 0x0000, 0x0000, 0x0000, 0x0000, 0x0000, 0x0000, 0x0000, 0x0000, 0x0000, 0x0000, 0x0000,
    0x0000, 0x0000, 0x0000, 0x0000, 0x0000, 0x0000, 0x0000, 0x0000, 0x0000, 0x0000, 0x0000, 0x0000,
    0x0000, 0x0000, 0x0000, 0x0000, 0x0000, 0x0000, 0x0000, 0x0000, 0x0000, 0x0000, 0x0000, 0x0000,
    0x0000, 0x0000, 0x0000, 0x0000, 0x0000, 0x0000, 0x0000, 0x0000, 0x0000, 0x0000, 0x0000, 0x0000,
    0x0000, 0x0000, 0x0000, 0x0000, 0x0000, 0x0000, 0x0000, 0x0000, 0x0000, 0x0000, 0x0000, 0x0000,
    0x0000, 0x0000, 0x0000, 0x0000, 0x0000, 0x0000, 0x0000, 0x0000, 0x0000, 0x0000, 0x0000, 0x0000,
    0x0000, 0x0000, 0x0000, 0x0000, 0x0000, 0x0000, 0x0000, 0x0000, 0x0000, 0x0000, 0x0000, 0x0000,
    0x0000, 0x0000, 0x0000, 0x0000, 0x0000, 0x0000, 0x0000, 0x0000, 0x0000, 0x0000, 0x0000, 0x0000,
    0x0000, 0x0000, 0x0000, 0x0000, 0x0000, 0x0000, 0x0000, 0x0000, 0x0000, 0x0000, 0x0000, 0x0000,
    0x0000, 0x0000, 0x0000, 0x0000, 0x0000, 0x0000, 0x0000, 0x0000, 0x0000, 0x0000, 0x0000, 0x0000,
    0x0000, 0x0000, 0x0000, 0x0000, 0x0000, 0x0000, 0x0000, 0x0000, 0x0000, 0x0000, 0x0000, 0x0000,
    0x0000, 0x0000, 0x0000, 0x0000, 0x0000, 0x0000, 0x0000, 0x0000, 0x0000, 0x0000, 0x0000, 0x0000,
    0x0000, 0x0000, 0x0000, 0x0000, 0x0000, 0x0000, 0x0000, 0x0000, 0x0000, 0x0000, 0x0000, 0x0000,
    0x0000, 0x0000, 0x0000, 0x0000, 0x8410, 0xd6ba, 0xffdf, 0xffff, 0xffff, 0xf79e, 0xbdf7, 0x630c,
    0x0000, 0x0000, 0x0000, 0x0000, 0x0000, 0x0000, 0x0000, 0x0000, 0x0000, 0x39e7, 0xad75, 0xffdf,
    0xffff, 0xffff, 0xffff, 0xffff, 0xffff, 0xffff, 0xef5d, 0x8410, 0x0000, 0x0000, 0x0000, 0x0000,
    0x0000, 0x0000, 0x0000, 0x2945, 0xa514, 0xf7be, 0xffff, 0xfeb4, 0xfce5, 0xfc40, 0xfc40, 0xfd49,
    0xff59, 0xffff, 0xe73c, 0x738e, 0x0000, 0x0000, 0x0000, 0x0000, 0x0000, 0x0000, 0x6b6d, 0xe73c,
    0xffde, 0xfe0e, 0xfc40, 0xfc40, 0xfc40, 0xfc40, 0xfc40, 0xfc82, 0xfef6, 0xffff, 0xc618, 0x4208,
    0x0000, 0x0000, 0x0000, 0x0000, 0x0000, 0xa514, 0xffdf, 0xff17, 0xfc82, 0xfc40, 0xfc40, 0xfc40,
    0xfc40, 0xfc40, 0xfc40, 0xfd48, 0xffbd, 0xe73c, 0x6b6d, 0x0000, 0x0000, 0x0000, 0x0000, 0x3186,
    0xb5b6, 0xffff, 0xfe30, 0xfc40, 0xfc40, 0xfc40, 0xfc40, 0xfc40, 0xfc40, 0xfc40, 0xfca3, 0xff39,
    0xf7be, 0x8c51, 0x0000, 0x0000, 0x0000, 0x0000, 0x39c7, 0xbdf7, 0xffff, 0xfe0f, 0xfc40, 0xfc40,
    0xfc40, 0xfc40, 0xfc40, 0xfc40, 0xfc40, 0xfc82, 0xff18, 0xf7be, 0x8c51, 0x0000, 0x0000, 0x0000,
    0x0000, 0x2945, 0xad75, 0xffdf, 0xfe94, 0xfc61, 0xfc40, 0xfc40, 0xfc40, 0xfc40, 0xfc40, 0xfc40,
    0xfcc5, 0xff7b, 0xef7d, 0x7bcf, 0x0000, 0x0000, 0x0000, 0x0000, 0x0000, 0x8430, 0xf79e, 0xff9c,
    0xfd27, 0xfc40, 0xfc40, 0xfc40, 0xfc40, 0xfc40, 0xfc40, 0xfe0f, 0xffff, 0xd6ba, 0x528a, 0x0000,
    0x0000, 0x0000, 0x0000, 0x0000, 0x4228, 0xc638, 0xffff, 0xff5a, 0xfd27, 0xfc40, 0xfc40, 0xfc40,
    0xfc40, 0xfdee, 0xffde, 0xf7be, 0x94b2, 0x0000, 0x0000, 0x0000, 0x0000, 0x0000, 0x0000, 0x0000,
    0x632c, 0xdedb, 0xffff, 0xffde, 0xfef7, 0xfe0f, 0xfe51, 0xff5a, 0xffff, 0xffdf, 0xbdd7, 0x4208,
    0x0000, 0x0000, 0x0000, 0x0000, 0x0000, 0x0000, 0x0000, 0x0000, 0x5aeb, 0xce59, 0xffdf, 0xffff,
    0xffff, 0xffff, 0xffff, 0xf79e, 0xa534, 0x39e7, 0x0000, 0x0000, 0x0000, 0x0000, 0x0000, 0x0000,
    0x0000, 0x0000, 0x0000, 0x0000, 0x0000, 0x6b4d, 0xad75, 0xc638, 0xc618, 0x9cf3, 0x4a69, 0x0000,
    0x0000, 0x0000, 0x0000, 0x0000, 0x0000, 0x0000, 0x0000, 0x0000, 0x0000, 0x0000, 0x0000, 0x0000,
    0x0000, 0x0000, 0x0000, 0x0000, 0x0000, 0x0000, 0x0000, 0x0000, 0x0000, 0x0000, 0x0000, 0x0000,
    0x0000, 0x0000, 0x0000, 0x0000, 0x0000, 0x0000, 0x0000, 0x0000, 0x0000, 0x0000, 0x0000, 0x0000,
    0x0000, 0x0000, 0x0000, 0x0000, 0x0000, 0x0000, 0x0000, 0x0000, 0x0000, 0x0000, 0x0000, 0x0000,
    0x0000, 0x0000, 0x0000, 0x0000, 0x0000, 0x0000, 0x0000, 0x0000, 0x0000, 0x0000, 0x0000, 0x0000,
    0x0000, 0x0000, 0x0000, 0x0000, 0x0000, 0x0000, 0x0000, 0x0000, 0x0000, 0x0000, 0x0000, 0x0000,
    0x0000, 0x0000, 0x0000, 0x0000, 0x0000, 0x0000, 0x0000, 0x0000, 0x0000, 0x0000, 0x0000, 0x0000,
    0x0000, 0x0000, 0x0000, 0x0000, 0x0000, 0x0000, 0x0000, 0x0000, 0x0000, 0x0000, 0x0000, 0x0000,
    0x0000, 0x0000, 0x0000, 0x0000, 0x0000, 0x0000, 0x0000, 0x0000, 0x0000, 0x0000, 0x0000, 0x0000,
    0x0000, 0x0000, 0x0000, 0x0000, 0x0000, 0x0000, 0x0000, 0x0000, 0x0000, 0x0000, 0x0000, 0x0000,
    0x0000, 0x0000, 0x0000, 0x0000, 0x0000, 0x0000, 0x0000, 0x0000, 0x0000, 0x0000, 0x0000, 0x0000,
    0x0000, 0x0000, 0x0000, 0x0000, 0x0000, 0x0000, 0x0000, 0x0000, 0x0000, 0x0000, 0x0000, 0x0000,
    0x0000, 0x0000, 0x0000, 0x0000, 0x0000, 0x0000, 0x0000, 0x0000, 0x0000, 0x0000, 0x0000, 0x0000,
    0x0000, 0x0000, 0x0000, 0x0000, 0x0000, 0x0000, 0x0000, 0x0000, 0x0000, 0x0000, 0x0000, 0x0000,
    0x0000, 0x0000, 0x0000, 0x0000, 0x0000, 0x0000, 0x0000, 0x0000, 0x0000, 0x0000, 0x0000, 0x0000,
    0x0000, 0x0000, 0x0000, 0x0000, 0x0000, 0x0000, 0x0000, 0x0000, 0x0000, 0x0000, 0x0000, 0x0000,
    0x0000, 0x0000, 0x0000, 0x0000, 0x0000, 0x0000, 0x0000, 0x0000, 0x0000, 0x0000, 0x0000, 0x0000,
    0x0000, 0x0000, 0x0000, 0x0000, 0x0000, 0x0000, 0x0000, 0x0000, 0x0000, 0x0000, 0x0000, 0x0000,
    0x0000, 0x0000, 0x0000, 0x0000, 0x0000, 0x0000, 0x0000, 0x0000, 0x0000, 0x0000, 0x0000, 0x0000,
    0x0000, 0x0000, 0x0000, 0x0000, 0x0000, 0x0000, 0x0000, 0x0000, 0x0000, 0x0000, 0x0000, 0x0000,
    0x0000, 0x0000, 0x0000, 0x0000, 0x0000, 0x0000, 0x0000, 0x0000, 0x0000, 0x0000, 0x0000, 0x0000,
    0x0000, 0x0000, 0x0000, 0x0000, 0x0000, 0x0000, 0x0000, 0x0000, 0x0000, 0x0000, 0x0000, 0x0000,
    0x0000, 0x0000, 0x0000, 0x0000, 0x0000, 0x0000, 0x0000, 0x0000, 0x0000, 0x0000, 0x0000, 0x0000,
    0x0000, 0x0000, 0x0000, 0x0000, 0x0000, 0x0000, 0x0000, 0x0000, 0x0000, 0x0000, 0x0000, 0x0000,
    0x0000, 0x0000, 0x0000, 0x0000, 0x0000, 0x0000, 0x0000, 0x0000, 0x0000, 0x0000, 0x0000, 0x0000,
    0x0000, 0x0000, 0x0000, 0x0000, 0x0000, 0x0000, 0x0000, 0x0000, 0x0000, 0x0000, 0x0000, 0x0000,
    0x0000, 0x0000, 0x0000, 0x0000, 0x0000, 0x0000, 0x0000, 0x0000, 0x0000, 0x0000, 0x0000, 0x0000,
    0x0000, 0x0000, 0x0000, 0x0000, 0x0000, 0x0000, 0x0000, 0x0000, 0x0000, 0x0000, 0x0000, 0x0000,
    0x0000, 0x0000, 0x0000, 0x0000, 0x0000, 0x0000, 0x0000, 0x0000, 0x0000, 0x0000, 0x0000};

/* Index 0-9 are the digits, 10 the dot, 11 the colon -- the order the
 * sketch used, kept so its drawing code reads the same. */
static const uint16_t* const kGlyphs[12] = {
    image_data_sfc_43x65_f65_0,
    image_data_sfc_43x65_f65_1,
    image_data_sfc_43x65_f65_2,
    image_data_sfc_43x65_f65_3,
    image_data_sfc_43x65_f65_4,
    image_data_sfc_43x65_f65_5,
    image_data_sfc_43x65_f65_6,
    image_data_sfc_43x65_f65_7,
    image_data_sfc_43x65_f65_8,
    image_data_sfc_43x65_f65_9,
    image_data_sfc_19x65_f65_dot,
    image_data_sfc_19x65_f65_colon};

static constexpr int kDigitWidth  = 43;
static constexpr int kNarrowWidth = 19;
static constexpr int kGlyphHeight = 65;
static constexpr int kGlyphDot    = 10;
static constexpr int kGlyphColon  = 11;
